EmployeeID,Gender,Age,BusinessTravel,Department,DistanceFromHomeKM,Education,EducationField,JobRole,Salary,OverTime,HireDate,Attrition,YearsAtCompany,YearsInMostRecentRole,YearsSinceLastPromotion,YearsWithCurrentManager,ReviewDate,EnvironmentSatisfaction,JobSatisfaction,RelationshipSatisfaction,TrainingOpportunitiesWithinYear,TrainingOpportunitiesTaken,WorkLifeBalance,SelfRating,ManagerRating
3012-1A41,Female,30,Some Travel,Sales,27,5,Marketing,Sales Executive,102059,No,03-01-2012,No,10,4,9,7,30-10-2016,3,3,2,3,0,4,3,3
3012-1A41,Female,30,Some Travel,Sales,27,5,Marketing,Sales Executive,102059,No,03-01-2012,No,10,4,9,7,30-10-2017,4,4,5,3,1,2,3,2
79F7-78EC,Non-Binary,27,Some Travel,Sales,37,4,Marketing ,Sales Executive,141998,Yes,14-12-2013,Yes,5,5,5,1,02-01-2013,5,4,5,1,0,4,4,4
79F7-78EC,Non-Binary,27,Some Travel,Sales,37,4,Marketing ,Sales Executive,141998,Yes,14-12-2013,Yes,5,5,5,1,01-01-2017,2,3,1,3,1,4,5,4
79F7-78EC,Non-Binary,27,Some Travel,Sales,37,4,Marketing ,Sales Executive,141998,Yes,14-12-2013,Yes,5,5,5,1,02-01-2014,5,2,2,1,1,5,4,4
79F7-78EC,Non-Binary,27,Some Travel,Sales,37,4,Marketing ,Sales Executive,141998,Yes,14-12-2013,Yes,5,5,5,1,01-01-2018,5,2,5,1,1,2,4,3
CBCB-9C9D,Male,38,Some Travel,Sales,23,4,Marketing,Sales Executive,157718,Yes,04-01-2012,No,10,6,10,0,30-07-2016,3,3,2,2,0,5,4,4
CBCB-9C9D,Male,38,Some Travel,Sales,23,4,Marketing,Sales Executive,157718,Yes,04-01-2012,No,10,6,10,0,30-07-2017,3,5,5,2,0,2,4,3
B61E-0F26,Male,28,Frequent Traveller,Technology,3,3,Business Studies,Software Engineer,58993,Yes,07-11-2014,Yes,7,2,7,1,03-01-2013,5,4,4,1,3,4,4,3
B61E-0F26,Male,28,Frequent Traveller,Technology,3,3,Business Studies,Software Engineer,58993,Yes,07-11-2014,Yes,7,2,7,1,02-01-2017,1,1,4,1,2,4,5,4
B61E-0F26,Male,28,Frequent Traveller,Technology,3,3,Business Studies,Software Engineer,58993,Yes,07-11-2014,Yes,7,2,7,1,03-01-2014,4,4,4,3,2,4,5,4
B61E-0F26,Male,28,Frequent Traveller,Technology,3,3,Business Studies,Software Engineer,58993,Yes,07-11-2014,Yes,7,2,7,1,02-01-2018,4,4,2,2,1,4,4,3
95D7-1CE9,Male,43,Some Travel,Human Resources,29,4,Marketing ,HR Business Partner,309964,No,04-01-2012,No,10,6,10,8,08-04-2016,3,3,2,1,0,2,3,2
95D7-1CE9,Male,43,Some Travel,Human Resources,29,4,Marketing ,HR Business Partner,309964,No,04-01-2012,No,10,6,10,8,08-04-2017,4,4,3,2,2,5,4,4
95D7-1CE9,Male,43,Some Travel,Human Resources,29,4,Marketing ,HR Business Partner,309964,No,04-01-2012,No,10,6,10,8,08-04-2018,5,4,4,2,2,5,3,2
F5E3-48BB,Female,25,Frequent Traveller,Human Resources,3,3,Human Resources,Recruiter,23547,No,13-01-2015,Yes,3,0,2,1,03-01-2013,3,4,5,3,2,3,5,4
F5E3-48BB,Female,25,Frequent Traveller,Human Resources,3,3,Human Resources,Recruiter,23547,No,13-01-2015,Yes,3,0,2,1,02-01-2017,2,2,3,1,2,1,5,4
F5E3-48BB,Female,25,Frequent Traveller,Human Resources,3,3,Human Resources,Recruiter,23547,No,13-01-2015,Yes,3,0,2,1,03-01-2014,4,3,2,2,1,3,4,4
F5E3-48BB,Female,25,Frequent Traveller,Human Resources,3,3,Human Resources,Recruiter,23547,No,13-01-2015,Yes,3,0,2,1,02-01-2018,4,2,4,1,2,3,3,3
47A0-559B,Non-Binary,39,Some Travel,Technology,12,3,Computer Science,Engineering Manager,293132,No,05-01-2012,No,10,10,10,0,27-03-2016,3,5,3,3,0,2,3,3
47A0-559B,Non-Binary,39,Some Travel,Technology,12,3,Computer Science,Engineering Manager,293132,No,05-01-2012,No,10,10,10,0,27-03-2017,4,5,5,1,1,5,4,3
47A0-559B,Non-Binary,39,Some Travel,Technology,12,3,Computer Science,Engineering Manager,293132,No,05-01-2012,No,10,10,10,0,27-03-2018,4,3,4,3,1,2,4,4
0678-748A,Male,25,Some Travel,Sales,4,2,Economics,Sales Executive,57698,Yes,11-05-2015,Yes,6,5,6,2,04-01-2013,5,3,2,2,0,2,3,2
0678-748A,Male,25,Some Travel,Sales,4,2,Economics,Sales Executive,57698,Yes,11-05-2015,Yes,6,5,6,2,03-01-2017,3,2,3,3,2,2,3,3
0678-748A,Male,25,Some Travel,Sales,4,2,Economics,Sales Executive,57698,Yes,11-05-2015,Yes,6,5,6,2,04-01-2014,5,3,5,3,3,4,3,2
0678-748A,Male,25,Some Travel,Sales,4,2,Economics,Sales Executive,57698,Yes,11-05-2015,Yes,6,5,6,2,03-01-2018,4,2,4,3,2,5,4,3
42CC-040A,Female,29,Some Travel,Human Resources,29,2,Technical Degree,Recruiter,49606,No,05-01-2012,Yes,6,1,1,6,13-05-2016,4,3,2,1,0,5,3,2
42CC-040A,Female,29,Some Travel,Human Resources,29,2,Technical Degree,Recruiter,49606,No,05-01-2012,Yes,6,1,1,6,14-05-2013,5,2,4,2,1,5,4,3
42CC-040A,Female,29,Some Travel,Human Resources,29,2,Technical Degree,Recruiter,49606,No,05-01-2012,Yes,6,1,1,6,13-05-2017,4,3,5,1,2,4,4,3
541F-3E19,Female,27,Some Travel,Technology,30,1,Information Systems,Data Scientist,49374,Yes,02-04-2014,Yes,1,0,0,1,04-01-2013,5,2,3,1,0,4,4,3
541F-3E19,Female,27,Some Travel,Technology,30,1,Information Systems,Data Scientist,49374,Yes,02-04-2014,Yes,1,0,0,1,03-01-2017,3,4,5,3,1,5,3,3
541F-3E19,Female,27,Some Travel,Technology,30,1,Information Systems,Data Scientist,49374,Yes,02-04-2014,Yes,1,0,0,1,04-01-2014,5,5,5,2,1,2,5,5
541F-3E19,Female,27,Some Travel,Technology,30,1,Information Systems,Data Scientist,49374,Yes,02-04-2014,Yes,1,0,0,1,03-01-2018,4,4,2,1,0,4,3,2
C219-6C2E,Male,34,Some Travel,Sales,30,2,Marketing,Sales Executive,133468,No,05-01-2012,No,10,3,7,9,22-11-2016,4,4,2,3,1,5,4,4
C219-6C2E,Male,34,Some Travel,Sales,30,2,Marketing,Sales Executive,133468,No,05-01-2012,No,10,3,7,9,22-11-2017,5,5,2,1,2,4,5,4
F93E-BDEF,Male,43,Some Travel,Technology,17,4,Information Systems,Machine Learning Engineer,130848,Yes,09-02-2014,No,8,8,8,8,04-01-2013,3,3,2,2,0,4,4,4
F93E-BDEF,Male,43,Some Travel,Technology,17,4,Information Systems,Machine Learning Engineer,130848,Yes,09-02-2014,No,8,8,8,8,03-01-2017,3,5,5,1,2,2,5,5
F93E-BDEF,Male,43,Some Travel,Technology,17,4,Information Systems,Machine Learning Engineer,130848,Yes,09-02-2014,No,8,8,8,8,04-01-2014,5,5,5,2,2,2,3,2
F93E-BDEF,Male,43,Some Travel,Technology,17,4,Information Systems,Machine Learning Engineer,130848,Yes,09-02-2014,No,8,8,8,8,03-01-2018,5,4,4,2,3,5,5,4
D906-B674,Female,42,No Travel ,Technology,45,3,Information Systems,Engineering Manager,259284,No,09-01-2012,No,10,2,6,6,17-07-2016,3,3,3,2,1,3,5,4
D906-B674,Female,42,No Travel ,Technology,45,3,Information Systems,Engineering Manager,259284,No,09-01-2012,No,10,2,6,6,17-07-2017,4,5,5,3,2,4,4,4
9E7A-1F70,Female,29,Some Travel,Sales,4,2,Marketing ,Sales Executive,129356,No,02-05-2012,Yes,5,1,1,2,08-01-2013,3,4,5,2,1,5,4,3
9E7A-1F70,Female,29,Some Travel,Sales,4,2,Marketing ,Sales Executive,129356,No,02-05-2012,Yes,5,1,1,2,07-01-2017,3,4,2,2,1,4,5,4
9E7A-1F70,Female,29,Some Travel,Sales,4,2,Marketing ,Sales Executive,129356,No,02-05-2012,Yes,5,1,1,2,08-01-2014,5,5,2,1,0,5,5,5
9E7A-1F70,Female,29,Some Travel,Sales,4,2,Marketing ,Sales Executive,129356,No,02-05-2012,Yes,5,1,1,2,07-01-2018,3,2,5,1,1,2,5,5
3C7D-86ED,Female,40,Some Travel,Sales,3,2,Other,Sales Executive,104426,No,11-01-2012,No,10,3,4,6,18-02-2017,5,2,2,2,3,5,5,4
3C7D-86ED,Female,40,Some Travel,Sales,3,2,Other,Sales Executive,104426,No,11-01-2012,No,10,3,4,6,18-02-2018,5,5,3,3,1,2,3,2
3C7D-86ED,Female,40,Some Travel,Sales,3,2,Other,Sales Executive,104426,No,11-01-2012,No,10,3,4,6,19-02-2014,5,2,4,1,3,3,3,2
05ED-92F1,Non-Binary,27,Frequent Traveller,Sales,41,3,Marketing,Sales Representative,28984,Yes,10-10-2016,Yes,3,1,1,0,10-01-2013,4,5,4,1,1,3,3,2
05ED-92F1,Non-Binary,27,Frequent Traveller,Sales,41,3,Marketing,Sales Representative,28984,Yes,10-10-2016,Yes,3,1,1,0,09-01-2017,4,5,3,1,1,3,4,3
05ED-92F1,Non-Binary,27,Frequent Traveller,Sales,41,3,Marketing,Sales Representative,28984,Yes,10-10-2016,Yes,3,1,1,0,10-01-2014,5,4,5,1,0,5,4,3
05ED-92F1,Non-Binary,27,Frequent Traveller,Sales,41,3,Marketing,Sales Representative,28984,Yes,10-10-2016,Yes,3,1,1,0,09-01-2018,5,4,3,3,0,5,4,3
3D71-8DC2,Male,38,Some Travel,Sales,20,4,Marketing ,Sales Executive,147098,No,11-01-2012,No,10,5,8,2,05-12-2016,4,2,3,2,0,4,5,5
3D71-8DC2,Male,38,Some Travel,Sales,20,4,Marketing ,Sales Executive,147098,No,11-01-2012,No,10,5,8,2,05-12-2017,3,2,3,3,1,5,3,2
F72D-261D,Male,28,Frequent Traveller,Technology,5,3,Information Systems,Data Scientist,76133,Yes,06-01-2014,Yes,1,0,1,0,10-01-2013,4,5,2,1,1,4,5,4
F72D-261D,Male,28,Frequent Traveller,Technology,5,3,Information Systems,Data Scientist,76133,Yes,06-01-2014,Yes,1,0,1,0,09-01-2017,3,2,5,3,1,5,5,5
F72D-261D,Male,28,Frequent Traveller,Technology,5,3,Information Systems,Data Scientist,76133,Yes,06-01-2014,Yes,1,0,1,0,10-01-2014,3,5,4,1,2,3,4,3
F72D-261D,Male,28,Frequent Traveller,Technology,5,3,Information Systems,Data Scientist,76133,Yes,06-01-2014,Yes,1,0,1,0,09-01-2018,3,5,4,2,1,4,3,2
5476-CA0D,Female,31,Frequent Traveller,Technology,4,2,Information Systems,Data Scientist,69747,No,12-01-2012,Yes,6,5,5,1,05-02-2017,3,4,2,2,0,3,3,2
5476-CA0D,Female,31,Frequent Traveller,Technology,4,2,Information Systems,Data Scientist,69747,No,12-01-2012,Yes,6,5,5,1,06-02-2014,3,5,3,2,1,5,3,2
5476-CA0D,Female,31,Frequent Traveller,Technology,4,2,Information Systems,Data Scientist,69747,No,12-01-2012,Yes,6,5,5,1,05-02-2018,4,3,5,2,0,5,4,3
774E-685D,Male,30,Some Travel,Sales,42,4,Marketing,Sales Executive,148862,Yes,03-11-2013,Yes,2,0,1,1,11-01-2013,5,4,3,2,3,4,5,4
774E-685D,Male,30,Some Travel,Sales,42,4,Marketing,Sales Executive,148862,Yes,03-11-2013,Yes,2,0,1,1,10-01-2017,3,4,3,1,0,5,4,4
774E-685D,Male,30,Some Travel,Sales,42,4,Marketing,Sales Executive,148862,Yes,03-11-2013,Yes,2,0,1,1,11-01-2014,3,5,5,3,1,3,5,5
774E-685D,Male,30,Some Travel,Sales,42,4,Marketing,Sales Executive,148862,Yes,03-11-2013,Yes,2,0,1,1,10-01-2018,4,5,4,2,0,2,4,3
73CF-4956,Female,32,Some Travel,Technology,42,4,Computer Science,Data Scientist,102022,No,12-01-2012,No,10,4,5,8,07-03-2017,3,4,4,2,1,2,3,3
73CF-4956,Female,32,Some Travel,Technology,42,4,Computer Science,Data Scientist,102022,No,12-01-2012,No,10,4,5,8,07-03-2018,4,5,4,3,1,2,5,5
B013-7D0C,Female,28,Some Travel,Technology,24,3,Information Systems,Data Scientist,46313,Yes,30-08-2013,Yes,1,1,1,0,10-04-2013,4,3,3,2,0,4,3,3
B013-7D0C,Female,28,Some Travel,Technology,24,3,Information Systems,Data Scientist,46313,Yes,30-08-2013,Yes,1,1,1,0,09-04-2016,3,5,3,2,0,2,5,5
B013-7D0C,Female,28,Some Travel,Technology,24,3,Information Systems,Data Scientist,46313,Yes,30-08-2013,Yes,1,1,1,0,09-04-2017,4,3,2,2,1,3,4,3
B013-7D0C,Female,28,Some Travel,Technology,24,3,Information Systems,Data Scientist,46313,Yes,30-08-2013,Yes,1,1,1,0,09-04-2018,5,5,5,1,0,4,4,4
277A-A6FA,Female,35,Some Travel,Technology,8,4,Information Systems,Machine Learning Engineer,272175,No,12-01-2012,No,10,7,8,2,03-10-2016,3,2,2,1,2,2,5,5
277A-A6FA,Female,35,Some Travel,Technology,8,4,Information Systems,Machine Learning Engineer,272175,No,12-01-2012,No,10,7,8,2,03-10-2017,3,4,3,1,0,3,3,3
528C-3E0D,Male,30,Some Travel,Technology,4,1,Information Systems,Data Scientist,42045,Yes,15-10-2013,Yes,6,0,3,3,16-03-2016,4,4,2,2,2,4,5,5
528C-3E0D,Male,30,Some Travel,Technology,4,1,Information Systems,Data Scientist,42045,Yes,15-10-2013,Yes,6,0,3,3,16-03-2017,3,2,2,3,2,4,3,3
528C-3E0D,Male,30,Some Travel,Technology,4,1,Information Systems,Data Scientist,42045,Yes,15-10-2013,Yes,6,0,3,3,16-03-2018,3,2,2,3,2,2,4,4
8BAB-B4A6,Male,38,Some Travel,Sales,35,3,Marketing ,Manager,340229,Yes,13-01-2012,No,10,7,9,3,17-01-2017,4,2,4,3,1,3,5,4
8BAB-B4A6,Male,38,Some Travel,Sales,35,3,Marketing ,Manager,340229,Yes,13-01-2012,No,10,7,9,3,18-01-2014,5,4,3,3,0,3,3,3
8BAB-B4A6,Male,38,Some Travel,Sales,35,3,Marketing ,Manager,340229,Yes,13-01-2012,No,10,7,9,3,17-01-2018,5,5,3,2,0,5,5,4
8BAB-B4A6,Male,38,Some Travel,Sales,35,3,Marketing ,Manager,340229,Yes,13-01-2012,No,10,7,9,3,18-01-2013,3,4,4,3,2,3,5,4
D077-169C,Male,46,Some Travel,Sales,20,2,Technical Degree,Sales Executive,150731,No,06-03-2012,No,10,8,9,3,17-03-2016,3,5,3,2,2,3,5,5
D077-169C,Male,46,Some Travel,Sales,20,2,Technical Degree,Sales Executive,150731,No,06-03-2012,No,10,8,9,3,17-03-2017,4,2,2,2,0,2,5,4
D077-169C,Male,46,Some Travel,Sales,20,2,Technical Degree,Sales Executive,150731,No,06-03-2012,No,10,8,9,3,17-03-2018,3,2,3,3,3,5,5,4
111D-E5EF,Non-Binary,37,Some Travel,Technology,3,3,Computer Science,Software Engineer,48395,No,15-01-2012,No,10,2,2,4,15-02-2017,4,5,5,1,2,4,5,4
111D-E5EF,Non-Binary,37,Some Travel,Technology,3,3,Computer Science,Software Engineer,48395,No,15-01-2012,No,10,2,2,4,15-02-2018,4,4,3,3,3,5,5,4
111D-E5EF,Non-Binary,37,Some Travel,Technology,3,3,Computer Science,Software Engineer,48395,No,15-01-2012,No,10,2,2,4,16-02-2014,5,4,3,2,0,3,3,3
9727-BC84,Male,31,Some Travel,Sales,15,3,Marketing,Sales Executive,187930,No,07-04-2012,Yes,3,2,2,0,18-03-2016,4,3,3,2,2,2,4,3
9727-BC84,Male,31,Some Travel,Sales,15,3,Marketing,Sales Executive,187930,No,07-04-2012,Yes,3,2,2,0,18-03-2017,4,2,1,1,1,3,5,4
9727-BC84,Male,31,Some Travel,Sales,15,3,Marketing,Sales Executive,187930,No,07-04-2012,Yes,3,2,2,0,18-03-2018,4,3,4,2,1,4,3,3
97F4-0B14,Male,33,Some Travel,Technology,4,4,Other,Senior Software Engineer,97126,No,15-01-2012,No,10,8,10,2,15-02-2017,3,3,3,3,0,3,5,4
97F4-0B14,Male,33,Some Travel,Technology,4,4,Other,Senior Software Engineer,97126,No,15-01-2012,No,10,8,10,2,15-02-2018,3,2,3,1,2,5,4,3
DA8E-9496,Male,27,Some Travel,Technology,22,2,Computer Science,Data Scientist,56449,Yes,04-10-2016,Yes,3,1,1,2,18-03-2016,3,5,4,1,0,5,5,5
DA8E-9496,Male,27,Some Travel,Technology,22,2,Computer Science,Data Scientist,56449,Yes,04-10-2016,Yes,3,1,1,2,18-03-2017,1,2,4,2,1,4,3,3
DA8E-9496,Male,27,Some Travel,Technology,22,2,Computer Science,Data Scientist,56449,Yes,04-10-2016,Yes,3,1,1,2,18-03-2018,4,3,5,1,0,3,4,3
5C03-1009,Female,42,Some Travel,Technology,21,3,Information Systems,Engineering Manager,316208,No,17-01-2012,No,10,8,8,7,13-04-2016,3,2,5,1,2,5,5,4
5C03-1009,Female,42,Some Travel,Technology,21,3,Information Systems,Engineering Manager,316208,No,17-01-2012,No,10,8,8,7,13-04-2017,3,5,5,3,1,5,3,3
5C03-1009,Female,42,Some Travel,Technology,21,3,Information Systems,Engineering Manager,316208,No,17-01-2012,No,10,8,8,7,13-04-2018,4,4,5,3,3,3,4,4
DEC5-9319,Male,23,Some Travel,Technology,5,3,Information Systems,Software Engineer,63709,No,14-04-2017,Yes,1,0,0,0,18-03-2016,3,4,3,2,3,2,4,4
DEC5-9319,Male,23,Some Travel,Technology,5,3,Information Systems,Software Engineer,63709,No,14-04-2017,Yes,1,0,0,0,18-03-2017,2,2,4,2,2,1,5,4
DEC5-9319,Male,23,Some Travel,Technology,5,3,Information Systems,Software Engineer,63709,No,14-04-2017,Yes,1,0,0,0,18-03-2018,3,3,5,1,1,5,3,2
BD1B-53A3,Male,43,Some Travel,Sales,27,3,Marketing,Sales Executive,128885,Yes,17-01-2012,No,10,1,10,2,23-05-2016,5,4,2,1,1,5,4,3
BD1B-53A3,Male,43,Some Travel,Sales,27,3,Marketing,Sales Executive,128885,Yes,17-01-2012,No,10,1,10,2,23-05-2017,4,3,2,1,0,4,4,3
88B8-EB84,Female,34,Some Travel,Technology,41,2,Information Systems,Engineering Manager,357371,No,24-03-2012,No,10,9,9,3,19-03-2016,3,4,2,3,1,4,5,5
88B8-EB84,Female,34,Some Travel,Technology,41,2,Information Systems,Engineering Manager,357371,No,24-03-2012,No,10,9,9,3,19-03-2017,5,3,4,1,0,2,5,4
88B8-EB84,Female,34,Some Travel,Technology,41,2,Information Systems,Engineering Manager,357371,No,24-03-2012,No,10,9,9,3,19-03-2018,4,2,5,2,1,5,4,4
DFA9-990E,Male,43,No Travel ,Sales,34,4,Marketing ,Sales Executive,108315,No,17-01-2012,No,10,9,10,10,05-12-2016,4,4,5,2,0,2,4,4
DFA9-990E,Male,43,No Travel ,Sales,34,4,Marketing ,Sales Executive,108315,No,17-01-2012,No,10,9,10,10,05-12-2017,4,2,4,2,1,4,5,4
9C57-828C,Male,31,Some Travel,Technology,39,3,Computer Science,Senior Software Engineer,242890,No,11-07-2013,No,9,3,3,9,19-03-2016,5,4,2,1,1,2,3,3
9C57-828C,Male,31,Some Travel,Technology,39,3,Computer Science,Senior Software Engineer,242890,No,11-07-2013,No,9,3,3,9,19-03-2017,4,4,5,1,1,5,4,4
9C57-828C,Male,31,Some Travel,Technology,39,3,Computer Science,Senior Software Engineer,242890,No,11-07-2013,No,9,3,3,9,19-03-2018,3,5,5,1,0,4,5,4
ED73-F078,Female,45,Frequent Traveller,Technology,19,1,Computer Science,Software Engineer,136521,No,18-01-2012,No,10,3,6,1,04-08-2016,4,4,3,3,3,5,3,3
ED73-F078,Female,45,Frequent Traveller,Technology,19,1,Computer Science,Software Engineer,136521,No,18-01-2012,No,10,3,6,1,04-08-2017,5,2,4,1,0,3,4,4
E1B4-9AA1,Female,46,Some Travel,Sales,36,3,Marketing ,Sales Executive,96188,Yes,26-04-2012,Yes,9,8,9,5,22-03-2016,5,4,3,3,2,3,4,3
E1B4-9AA1,Female,46,Some Travel,Sales,36,3,Marketing ,Sales Executive,96188,Yes,26-04-2012,Yes,9,8,9,5,22-03-2017,4,5,3,3,1,2,3,2
E1B4-9AA1,Female,46,Some Travel,Sales,36,3,Marketing ,Sales Executive,96188,Yes,26-04-2012,Yes,9,8,9,5,22-03-2018,5,3,4,1,0,2,5,4
C6EC-FEB5,Female,38,Some Travel,Sales,1,1,Economics,Sales Executive,151141,No,19-01-2012,No,10,3,6,9,07-12-2016,5,3,5,3,1,5,4,3
C6EC-FEB5,Female,38,Some Travel,Sales,1,1,Economics,Sales Executive,151141,No,19-01-2012,No,10,3,6,9,07-12-2017,5,2,5,3,0,4,4,3
3CD6-5587,Female,31,Some Travel,Technology,20,2,Computer Science,Software Engineer,59697,Yes,02-02-2012,Yes,7,5,6,0,23-03-2016,5,4,2,2,0,4,4,3
3CD6-5587,Female,31,Some Travel,Technology,20,2,Computer Science,Software Engineer,59697,Yes,02-02-2012,Yes,7,5,6,0,23-03-2017,4,3,5,2,3,2,5,4
3CD6-5587,Female,31,Some Travel,Technology,20,2,Computer Science,Software Engineer,59697,Yes,02-02-2012,Yes,7,5,6,0,23-03-2018,3,4,2,3,2,5,4,3
D7EE-56FC,Female,39,Frequent Traveller,Sales,17,2,Technical Degree,Sales Executive,107863,Yes,19-01-2012,Yes,8,8,8,5,02-02-2017,5,5,3,1,3,4,5,4
D7EE-56FC,Female,39,Frequent Traveller,Sales,17,2,Technical Degree,Sales Executive,107863,Yes,19-01-2012,Yes,8,8,8,5,03-02-2014,4,4,5,1,1,2,4,3
D7EE-56FC,Female,39,Frequent Traveller,Sales,17,2,Technical Degree,Sales Executive,107863,Yes,19-01-2012,Yes,8,8,8,5,02-02-2018,5,2,2,1,0,4,3,2
BAFA-86DF,Male,26,No Travel ,Technology,15,4,Business Studies,Software Engineer,35373,Yes,02-08-2017,Yes,4,3,3,0,23-03-2016,3,3,4,2,1,2,3,3
BAFA-86DF,Male,26,No Travel ,Technology,15,4,Business Studies,Software Engineer,35373,Yes,02-08-2017,Yes,4,3,3,0,23-03-2017,5,5,5,3,1,4,3,2
BAFA-86DF,Male,26,No Travel ,Technology,15,4,Business Studies,Software Engineer,35373,Yes,02-08-2017,Yes,4,3,3,0,23-03-2018,4,5,2,1,1,4,4,4
C395-8C36,Male,33,Some Travel,Human Resources,3,1,Technical Degree,Recruiter,53616,Yes,19-01-2012,No,10,2,3,7,17-11-2016,4,2,5,3,0,2,3,3
C395-8C36,Male,33,Some Travel,Human Resources,3,1,Technical Degree,Recruiter,53616,Yes,19-01-2012,No,10,2,3,7,17-11-2017,5,5,3,1,3,3,5,4
152E-8DB1,Female,31,Some Travel,Technology,14,1,Other,Software Engineer,63482,No,23-04-2012,Yes,1,0,1,1,12-04-2013,5,2,5,1,0,5,5,4
152E-8DB1,Female,31,Some Travel,Technology,14,1,Other,Software Engineer,63482,No,23-04-2012,Yes,1,0,1,1,11-04-2016,5,3,2,1,1,4,3,3
152E-8DB1,Female,31,Some Travel,Technology,14,1,Other,Software Engineer,63482,No,23-04-2012,Yes,1,0,1,1,11-04-2017,5,2,4,2,0,4,4,4
152E-8DB1,Female,31,Some Travel,Technology,14,1,Other,Software Engineer,63482,No,23-04-2012,Yes,1,0,1,1,11-04-2018,4,3,3,3,3,2,5,5
E348-E12B,Male,36,No Travel ,Technology,36,2,Information Systems,Software Engineer,61298,Yes,19-01-2012,No,10,3,9,3,22-02-2017,5,5,2,3,3,3,4,3
E348-E12B,Male,36,No Travel ,Technology,36,2,Information Systems,Software Engineer,61298,Yes,19-01-2012,No,10,3,9,3,22-02-2018,5,4,3,3,1,5,5,5
C6D7-A568,Female,42,No Travel ,Sales,10,2,Marketing ,Sales Representative,48922,No,07-05-2012,No,10,3,9,9,23-03-2016,4,2,3,3,0,2,4,4
C6D7-A568,Female,42,No Travel ,Sales,10,2,Marketing ,Sales Representative,48922,No,07-05-2012,No,10,3,9,9,23-03-2017,3,2,3,3,1,4,3,2
C6D7-A568,Female,42,No Travel ,Sales,10,2,Marketing ,Sales Representative,48922,No,07-05-2012,No,10,3,9,9,23-03-2018,5,2,2,1,1,2,4,3
B3AF-7E58,Female,45,Some Travel,Human Resources,34,2,Human Resources,Recruiter,54132,Yes,20-01-2012,No,10,10,10,10,01-06-2016,4,5,3,1,1,5,4,4
B3AF-7E58,Female,45,Some Travel,Human Resources,34,2,Human Resources,Recruiter,54132,Yes,20-01-2012,No,10,10,10,10,01-06-2017,3,5,5,3,0,3,3,2
5160-53BD,Non-Binary,29,Some Travel,Technology,24,3,Computer Science,Software Engineer,41307,No,19-08-2014,Yes,0,0,0,0,24-03-2016,4,2,5,1,2,2,5,5
5160-53BD,Non-Binary,29,Some Travel,Technology,24,3,Computer Science,Software Engineer,41307,No,19-08-2014,Yes,0,0,0,0,24-03-2017,5,5,2,3,0,5,5,5
5160-53BD,Non-Binary,29,Some Travel,Technology,24,3,Computer Science,Software Engineer,41307,No,19-08-2014,Yes,0,0,0,0,24-03-2018,4,4,3,1,3,5,5,5
469A-8121,Male,30,Some Travel,Technology,36,4,Information Systems,Engineering Manager,328415,No,20-01-2012,No,10,1,10,1,27-09-2016,4,2,4,1,0,4,3,2
469A-8121,Male,30,Some Travel,Technology,36,4,Information Systems,Engineering Manager,328415,No,20-01-2012,No,10,1,10,1,27-09-2017,5,2,4,2,0,4,4,4
81FF-8D6C,Female,24,Some Travel,Sales,13,3,Economics,Sales Representative,24095,No,28-04-2018,Yes,2,2,2,1,24-03-2016,3,4,3,2,0,4,5,4
81FF-8D6C,Female,24,Some Travel,Sales,13,3,Economics,Sales Representative,24095,No,28-04-2018,Yes,2,2,2,1,24-03-2017,3,3,4,2,0,4,4,3
81FF-8D6C,Female,24,Some Travel,Sales,13,3,Economics,Sales Representative,24095,No,28-04-2018,Yes,2,2,2,1,24-03-2018,4,4,5,3,0,4,4,3
9E22-6287,Non-Binary,48,Some Travel,Technology,37,3,Computer Science,Machine Learning Engineer,145337,No,21-01-2012,No,10,10,10,0,29-10-2016,3,4,2,1,0,3,3,3
9E22-6287,Non-Binary,48,Some Travel,Technology,37,3,Computer Science,Machine Learning Engineer,145337,No,21-01-2012,No,10,10,10,0,29-10-2017,4,5,5,2,1,5,4,4
84E7-02D4,Male,26,Some Travel,Technology,41,5,Business Studies,Machine Learning Engineer,161600,No,07-12-2017,Yes,5,0,2,0,25-03-2016,3,5,3,1,1,4,3,3
84E7-02D4,Male,26,Some Travel,Technology,41,5,Business Studies,Machine Learning Engineer,161600,No,07-12-2017,Yes,5,0,2,0,25-03-2017,3,5,2,3,1,4,3,2
84E7-02D4,Male,26,Some Travel,Technology,41,5,Business Studies,Machine Learning Engineer,161600,No,07-12-2017,Yes,5,0,2,0,25-03-2018,4,4,3,2,2,3,3,3
D5DA-363A,Male,33,Some Travel,Sales,41,2,Marketing,Sales Executive,71201,No,24-01-2012,No,10,8,10,4,06-01-2017,5,4,4,1,3,4,5,5
D5DA-363A,Male,33,Some Travel,Sales,41,2,Marketing,Sales Executive,71201,No,24-01-2012,No,10,8,10,4,06-01-2018,5,3,3,2,1,3,3,2
6010-A052,Female,20,Some Travel,Technology,26,4,Business Studies,Software Engineer,37094,No,02-03-2020,Yes,1,0,0,0,25-03-2016,3,3,3,2,1,5,5,5
6010-A052,Female,20,Some Travel,Technology,26,4,Business Studies,Software Engineer,37094,No,02-03-2020,Yes,1,0,0,0,25-03-2017,4,4,4,1,1,3,5,4
6010-A052,Female,20,Some Travel,Technology,26,4,Business Studies,Software Engineer,37094,No,02-03-2020,Yes,1,0,0,0,25-03-2018,5,2,4,1,0,3,5,5
BFF3-AADC,Female,31,No Travel ,Human Resources,25,2,Marketing ,Recruiter,55682,No,25-01-2012,No,10,0,2,0,09-11-2016,3,5,4,1,2,3,3,2
BFF3-AADC,Female,31,No Travel ,Human Resources,25,2,Marketing ,Recruiter,55682,No,25-01-2012,No,10,0,2,0,09-11-2017,4,3,5,3,3,4,4,3
6176-3BEE,Male,29,Some Travel,Sales,20,3,Marketing ,Sales Executive,149688,Yes,04-02-2013,Yes,2,2,2,2,27-03-2016,5,3,2,2,0,5,5,4
6176-3BEE,Male,29,Some Travel,Sales,20,3,Marketing ,Sales Executive,149688,Yes,04-02-2013,Yes,2,2,2,2,27-03-2017,4,2,3,1,2,5,4,4
6176-3BEE,Male,29,Some Travel,Sales,20,3,Marketing ,Sales Executive,149688,Yes,04-02-2013,Yes,2,2,2,2,27-03-2018,3,3,5,2,1,5,4,3
C0BE-FED0,Male,40,Some Travel,Sales,35,2,Marketing,Sales Representative,63455,Yes,26-01-2012,No,10,4,8,7,19-07-2016,3,2,4,1,0,3,4,3
C0BE-FED0,Male,40,Some Travel,Sales,35,2,Marketing,Sales Representative,63455,Yes,26-01-2012,No,10,4,8,7,19-07-2017,4,4,1,2,2,1,3,2
D565-284D,Female,47,Frequent Traveller,Sales,21,3,Economics,Sales Executive,65626,No,27-01-2012,No,10,2,5,1,25-07-2016,3,2,4,2,1,3,3,2
D565-284D,Female,47,Frequent Traveller,Sales,21,3,Economics,Sales Executive,65626,No,27-01-2012,No,10,2,5,1,25-07-2017,5,4,5,3,0,4,5,5
A954-6310,Female,29,Some Travel,Technology,45,3,Computer Science,Machine Learning Engineer,207952,Yes,17-08-2013,No,9,9,9,7,27-03-2016,4,3,4,2,1,5,4,3
A954-6310,Female,29,Some Travel,Technology,45,3,Computer Science,Machine Learning Engineer,207952,Yes,17-08-2013,No,9,9,9,7,27-03-2017,3,2,3,1,2,5,4,3
A954-6310,Female,29,Some Travel,Technology,45,3,Computer Science,Machine Learning Engineer,207952,Yes,17-08-2013,No,9,9,9,7,27-03-2018,3,2,5,3,1,5,5,4
00D4-DD53,Female,30,Frequent Traveller,Technology,44,1,Computer Science,Software Engineer,68508,Yes,28-01-2012,Yes,5,4,4,4,28-02-2017,5,4,2,2,1,4,5,5
00D4-DD53,Female,30,Frequent Traveller,Technology,44,1,Computer Science,Software Engineer,68508,Yes,28-01-2012,Yes,5,4,4,4,28-02-2018,5,4,4,3,2,2,4,3
00D4-DD53,Female,30,Frequent Traveller,Technology,44,1,Computer Science,Software Engineer,68508,Yes,28-01-2012,Yes,5,4,4,4,01-03-2014,4,5,2,3,1,5,3,2
C525-8BB9,Male,29,Some Travel,Technology,14,3,Other,Data Scientist,70872,No,10-04-2013,No,9,2,7,9,27-03-2016,3,4,4,1,2,3,4,3
C525-8BB9,Male,29,Some Travel,Technology,14,3,Other,Data Scientist,70872,No,10-04-2013,No,9,2,7,9,27-03-2017,4,4,3,3,1,3,5,5
C525-8BB9,Male,29,Some Travel,Technology,14,3,Other,Data Scientist,70872,No,10-04-2013,No,9,2,7,9,27-03-2018,5,2,5,1,3,2,4,4
7FFD-C810,Female,32,Some Travel,Technology,22,2,Other,Data Scientist,75821,No,30-01-2012,No,10,1,5,1,21-11-2016,5,3,5,2,1,3,5,4
7FFD-C810,Female,32,Some Travel,Technology,22,2,Other,Data Scientist,75821,No,30-01-2012,No,10,1,5,1,21-11-2017,5,4,5,1,1,2,5,4
9AAB-DCD0,Female,28,Some Travel,Technology,14,2,Business Studies,Software Engineer,105984,Yes,04-02-2012,No,10,7,9,10,28-03-2016,4,4,2,2,1,5,5,4
9AAB-DCD0,Female,28,Some Travel,Technology,14,2,Business Studies,Software Engineer,105984,Yes,04-02-2012,No,10,7,9,10,28-03-2017,3,5,4,2,0,4,3,3
9AAB-DCD0,Female,28,Some Travel,Technology,14,2,Business Studies,Software Engineer,105984,Yes,04-02-2012,No,10,7,9,10,28-03-2018,5,3,2,3,1,3,4,4
07B2-D67A,Male,44,Some Travel,Sales,40,2,Economics,Manager,285620,No,30-01-2012,No,10,6,8,4,02-04-2016,4,4,5,3,1,4,5,4
07B2-D67A,Male,44,Some Travel,Sales,40,2,Economics,Manager,285620,No,30-01-2012,No,10,6,8,4,02-04-2017,3,5,3,1,3,3,4,4
07B2-D67A,Male,44,Some Travel,Sales,40,2,Economics,Manager,285620,No,30-01-2012,No,10,6,8,4,02-04-2018,3,4,2,3,0,4,3,2
52CC-3E9E,Male,30,Frequent Traveller,Technology,13,4,Computer Science,Software Engineer,40321,Yes,26-08-2013,Yes,5,0,0,3,13-04-2013,3,3,3,3,1,5,3,3
52CC-3E9E,Male,30,Frequent Traveller,Technology,13,4,Computer Science,Software Engineer,40321,Yes,26-08-2013,Yes,5,0,0,3,12-04-2016,3,3,4,1,1,3,3,2
52CC-3E9E,Male,30,Frequent Traveller,Technology,13,4,Computer Science,Software Engineer,40321,Yes,26-08-2013,Yes,5,0,0,3,12-04-2017,3,2,5,3,1,3,3,2
52CC-3E9E,Male,30,Frequent Traveller,Technology,13,4,Computer Science,Software Engineer,40321,Yes,26-08-2013,Yes,5,0,0,3,12-04-2018,5,3,2,1,1,3,4,4
1749-81A2,Female,48,Some Travel,Technology,17,3,Information Systems,Software Engineer,65860,No,01-02-2012,No,10,6,7,1,23-11-2016,3,4,5,3,0,3,4,4
1749-81A2,Female,48,Some Travel,Technology,17,3,Information Systems,Software Engineer,65860,No,01-02-2012,No,10,6,7,1,23-11-2017,3,4,4,2,1,4,5,5
00E4-3D60,Female,30,Frequent Traveller,Technology,37,1,Business Studies,Data Scientist,109778,No,23-06-2022,Yes,0,0,0,0,29-03-2016,3,3,5,3,0,3,5,4
00E4-3D60,Female,30,Frequent Traveller,Technology,37,1,Business Studies,Data Scientist,109778,No,23-06-2022,Yes,0,0,0,0,29-03-2017,5,3,4,3,2,4,4,3
00E4-3D60,Female,30,Frequent Traveller,Technology,37,1,Business Studies,Data Scientist,109778,No,23-06-2022,Yes,0,0,0,0,29-03-2018,4,3,4,1,0,4,4,3
FF14-A43E,Male,47,Some Travel,Technology,41,1,Computer Science,Data Scientist,40786,No,01-02-2012,No,10,3,5,5,14-01-2017,5,2,3,2,0,3,4,3
FF14-A43E,Male,47,Some Travel,Technology,41,1,Computer Science,Data Scientist,40786,No,01-02-2012,No,10,3,5,5,14-01-2018,5,3,2,1,0,2,3,3
03C5-51AD,Female,25,Some Travel,Technology,1,2,Computer Science,Data Scientist,32354,Yes,06-12-2015,Yes,7,4,6,2,30-03-2016,4,4,3,2,0,4,5,4
03C5-51AD,Female,25,Some Travel,Technology,1,2,Computer Science,Data Scientist,32354,Yes,06-12-2015,Yes,7,4,6,2,30-03-2017,5,3,5,1,0,5,3,3
03C5-51AD,Female,25,Some Travel,Technology,1,2,Computer Science,Data Scientist,32354,Yes,06-12-2015,Yes,7,4,6,2,30-03-2018,3,4,5,3,1,5,5,5
A807-DE5D,Non-Binary,47,Some Travel,Technology,13,3,Computer Science,Data Scientist,61915,No,07-01-2014,No,8,2,4,7,30-03-2016,3,5,4,3,2,5,3,3
A807-DE5D,Non-Binary,47,Some Travel,Technology,13,3,Computer Science,Data Scientist,61915,No,07-01-2014,No,8,2,4,7,30-03-2017,4,5,4,1,0,3,4,3
A807-DE5D,Non-Binary,47,Some Travel,Technology,13,3,Computer Science,Data Scientist,61915,No,07-01-2014,No,8,2,4,7,30-03-2018,4,4,4,3,0,3,3,3
4FC2-A40D,Female,32,No Travel ,Technology,12,3,Computer Science,Engineering Manager,316725,No,02-02-2012,No,10,6,10,2,10-11-2016,4,2,2,1,3,2,3,2
4FC2-A40D,Female,32,No Travel ,Technology,12,3,Computer Science,Engineering Manager,316725,No,02-02-2012,No,10,6,10,2,10-11-2017,5,4,4,2,0,5,3,2
DD04-BDF8,Male,25,Some Travel,Human Resources,44,4,Economics,HR Executive,132102,No,23-04-2017,No,5,5,5,0,30-03-2016,5,4,2,2,0,2,4,3
DD04-BDF8,Male,25,Some Travel,Human Resources,44,4,Economics,HR Executive,132102,No,23-04-2017,No,5,5,5,0,30-03-2017,4,3,3,3,3,4,3,2
DD04-BDF8,Male,25,Some Travel,Human Resources,44,4,Economics,HR Executive,132102,No,23-04-2017,No,5,5,5,0,30-03-2018,4,4,4,3,1,2,3,2
8FD9-AA59,Non-Binary,26,Frequent Traveller,Sales,14,4,Marketing ,Sales Executive,71349,No,20-06-2014,Yes,7,2,2,1,31-03-2016,5,2,5,1,1,2,5,4
8FD9-AA59,Non-Binary,26,Frequent Traveller,Sales,14,4,Marketing ,Sales Executive,71349,No,20-06-2014,Yes,7,2,2,1,31-03-2017,4,2,3,1,0,2,5,5
8FD9-AA59,Non-Binary,26,Frequent Traveller,Sales,14,4,Marketing ,Sales Executive,71349,No,20-06-2014,Yes,7,2,2,1,31-03-2018,4,3,5,3,1,4,3,3
427A-8C69,Male,32,Some Travel,Technology,15,3,Other,Analytics Manager,393294,No,04-02-2012,No,10,2,2,2,06-07-2016,3,2,2,3,2,5,5,4
427A-8C69,Male,32,Some Travel,Technology,15,3,Other,Analytics Manager,393294,No,04-02-2012,No,10,2,2,2,06-07-2017,4,5,2,3,2,2,3,2
86E2-73D1,Male,39,Some Travel,Technology,3,3,Computer Science,Machine Learning Engineer,81115,No,24-01-2013,No,9,2,4,0,31-03-2016,5,3,2,2,0,2,4,3
86E2-73D1,Male,39,Some Travel,Technology,3,3,Computer Science,Machine Learning Engineer,81115,No,24-01-2013,No,9,2,4,0,31-03-2017,5,5,3,2,2,2,4,4
86E2-73D1,Male,39,Some Travel,Technology,3,3,Computer Science,Machine Learning Engineer,81115,No,24-01-2013,No,9,2,4,0,31-03-2018,5,3,5,2,2,3,4,3
A923-9EF6,Female,41,Frequent Traveller,Technology,7,1,Business Studies,Machine Learning Engineer,107008,No,05-02-2012,No,10,9,10,9,05-12-2016,3,5,4,3,1,3,4,3
A923-9EF6,Female,41,Frequent Traveller,Technology,7,1,Business Studies,Machine Learning Engineer,107008,No,05-02-2012,No,10,9,10,9,05-12-2017,4,4,4,3,0,4,5,4
1A6D-AF5D,Male,25,Some Travel,Technology,9,3,Information Systems,Engineering Manager,243908,No,15-05-2017,No,5,4,4,1,01-04-2016,3,4,5,3,2,5,3,2
5C61-8F3A,Female,34,Some Travel,Technology,5,1,Information Systems,Data Scientist,127432,Yes,06-02-2012,No,10,8,9,9,20-12-2016,5,4,2,2,0,3,3,2
5C61-8F3A,Female,34,Some Travel,Technology,5,1,Information Systems,Data Scientist,127432,Yes,06-02-2012,No,10,8,9,9,20-12-2017,5,5,2,1,0,3,5,4
0210-E0D8,Male,36,Some Travel,Sales,7,3,Technical Degree,Sales Executive,243989,Yes,18-07-2020,Yes,1,0,1,1,02-04-2016,4,2,2,2,1,4,4,4
0210-E0D8,Male,36,Some Travel,Sales,7,3,Technical Degree,Sales Executive,243989,Yes,18-07-2020,Yes,1,0,1,1,02-04-2017,4,4,3,1,1,4,5,5
0210-E0D8,Male,36,Some Travel,Sales,7,3,Technical Degree,Sales Executive,243989,Yes,18-07-2020,Yes,1,0,1,1,02-04-2018,4,5,4,2,0,3,4,3
CF2F-8CA3,Male,45,Some Travel,Sales,20,2,Marketing ,Sales Executive,76693,No,06-02-2012,No,10,2,9,10,14-04-2016,5,2,4,3,0,4,3,2
CF2F-8CA3,Male,45,Some Travel,Sales,20,2,Marketing ,Sales Executive,76693,No,06-02-2012,No,10,2,9,10,14-04-2017,5,2,5,1,2,5,4,3
CF2F-8CA3,Male,45,Some Travel,Sales,20,2,Marketing ,Sales Executive,76693,No,06-02-2012,No,10,2,9,10,14-04-2018,4,4,3,2,1,4,3,2
40A9-8EB0,Female,39,Some Travel,Technology,31,3,Information Systems,Software Engineer,90017,Yes,07-02-2012,No,10,7,7,3,09-03-2017,5,2,4,3,0,3,5,5
40A9-8EB0,Female,39,Some Travel,Technology,31,3,Information Systems,Software Engineer,90017,Yes,07-02-2012,No,10,7,7,3,09-03-2018,3,2,2,3,1,2,5,4
819A-2C9C,Male,30,No Travel ,Technology,7,3,Computer Science,Data Scientist,138989,Yes,14-08-2013,No,9,2,4,8,02-04-2016,5,5,3,3,0,3,4,3
819A-2C9C,Male,30,No Travel ,Technology,7,3,Computer Science,Data Scientist,138989,Yes,14-08-2013,No,9,2,4,8,02-04-2017,4,5,2,2,1,5,4,3
819A-2C9C,Male,30,No Travel ,Technology,7,3,Computer Science,Data Scientist,138989,Yes,14-08-2013,No,9,2,4,8,02-04-2018,3,4,4,1,1,5,3,3
2E72-4BF1,Male,44,Some Travel,Sales,21,3,Marketing,Manager,426142,No,07-02-2012,No,10,4,5,4,22-06-2016,4,4,3,1,2,5,4,4
2E72-4BF1,Male,44,Some Travel,Sales,21,3,Marketing,Manager,426142,No,07-02-2012,No,10,4,5,4,22-06-2017,5,3,5,2,1,2,4,3
C5C2-985F,Male,29,Some Travel,Sales,3,3,Other,Sales Representative,46465,Yes,16-05-2014,Yes,4,3,3,3,14-04-2013,3,2,5,3,1,5,4,4
C5C2-985F,Male,29,Some Travel,Sales,3,3,Other,Sales Representative,46465,Yes,16-05-2014,Yes,4,3,3,3,13-04-2016,4,4,4,1,3,3,4,3
C5C2-985F,Male,29,Some Travel,Sales,3,3,Other,Sales Representative,46465,Yes,16-05-2014,Yes,4,3,3,3,13-04-2017,4,4,5,2,3,3,3,3
C5C2-985F,Male,29,Some Travel,Sales,3,3,Other,Sales Representative,46465,Yes,16-05-2014,Yes,4,3,3,3,13-04-2018,3,3,3,1,0,4,3,3
EE39-C8F2,Female,47,Some Travel,Technology,17,2,Computer Science,Software Engineer,46514,No,12-02-2012,No,10,9,9,2,08-02-2017,3,5,4,1,0,5,5,4
EE39-C8F2,Female,47,Some Travel,Technology,17,2,Computer Science,Software Engineer,46514,No,12-02-2012,No,10,9,9,2,08-02-2018,3,3,4,1,2,5,5,4
B6EC-313E,Male,26,Frequent Traveller,Human Resources,17,3,Human Resources,Recruiter,30502,No,09-08-2014,Yes,0,0,0,0,03-04-2016,5,4,5,2,1,4,5,5
B6EC-313E,Male,26,Frequent Traveller,Human Resources,17,3,Human Resources,Recruiter,30502,No,09-08-2014,Yes,0,0,0,0,03-04-2017,3,5,4,1,1,4,3,2
B6EC-313E,Male,26,Frequent Traveller,Human Resources,17,3,Human Resources,Recruiter,30502,No,09-08-2014,Yes,0,0,0,0,03-04-2018,5,3,3,2,0,2,3,2
C0C7-A3EF,Male,48,No Travel ,Sales,9,5,Economics,Sales Executive,125587,No,12-02-2012,No,10,10,10,4,28-06-2016,4,5,5,2,0,3,4,4
C0C7-A3EF,Male,48,No Travel ,Sales,9,5,Economics,Sales Executive,125587,No,12-02-2012,No,10,10,10,4,28-06-2017,3,4,4,1,1,2,4,3
0D8F-C0F3,Female,29,Some Travel,Technology,44,3,Business Studies,Data Scientist,67578,No,10-06-2013,Yes,1,0,0,0,05-04-2016,4,2,4,2,2,3,5,5
0D8F-C0F3,Female,29,Some Travel,Technology,44,3,Business Studies,Data Scientist,67578,No,10-06-2013,Yes,1,0,0,0,05-04-2017,3,5,3,1,3,3,5,4
0D8F-C0F3,Female,29,Some Travel,Technology,44,3,Business Studies,Data Scientist,67578,No,10-06-2013,Yes,1,0,0,0,05-04-2018,4,5,4,3,0,5,3,3
79F3-8AA5,Female,47,Some Travel,Human Resources,21,3,Marketing ,HR Executive,98608,No,14-02-2012,No,10,5,10,4,31-12-2016,1,3,2,2,1,1,3,2
79F3-8AA5,Female,47,Some Travel,Human Resources,21,3,Marketing ,HR Executive,98608,No,14-02-2012,No,10,5,10,4,31-12-2017,4,4,4,2,1,5,3,3
1799-5B3F,Male,24,Some Travel,Sales,21,4,Marketing,Sales Executive,85118,No,18-03-2019,Yes,0,0,0,0,05-04-2016,5,5,5,3,0,4,3,2
1799-5B3F,Male,24,Some Travel,Sales,21,4,Marketing,Sales Executive,85118,No,18-03-2019,Yes,0,0,0,0,05-04-2017,5,3,4,1,1,3,3,3
1799-5B3F,Male,24,Some Travel,Sales,21,4,Marketing,Sales Executive,85118,No,18-03-2019,Yes,0,0,0,0,05-04-2018,3,3,5,3,1,2,3,2
9528-AA17,Female,48,Some Travel,Technology,30,3,Information Systems,Software Engineer,72794,No,14-02-2012,No,10,4,5,3,21-04-2016,3,5,2,2,1,2,5,5
9528-AA17,Female,48,Some Travel,Technology,30,3,Information Systems,Software Engineer,72794,No,14-02-2012,No,10,4,5,3,21-04-2017,3,2,3,3,3,2,4,3
9528-AA17,Female,48,Some Travel,Technology,30,3,Information Systems,Software Engineer,72794,No,14-02-2012,No,10,4,5,3,21-04-2018,5,2,2,2,1,5,4,3
3B11-DF28,Female,23,Frequent Traveller,Technology,28,2,Computer Science,Data Scientist,57133,No,23-08-2019,Yes,3,0,0,1,05-04-2016,5,3,5,3,1,2,4,4
3B11-DF28,Female,23,Frequent Traveller,Technology,28,2,Computer Science,Data Scientist,57133,No,23-08-2019,Yes,3,0,0,1,05-04-2017,5,5,4,1,2,5,5,4
3B11-DF28,Female,23,Frequent Traveller,Technology,28,2,Computer Science,Data Scientist,57133,No,23-08-2019,Yes,3,0,0,1,05-04-2018,4,2,2,2,1,3,5,5
9C71-34AE,Non-Binary,40,Some Travel,Technology,44,2,Computer Science,Software Engineer,69119,No,15-02-2012,No,10,8,10,5,18-12-2016,4,2,2,2,2,5,5,4
9C71-34AE,Non-Binary,40,Some Travel,Technology,44,2,Computer Science,Software Engineer,69119,No,15-02-2012,No,10,8,10,5,18-12-2017,5,4,2,2,0,2,5,4
076F-8AA3,Male,39,Some Travel,Technology,5,2,Computer Science,Data Scientist,58685,No,08-03-2012,Yes,9,6,6,2,06-04-2016,3,2,3,3,2,4,4,3
076F-8AA3,Male,39,Some Travel,Technology,5,2,Computer Science,Data Scientist,58685,No,08-03-2012,Yes,9,6,6,2,06-04-2017,4,3,5,2,1,3,3,3
076F-8AA3,Male,39,Some Travel,Technology,5,2,Computer Science,Data Scientist,58685,No,08-03-2012,Yes,9,6,6,2,06-04-2018,3,5,2,1,1,4,3,3
C79A-E5E1,Female,32,Frequent Traveller,Technology,13,1,Computer Science,Data Scientist,48835,Yes,17-02-2012,Yes,8,5,7,0,29-04-2016,4,2,2,1,0,4,5,4
C79A-E5E1,Female,32,Frequent Traveller,Technology,13,1,Computer Science,Data Scientist,48835,Yes,17-02-2012,Yes,8,5,7,0,30-04-2013,3,2,2,1,1,5,4,3
C79A-E5E1,Female,32,Frequent Traveller,Technology,13,1,Computer Science,Data Scientist,48835,Yes,17-02-2012,Yes,8,5,7,0,29-04-2017,5,2,5,3,2,2,5,4
C79A-E5E1,Female,32,Frequent Traveller,Technology,13,1,Computer Science,Data Scientist,48835,Yes,17-02-2012,Yes,8,5,7,0,29-04-2018,5,3,4,3,2,2,5,5
5468-EEE1,Male,28,No Travel ,Technology,44,2,Computer Science,Senior Software Engineer,218406,No,17-02-2012,No,10,10,10,10,21-06-2016,4,3,5,1,2,4,5,4
5468-EEE1,Male,28,No Travel ,Technology,44,2,Computer Science,Senior Software Engineer,218406,No,17-02-2012,No,10,10,10,10,21-06-2017,3,5,4,2,0,5,5,5
B50B-5A18,Female,40,Frequent Traveller,Technology,27,4,Computer Science,Software Engineer,42333,No,19-02-2012,No,10,4,5,5,01-02-2017,4,5,2,1,3,2,5,4
B50B-5A18,Female,40,Frequent Traveller,Technology,27,4,Computer Science,Software Engineer,42333,No,19-02-2012,No,10,4,5,5,01-02-2018,3,4,4,3,0,4,3,2
531D-788E,Male,21,Frequent Traveller,Technology,16,2,Computer Science,Data Scientist,42569,No,13-04-2022,Yes,0,0,0,0,09-04-2016,3,3,5,2,1,2,4,4
531D-788E,Male,21,Frequent Traveller,Technology,16,2,Computer Science,Data Scientist,42569,No,13-04-2022,Yes,0,0,0,0,09-04-2017,3,2,5,2,2,4,4,4
531D-788E,Male,21,Frequent Traveller,Technology,16,2,Computer Science,Data Scientist,42569,No,13-04-2022,Yes,0,0,0,0,09-04-2018,3,5,4,3,0,4,3,2
11AE-3E4D,Male,39,Some Travel,Sales,38,2,Technical Degree,Manager,300299,Yes,19-02-2012,No,10,7,7,10,05-05-2016,3,4,4,1,2,1,5,5
11AE-3E4D,Male,39,Some Travel,Sales,38,2,Technical Degree,Manager,300299,Yes,19-02-2012,No,10,7,7,10,05-05-2017,3,5,4,3,1,3,3,3
11AE-3E4D,Male,39,Some Travel,Sales,38,2,Technical Degree,Manager,300299,Yes,19-02-2012,No,10,7,7,10,05-05-2018,5,3,4,3,1,5,5,5
AEDB-BB62,Male,39,Some Travel,Technology,34,1,Computer Science,Machine Learning Engineer,264285,No,23-03-2012,No,10,10,10,1,10-04-2016,4,4,2,3,1,2,4,3
AEDB-BB62,Male,39,Some Travel,Technology,34,1,Computer Science,Machine Learning Engineer,264285,No,23-03-2012,No,10,10,10,1,10-04-2017,5,2,2,2,1,2,5,5
AEDB-BB62,Male,39,Some Travel,Technology,34,1,Computer Science,Machine Learning Engineer,264285,No,23-03-2012,No,10,10,10,1,10-04-2018,5,3,4,3,0,2,5,4
151D-1FF2,Female,34,Frequent Traveller,Sales,15,2,Marketing ,Sales Executive,173246,Yes,20-02-2012,Yes,9,4,7,7,05-02-2017,3,4,2,2,1,2,3,3
151D-1FF2,Female,34,Frequent Traveller,Sales,15,2,Marketing ,Sales Executive,173246,Yes,20-02-2012,Yes,9,4,7,7,06-02-2014,4,5,4,2,0,3,4,3
151D-1FF2,Female,34,Frequent Traveller,Sales,15,2,Marketing ,Sales Executive,173246,Yes,20-02-2012,Yes,9,4,7,7,05-02-2018,3,3,3,2,3,2,5,4
F430-0404,Female,32,No Travel ,Sales,23,4,Economics,Sales Executive,237749,No,19-07-2013,No,9,1,6,6,10-04-2016,4,5,4,2,1,2,3,2
F430-0404,Female,32,No Travel ,Sales,23,4,Economics,Sales Executive,237749,No,19-07-2013,No,9,1,6,6,10-04-2017,5,4,5,2,1,5,4,4
F430-0404,Female,32,No Travel ,Sales,23,4,Economics,Sales Executive,237749,No,19-07-2013,No,9,1,6,6,10-04-2018,4,4,5,2,1,2,4,4
D584-4E31,Female,35,Some Travel,Human Resources,22,1,Economics,Recruiter,67264,No,22-02-2012,No,10,8,8,2,09-06-2016,5,5,4,2,1,5,3,2
D584-4E31,Female,35,Some Travel,Human Resources,22,1,Economics,Recruiter,67264,No,22-02-2012,No,10,8,8,2,09-06-2017,5,2,2,3,1,5,5,5
CDFB-6A08,Male,26,Some Travel,Technology,8,4,Other,Software Engineer,22918,Yes,01-05-2016,Yes,0,0,0,0,14-04-2013,3,4,4,3,1,5,3,2
CDFB-6A08,Male,26,Some Travel,Technology,8,4,Other,Software Engineer,22918,Yes,01-05-2016,Yes,0,0,0,0,13-04-2016,5,5,5,1,3,2,5,5
CDFB-6A08,Male,26,Some Travel,Technology,8,4,Other,Software Engineer,22918,Yes,01-05-2016,Yes,0,0,0,0,13-04-2017,3,4,3,1,0,4,3,2
CDFB-6A08,Male,26,Some Travel,Technology,8,4,Other,Software Engineer,22918,Yes,01-05-2016,Yes,0,0,0,0,13-04-2018,5,2,2,3,0,3,3,2
0FC8-561B,Male,29,Frequent Traveller,Technology,14,3,Computer Science,Senior Software Engineer,93591,No,22-02-2012,No,10,4,10,3,09-07-2016,3,2,2,1,2,4,3,3
0FC8-561B,Male,29,Frequent Traveller,Technology,14,3,Computer Science,Senior Software Engineer,93591,No,22-02-2012,No,10,4,10,3,09-07-2017,5,2,4,3,0,3,3,2
7BD4-7BFB,Male,27,Some Travel,Technology,19,4,Computer Science,Software Engineer,25276,No,22-01-2015,No,7,6,7,1,10-04-2016,5,4,2,2,0,2,5,4
7BD4-7BFB,Male,27,Some Travel,Technology,19,4,Computer Science,Software Engineer,25276,No,22-01-2015,No,7,6,7,1,10-04-2017,3,3,4,2,0,5,4,4
7BD4-7BFB,Male,27,Some Travel,Technology,19,4,Computer Science,Software Engineer,25276,No,22-01-2015,No,7,6,7,1,10-04-2018,3,5,5,3,2,4,4,4
A531-8159,Female,37,No Travel ,Technology,16,3,Information Systems,Data Scientist,82099,No,23-02-2012,No,10,1,7,6,12-04-2016,3,3,4,1,2,5,4,4
A531-8159,Female,37,No Travel ,Technology,16,3,Information Systems,Data Scientist,82099,No,23-02-2012,No,10,1,7,6,12-04-2017,4,2,4,2,2,4,4,3
A531-8159,Female,37,No Travel ,Technology,16,3,Information Systems,Data Scientist,82099,No,23-02-2012,No,10,1,7,6,12-04-2018,5,5,3,2,3,5,3,3
E7A6-33A3,Female,38,Some Travel,Technology,39,4,Information Systems,Data Scientist,83590,No,23-02-2012,No,10,2,3,9,27-02-2017,4,4,3,3,2,4,3,3
E7A6-33A3,Female,38,Some Travel,Technology,39,4,Information Systems,Data Scientist,83590,No,23-02-2012,No,10,2,3,9,27-02-2018,3,3,4,2,1,4,4,3
1A7C-19DB,Female,39,Some Travel,Technology,42,4,Computer Science,Engineering Manager,539998,Yes,22-11-2020,Yes,1,0,0,0,11-04-2016,4,5,3,3,0,5,5,4
1A7C-19DB,Female,39,Some Travel,Technology,42,4,Computer Science,Engineering Manager,539998,Yes,22-11-2020,Yes,1,0,0,0,11-04-2017,4,4,2,2,1,2,5,4
1A7C-19DB,Female,39,Some Travel,Technology,42,4,Computer Science,Engineering Manager,539998,Yes,22-11-2020,Yes,1,0,0,0,11-04-2018,3,2,3,3,1,3,3,2
E4F4-11B9,Female,29,Some Travel,Sales,19,2,Marketing ,Sales Executive,122811,Yes,27-02-2012,Yes,2,1,1,1,28-01-2017,4,4,4,2,1,3,3,3
E4F4-11B9,Female,29,Some Travel,Sales,19,2,Marketing ,Sales Executive,122811,Yes,27-02-2012,Yes,2,1,1,1,29-01-2014,3,4,4,1,0,3,4,3
E4F4-11B9,Female,29,Some Travel,Sales,19,2,Marketing ,Sales Executive,122811,Yes,27-02-2012,Yes,2,1,1,1,28-01-2018,5,2,4,2,0,3,4,4
489B-14EC,Female,21,Some Travel,Technology,15,2,Computer Science,Machine Learning Engineer,62882,Yes,09-01-2021,Yes,0,0,0,0,11-04-2016,5,2,2,2,2,4,3,2
489B-14EC,Female,21,Some Travel,Technology,15,2,Computer Science,Machine Learning Engineer,62882,Yes,09-01-2021,Yes,0,0,0,0,11-04-2017,4,2,3,3,1,5,3,3
489B-14EC,Female,21,Some Travel,Technology,15,2,Computer Science,Machine Learning Engineer,62882,Yes,09-01-2021,Yes,0,0,0,0,11-04-2018,5,4,2,3,1,5,5,4
586E-5C14,Male,40,Some Travel,Technology,9,1,Computer Science,Software Engineer,58551,No,27-02-2012,No,10,6,7,3,03-02-2017,5,4,4,3,1,4,4,4
586E-5C14,Male,40,Some Travel,Technology,9,1,Computer Science,Software Engineer,58551,No,27-02-2012,No,10,6,7,3,03-02-2018,5,4,3,3,0,5,3,2
8A40-C85A,Female,44,Some Travel,Technology,28,3,Information Systems,Software Engineer,53325,Yes,28-02-2012,No,10,4,8,4,10-06-2016,4,5,2,2,0,5,5,4
8A40-C85A,Female,44,Some Travel,Technology,28,3,Information Systems,Software Engineer,53325,Yes,28-02-2012,No,10,4,8,4,10-06-2017,5,5,2,3,1,2,5,4
2B08-7D3D,Male,45,Some Travel,Sales,19,4,Marketing ,Sales Representative,47326,No,29-02-2012,No,10,10,10,10,10-08-2016,5,4,4,1,1,4,3,2
2B08-7D3D,Male,45,Some Travel,Sales,19,4,Marketing ,Sales Representative,47326,No,29-02-2012,No,10,10,10,10,10-08-2017,5,3,5,1,1,2,4,4
C96F-0F3B,Female,41,Some Travel,Sales,16,1,Marketing ,Sales Representative,48147,No,01-03-2012,No,10,8,10,5,08-02-2017,5,4,3,2,3,2,5,5
C96F-0F3B,Female,41,Some Travel,Sales,16,1,Marketing ,Sales Representative,48147,No,01-03-2012,No,10,8,10,5,08-02-2018,3,4,5,2,2,4,4,3
9DFE-1FD5,Male,42,Some Travel,Human Resources,4,3,Human Resources,HR Manager,463051,No,01-03-2012,No,10,0,10,7,09-02-2017,3,2,3,3,2,5,3,3
9DFE-1FD5,Male,42,Some Travel,Human Resources,4,3,Human Resources,HR Manager,463051,No,01-03-2012,No,10,0,10,7,09-02-2018,3,4,3,1,0,3,5,4
C0A1-EB7D,Female,36,Some Travel,Technology,32,3,Computer Science,Senior Software Engineer,111294,No,02-03-2012,No,10,8,8,10,04-01-2017,4,5,4,1,0,5,3,3
C0A1-EB7D,Female,36,Some Travel,Technology,32,3,Computer Science,Senior Software Engineer,111294,No,02-03-2012,No,10,8,8,10,04-01-2018,5,4,5,1,0,4,4,4
E899-A860,Male,31,Some Travel,Sales,10,3,Marketing ,Sales Executive,110076,Yes,23-12-2014,No,8,5,8,6,13-04-2016,5,5,3,1,0,3,3,3
E899-A860,Male,31,Some Travel,Sales,10,3,Marketing ,Sales Executive,110076,Yes,23-12-2014,No,8,5,8,6,13-04-2017,3,4,4,2,0,2,4,3
E899-A860,Male,31,Some Travel,Sales,10,3,Marketing ,Sales Executive,110076,Yes,23-12-2014,No,8,5,8,6,13-04-2018,4,4,3,2,0,2,4,4
5731-90E6,Non-Binary,35,No Travel ,Technology,27,3,Computer Science,Analytics Manager,542695,No,02-03-2012,No,10,5,5,1,01-07-2016,3,4,2,1,1,5,4,4
5731-90E6,Non-Binary,35,No Travel ,Technology,27,3,Computer Science,Analytics Manager,542695,No,02-03-2012,No,10,5,5,1,01-07-2017,5,3,4,3,1,2,5,4
EE91-1A9C,Male,25,Some Travel,Technology,22,3,Information Systems,Data Scientist,21350,Yes,27-10-2016,Yes,5,3,3,2,15-04-2013,3,5,2,3,0,3,4,3
EE91-1A9C,Male,25,Some Travel,Technology,22,3,Information Systems,Data Scientist,21350,Yes,27-10-2016,Yes,5,3,3,2,14-04-2016,4,5,2,1,0,2,4,4
EE91-1A9C,Male,25,Some Travel,Technology,22,3,Information Systems,Data Scientist,21350,Yes,27-10-2016,Yes,5,3,3,2,14-04-2017,3,2,4,1,1,5,4,4
EE91-1A9C,Male,25,Some Travel,Technology,22,3,Information Systems,Data Scientist,21350,Yes,27-10-2016,Yes,5,3,3,2,14-04-2018,4,4,3,1,1,5,5,4
FD3F-5255,Female,45,Some Travel,Technology,2,1,Information Systems,Data Scientist,64795,Yes,03-03-2012,No,10,5,8,10,19-04-2016,5,3,2,2,3,2,3,3
FD3F-5255,Female,45,Some Travel,Technology,2,1,Information Systems,Data Scientist,64795,Yes,03-03-2012,No,10,5,8,10,19-04-2017,3,4,5,3,1,2,4,3
FD3F-5255,Female,45,Some Travel,Technology,2,1,Information Systems,Data Scientist,64795,Yes,03-03-2012,No,10,5,8,10,19-04-2018,3,2,4,3,1,3,3,2
132B-F2B2,Female,35,Some Travel,Technology,36,4,Computer Science,Software Engineer,59086,Yes,04-03-2012,No,10,2,8,4,10-07-2016,5,5,3,3,0,3,3,2
132B-F2B2,Female,35,Some Travel,Technology,36,4,Computer Science,Software Engineer,59086,Yes,04-03-2012,No,10,2,8,4,10-07-2017,3,4,2,1,3,5,5,5
7CFC-C4DA,Male,21,Some Travel,Technology,44,2,Other,Data Scientist,32676,Yes,20-04-2022,Yes,0,0,0,0,14-04-2016,3,4,4,3,1,4,3,3
7CFC-C4DA,Male,21,Some Travel,Technology,44,2,Other,Data Scientist,32676,Yes,20-04-2022,Yes,0,0,0,0,14-04-2017,4,5,3,2,1,5,3,2
7CFC-C4DA,Male,21,Some Travel,Technology,44,2,Other,Data Scientist,32676,Yes,20-04-2022,Yes,0,0,0,0,14-04-2018,5,2,3,1,0,4,3,3
9DB2-76B3,Male,41,Some Travel,Sales,17,3,Economics,Sales Executive,116966,No,04-03-2012,No,10,4,10,7,25-07-2016,5,3,2,1,1,4,5,4
9DB2-76B3,Male,41,Some Travel,Sales,17,3,Economics,Sales Executive,116966,No,04-03-2012,No,10,4,10,7,25-07-2017,4,3,3,2,3,2,4,3
4969-9A35,Non-Binary,39,Frequent Traveller,Technology,8,4,Information Systems,Software Engineer,137427,Yes,04-03-2012,No,10,9,10,8,28-11-2016,3,3,3,2,2,2,4,3
4969-9A35,Non-Binary,39,Frequent Traveller,Technology,8,4,Information Systems,Software Engineer,137427,Yes,04-03-2012,No,10,9,10,8,28-11-2017,4,2,4,3,0,3,5,5
7A98-768E,Female,18,Some Travel,Sales,20,3,Technical Degree,Sales Executive,58523,No,25-01-2022,Yes,0,0,0,0,16-04-2016,3,5,3,3,1,4,5,5
7A98-768E,Female,18,Some Travel,Sales,20,3,Technical Degree,Sales Executive,58523,No,25-01-2022,Yes,0,0,0,0,16-04-2017,4,4,3,3,1,3,5,5
7A98-768E,Female,18,Some Travel,Sales,20,3,Technical Degree,Sales Executive,58523,No,25-01-2022,Yes,0,0,0,0,16-04-2018,3,3,5,2,0,3,3,3
0CED-EE28,Female,48,Some Travel,Technology,25,1,Computer Science,Data Scientist,47464,No,06-03-2012,No,10,4,8,10,20-12-2016,3,3,3,3,1,2,5,5
0CED-EE28,Female,48,Some Travel,Technology,25,1,Computer Science,Data Scientist,47464,No,06-03-2012,No,10,4,8,10,20-12-2017,4,2,3,1,1,3,3,3
C3C0-349E,Male,45,Some Travel,Sales,22,4,Marketing ,Sales Executive,270302,No,13-05-2022,Yes,0,0,0,0,16-04-2016,3,2,2,1,1,2,3,2
C3C0-349E,Male,45,Some Travel,Sales,22,4,Marketing ,Sales Executive,270302,No,13-05-2022,Yes,0,0,0,0,16-04-2017,4,3,5,1,0,2,5,5
C3C0-349E,Male,45,Some Travel,Sales,22,4,Marketing ,Sales Executive,270302,No,13-05-2022,Yes,0,0,0,0,16-04-2018,4,2,3,2,1,3,4,3
96F4-896C,Male,43,No Travel ,Technology,21,4,Information Systems,Analytics Manager,280756,No,05-03-2013,No,9,8,8,3,16-04-2016,5,5,5,3,2,3,3,2
96F4-896C,Male,43,No Travel ,Technology,21,4,Information Systems,Analytics Manager,280756,No,05-03-2013,No,9,8,8,3,16-04-2017,5,4,2,2,0,4,5,5
96F4-896C,Male,43,No Travel ,Technology,21,4,Information Systems,Analytics Manager,280756,No,05-03-2013,No,9,8,8,3,16-04-2018,4,5,4,2,3,2,4,4
63DA-AA21,Female,43,Some Travel,Technology,35,3,Computer Science,Engineering Manager,436813,No,07-03-2012,No,10,8,9,7,23-02-2017,5,4,2,3,0,2,4,4
63DA-AA21,Female,43,Some Travel,Technology,35,3,Computer Science,Engineering Manager,436813,No,07-03-2012,No,10,8,9,7,23-02-2018,4,4,3,3,2,2,4,4
B52E-BF41,Female,30,Some Travel,Technology,26,4,Computer Science,Data Scientist,36280,No,04-12-2013,No,9,9,9,9,16-04-2016,5,4,4,3,0,5,5,4
B52E-BF41,Female,30,Some Travel,Technology,26,4,Computer Science,Data Scientist,36280,No,04-12-2013,No,9,9,9,9,16-04-2017,4,2,4,3,1,5,4,3
B52E-BF41,Female,30,Some Travel,Technology,26,4,Computer Science,Data Scientist,36280,No,04-12-2013,No,9,9,9,9,16-04-2018,5,2,2,3,0,3,5,4
ACA9-5DC2,Female,46,Frequent Traveller,Sales,14,1,Economics,Sales Executive,205159,No,07-03-2012,No,10,1,9,6,30-12-2016,3,2,2,3,1,1,3,2
ACA9-5DC2,Female,46,Frequent Traveller,Sales,14,1,Economics,Sales Executive,205159,No,07-03-2012,No,10,1,9,6,30-12-2017,5,4,5,3,1,2,5,5
5D69-D350,Male,24,Frequent Traveller,Technology,7,3,Information Systems,Data Scientist,104649,No,23-09-2016,Yes,4,4,4,3,17-04-2016,5,4,3,2,2,4,5,4
5D69-D350,Male,24,Frequent Traveller,Technology,7,3,Information Systems,Data Scientist,104649,No,23-09-2016,Yes,4,4,4,3,18-04-2013,3,4,5,3,3,5,5,5
5D69-D350,Male,24,Frequent Traveller,Technology,7,3,Information Systems,Data Scientist,104649,No,23-09-2016,Yes,4,4,4,3,17-04-2017,5,5,5,3,1,3,4,3
5D69-D350,Male,24,Frequent Traveller,Technology,7,3,Information Systems,Data Scientist,104649,No,23-09-2016,Yes,4,4,4,3,17-04-2018,4,4,3,3,3,3,3,2
12B5-11CC,Female,30,Some Travel,Technology,8,3,Information Systems,Software Engineer,70771,No,08-03-2012,No,10,9,9,2,27-11-2016,4,5,3,1,0,5,4,4
12B5-11CC,Female,30,Some Travel,Technology,8,3,Information Systems,Software Engineer,70771,No,08-03-2012,No,10,9,9,2,27-11-2017,5,2,5,1,1,5,4,4
4BE1-4A7B,Male,23,Frequent Traveller,Technology,10,3,Information Systems,Software Engineer,44566,Yes,29-01-2020,Yes,1,0,0,0,17-04-2016,5,3,3,3,1,4,5,4
4BE1-4A7B,Male,23,Frequent Traveller,Technology,10,3,Information Systems,Software Engineer,44566,Yes,29-01-2020,Yes,1,0,0,0,17-04-2017,5,4,5,2,1,4,3,3
4BE1-4A7B,Male,23,Frequent Traveller,Technology,10,3,Information Systems,Software Engineer,44566,Yes,29-01-2020,Yes,1,0,0,0,17-04-2018,3,5,2,2,1,2,5,5
00A3-2445,Male,30,Some Travel,Technology,6,2,Computer Science,Machine Learning Engineer,126238,No,08-03-2012,No,10,3,6,6,19-06-2016,4,5,4,2,2,5,4,3
00A3-2445,Male,30,Some Travel,Technology,6,2,Computer Science,Machine Learning Engineer,126238,No,08-03-2012,No,10,3,6,6,19-06-2017,5,2,5,3,0,5,5,4
AB81-A3A0,Male,29,Some Travel,Sales,14,4,Marketing,Sales Executive,96319,No,14-06-2013,No,9,1,4,5,18-04-2016,4,3,2,1,1,3,5,5
AB81-A3A0,Male,29,Some Travel,Sales,14,4,Marketing,Sales Executive,96319,No,14-06-2013,No,9,1,4,5,18-04-2017,4,4,2,3,0,4,4,3
AB81-A3A0,Male,29,Some Travel,Sales,14,4,Marketing,Sales Executive,96319,No,14-06-2013,No,9,1,4,5,18-04-2018,5,4,3,3,3,4,3,2
3F19-FC5A,Male,35,Some Travel,Sales,29,5,Marketing,Sales Executive,182764,Yes,10-03-2012,No,10,7,9,9,16-09-2016,4,5,5,2,0,2,3,3
3F19-FC5A,Male,35,Some Travel,Sales,29,5,Marketing,Sales Executive,182764,Yes,10-03-2012,No,10,7,9,9,16-09-2017,4,3,3,2,1,5,5,4
8233-2483,Female,35,Some Travel,Human Resources,7,3,Marketing ,Recruiter,47995,Yes,12-03-2012,No,10,5,6,3,14-03-2017,2,4,3,1,1,1,5,4
8233-2483,Female,35,Some Travel,Human Resources,7,3,Marketing ,Recruiter,47995,Yes,12-03-2012,No,10,5,6,3,14-03-2018,5,4,4,3,0,3,4,4
C661-6A1C,Female,25,Frequent Traveller,Technology,24,1,Business Studies,Software Engineer,40314,No,15-09-2016,Yes,3,1,3,3,20-04-2016,5,2,4,3,0,4,5,5
C661-6A1C,Female,25,Frequent Traveller,Technology,24,1,Business Studies,Software Engineer,40314,No,15-09-2016,Yes,3,1,3,3,21-04-2013,5,4,5,2,0,4,3,3
C661-6A1C,Female,25,Frequent Traveller,Technology,24,1,Business Studies,Software Engineer,40314,No,15-09-2016,Yes,3,1,3,3,20-04-2017,4,3,3,1,2,4,5,5
C661-6A1C,Female,25,Frequent Traveller,Technology,24,1,Business Studies,Software Engineer,40314,No,15-09-2016,Yes,3,1,3,3,20-04-2018,4,5,2,3,2,5,5,5
1C87-44CB,Female,28,Frequent Traveller,Technology,9,3,Computer Science,Software Engineer,48930,Yes,14-03-2012,Yes,7,4,6,2,12-05-2016,3,2,4,1,0,5,3,3
1C87-44CB,Female,28,Frequent Traveller,Technology,9,3,Computer Science,Software Engineer,48930,Yes,14-03-2012,Yes,7,4,6,2,13-05-2013,4,3,3,1,1,2,3,3
1C87-44CB,Female,28,Frequent Traveller,Technology,9,3,Computer Science,Software Engineer,48930,Yes,14-03-2012,Yes,7,4,6,2,12-05-2017,3,4,2,2,2,4,4,3
C025-B8B6,Male,44,Some Travel,Sales,29,3,Marketing ,Sales Executive,126073,No,03-01-2014,No,8,0,2,0,20-04-2016,4,5,2,1,0,2,4,3
C025-B8B6,Male,44,Some Travel,Sales,29,3,Marketing ,Sales Executive,126073,No,03-01-2014,No,8,0,2,0,20-04-2017,3,4,4,1,1,3,5,4
C025-B8B6,Male,44,Some Travel,Sales,29,3,Marketing ,Sales Executive,126073,No,03-01-2014,No,8,0,2,0,20-04-2018,4,2,2,3,3,3,3,2
6345-2F33,Non-Binary,46,Some Travel,Technology,36,2,Computer Science,Machine Learning Engineer,102964,No,17-03-2012,No,10,10,10,2,11-07-2016,4,3,5,1,1,3,4,4
6345-2F33,Non-Binary,46,Some Travel,Technology,36,2,Computer Science,Machine Learning Engineer,102964,No,17-03-2012,No,10,10,10,2,11-07-2017,5,3,4,2,0,3,3,3
A2FB-2D5D,Female,43,Some Travel,Technology,11,5,Information Systems,Analytics Manager,482510,No,17-03-2012,No,10,9,9,1,22-12-2016,3,2,4,2,0,3,4,3
A2FB-2D5D,Female,43,Some Travel,Technology,11,5,Information Systems,Analytics Manager,482510,No,17-03-2012,No,10,9,9,1,22-12-2017,4,3,3,2,3,2,3,2
4188-C61D,Female,22,No Travel ,Technology,27,1,Information Systems,Data Scientist,23039,No,08-03-2018,Yes,0,0,0,0,22-04-2016,4,5,4,3,0,3,4,3
4188-C61D,Female,22,No Travel ,Technology,27,1,Information Systems,Data Scientist,23039,No,08-03-2018,Yes,0,0,0,0,23-04-2013,5,2,5,3,1,5,5,5
4188-C61D,Female,22,No Travel ,Technology,27,1,Information Systems,Data Scientist,23039,No,08-03-2018,Yes,0,0,0,0,22-04-2017,4,5,3,2,0,5,4,3
4188-C61D,Female,22,No Travel ,Technology,27,1,Information Systems,Data Scientist,23039,No,08-03-2018,Yes,0,0,0,0,22-04-2018,4,4,4,2,1,5,5,4
E5C1-B122,Female,36,No Travel ,Sales,33,4,Marketing,Sales Executive,116057,No,19-03-2012,No,10,2,10,2,13-12-2016,4,5,3,3,1,5,5,4
E5C1-B122,Female,36,No Travel ,Sales,33,4,Marketing,Sales Executive,116057,No,19-03-2012,No,10,2,10,2,13-12-2017,4,4,5,3,3,5,5,5
DFE3-6FA7,Female,43,Frequent Traveller,Sales,5,3,Marketing ,Sales Executive,350525,Yes,27-05-2012,Yes,9,3,9,6,22-04-2016,3,5,5,3,0,2,3,2
DFE3-6FA7,Female,43,Frequent Traveller,Sales,5,3,Marketing ,Sales Executive,350525,Yes,27-05-2012,Yes,9,3,9,6,23-04-2013,3,4,4,3,1,2,4,4
DFE3-6FA7,Female,43,Frequent Traveller,Sales,5,3,Marketing ,Sales Executive,350525,Yes,27-05-2012,Yes,9,3,9,6,22-04-2017,3,4,5,3,1,4,5,4
DFE3-6FA7,Female,43,Frequent Traveller,Sales,5,3,Marketing ,Sales Executive,350525,Yes,27-05-2012,Yes,9,3,9,6,22-04-2018,4,3,5,2,2,4,4,4
462E-03DF,Female,45,Some Travel,Technology,20,1,Computer Science,Software Engineer,90264,Yes,19-03-2012,No,10,2,4,4,26-05-2016,4,2,2,2,1,2,3,3
462E-03DF,Female,45,Some Travel,Technology,20,1,Computer Science,Software Engineer,90264,Yes,19-03-2012,No,10,2,4,4,26-05-2017,4,4,2,1,0,2,5,5
7335-4656,Female,45,Some Travel,Technology,14,2,Computer Science,Machine Learning Engineer,223124,No,02-10-2013,No,9,2,3,2,22-04-2016,4,5,4,2,0,2,3,2
7335-4656,Female,45,Some Travel,Technology,14,2,Computer Science,Machine Learning Engineer,223124,No,02-10-2013,No,9,2,3,2,22-04-2017,4,2,3,2,1,4,4,3
7335-4656,Female,45,Some Travel,Technology,14,2,Computer Science,Machine Learning Engineer,223124,No,02-10-2013,No,9,2,3,2,22-04-2018,3,4,2,3,3,4,4,4
C2DD-9D37,Male,42,Some Travel,Sales,16,4,Marketing ,Sales Executive,106277,No,19-03-2012,No,10,0,5,5,02-01-2017,5,2,5,3,0,3,3,2
C2DD-9D37,Male,42,Some Travel,Sales,16,4,Marketing ,Sales Executive,106277,No,19-03-2012,No,10,0,5,5,02-01-2018,4,4,3,1,0,3,4,4
49B2-0364,Male,45,Frequent Traveller,Sales,1,3,Marketing ,Sales Representative,70487,No,09-05-2012,No,10,0,7,3,23-04-2016,4,2,2,3,1,2,3,3
49B2-0364,Male,45,Frequent Traveller,Sales,1,3,Marketing ,Sales Representative,70487,No,09-05-2012,No,10,0,7,3,23-04-2017,5,5,5,1,2,2,4,3
49B2-0364,Male,45,Frequent Traveller,Sales,1,3,Marketing ,Sales Representative,70487,No,09-05-2012,No,10,0,7,3,23-04-2018,5,5,4,2,1,4,5,5
51A4-EA6E,Non-Binary,46,Some Travel,Sales,17,3,Marketing ,Sales Executive,223874,No,19-07-2021,Yes,1,0,0,0,24-04-2016,4,5,2,2,1,3,4,4
51A4-EA6E,Non-Binary,46,Some Travel,Sales,17,3,Marketing ,Sales Executive,223874,No,19-07-2021,Yes,1,0,0,0,24-04-2017,4,4,5,2,1,4,3,3
51A4-EA6E,Non-Binary,46,Some Travel,Sales,17,3,Marketing ,Sales Executive,223874,No,19-07-2021,Yes,1,0,0,0,24-04-2018,4,2,5,3,2,3,4,3
A4A4-F49C,Male,34,Some Travel,Technology,40,3,Computer Science,Senior Software Engineer,97542,No,06-05-2012,No,10,10,10,7,24-04-2016,4,4,2,1,0,4,3,2
A4A4-F49C,Male,34,Some Travel,Technology,40,3,Computer Science,Senior Software Engineer,97542,No,06-05-2012,No,10,10,10,7,24-04-2017,5,3,4,1,2,4,4,3
A4A4-F49C,Male,34,Some Travel,Technology,40,3,Computer Science,Senior Software Engineer,97542,No,06-05-2012,No,10,10,10,7,24-04-2018,4,2,4,3,2,4,4,3
8822-B9C5,Female,41,Some Travel,Technology,9,3,Computer Science,Machine Learning Engineer,197592,Yes,24-03-2012,No,10,5,10,0,23-06-2016,4,4,3,1,1,5,3,2
8822-B9C5,Female,41,Some Travel,Technology,9,3,Computer Science,Machine Learning Engineer,197592,Yes,24-03-2012,No,10,5,10,0,23-06-2017,3,2,4,2,0,2,5,4
E8F5-C47D,Female,30,Some Travel,Human Resources,19,3,Human Resources,HR Executive,97153,No,25-03-2012,No,10,5,6,9,26-06-2016,3,2,3,3,1,2,4,3
E8F5-C47D,Female,30,Some Travel,Human Resources,19,3,Human Resources,HR Executive,97153,No,25-03-2012,No,10,5,6,9,26-06-2017,4,4,3,1,3,2,3,3
BAF9-933D,Male,41,Some Travel,Human Resources,36,3,Human Resources,HR Executive,131047,No,23-12-2014,No,8,4,4,7,24-04-2016,5,5,2,2,1,4,5,5
BAF9-933D,Male,41,Some Travel,Human Resources,36,3,Human Resources,HR Executive,131047,No,23-12-2014,No,8,4,4,7,25-04-2013,5,2,4,3,0,5,5,4
BAF9-933D,Male,41,Some Travel,Human Resources,36,3,Human Resources,HR Executive,131047,No,23-12-2014,No,8,4,4,7,24-04-2017,5,4,3,3,2,3,3,3
BAF9-933D,Male,41,Some Travel,Human Resources,36,3,Human Resources,HR Executive,131047,No,23-12-2014,No,8,4,4,7,24-04-2018,5,3,2,1,0,5,3,3
D696-9D82,Male,38,Some Travel,Technology,39,3,Computer Science,Data Scientist,65416,No,25-03-2012,No,10,5,10,7,05-02-2017,3,3,4,3,0,4,4,3
D696-9D82,Male,38,Some Travel,Technology,39,3,Computer Science,Data Scientist,65416,No,25-03-2012,No,10,5,10,7,05-02-2018,4,5,3,3,0,2,3,3
1147-7E2F,Male,22,Some Travel,Technology,23,3,Computer Science,Data Scientist,37021,No,15-07-2018,Yes,3,0,1,2,25-04-2016,4,5,2,1,2,4,3,2
1147-7E2F,Male,22,Some Travel,Technology,23,3,Computer Science,Data Scientist,37021,No,15-07-2018,Yes,3,0,1,2,26-04-2013,3,3,2,1,2,2,3,2
1147-7E2F,Male,22,Some Travel,Technology,23,3,Computer Science,Data Scientist,37021,No,15-07-2018,Yes,3,0,1,2,25-04-2017,4,2,2,2,0,4,5,5
1147-7E2F,Male,22,Some Travel,Technology,23,3,Computer Science,Data Scientist,37021,No,15-07-2018,Yes,3,0,1,2,25-04-2018,4,2,3,2,1,5,3,3
BE93-0736,Male,35,No Travel ,Technology,17,2,Computer Science,Senior Software Engineer,117151,No,26-03-2012,No,10,3,7,6,13-05-2016,4,3,5,1,0,2,5,4
BE93-0736,Male,35,No Travel ,Technology,17,2,Computer Science,Senior Software Engineer,117151,No,26-03-2012,No,10,3,7,6,13-05-2017,4,5,3,3,1,3,3,2
4E65-CCD0,Non-Binary,26,Some Travel,Technology,16,1,Computer Science,Senior Software Engineer,54746,Yes,27-01-2015,No,7,2,4,4,26-04-2016,4,2,2,2,0,4,5,4
4E65-CCD0,Non-Binary,26,Some Travel,Technology,16,1,Computer Science,Senior Software Engineer,54746,Yes,27-01-2015,No,7,2,4,4,27-04-2013,4,5,3,1,0,3,3,2
4E65-CCD0,Non-Binary,26,Some Travel,Technology,16,1,Computer Science,Senior Software Engineer,54746,Yes,27-01-2015,No,7,2,4,4,26-04-2017,5,2,5,3,2,5,3,2
0322-D46B,Male,32,Some Travel,Sales,39,4,Marketing ,Sales Executive,105748,No,28-03-2012,No,10,0,1,8,03-03-2017,4,5,3,1,0,5,5,4
0322-D46B,Male,32,Some Travel,Sales,39,4,Marketing ,Sales Executive,105748,No,28-03-2012,No,10,0,1,8,03-03-2018,5,3,5,2,1,4,4,3
1AC8-361F,Male,26,Some Travel,Sales,22,1,Marketing ,Sales Executive,87142,No,11-11-2015,Yes,2,1,1,0,28-04-2016,5,5,4,2,2,5,5,4
1AC8-361F,Male,26,Some Travel,Sales,22,1,Marketing ,Sales Executive,87142,No,11-11-2015,Yes,2,1,1,0,29-04-2013,3,3,5,1,2,4,5,4
1AC8-361F,Male,26,Some Travel,Sales,22,1,Marketing ,Sales Executive,87142,No,11-11-2015,Yes,2,1,1,0,28-04-2017,4,5,4,3,0,5,5,5
1AC8-361F,Male,26,Some Travel,Sales,22,1,Marketing ,Sales Executive,87142,No,11-11-2015,Yes,2,1,1,0,28-04-2018,3,4,2,2,1,5,4,3
1E61-70EC,Male,46,Some Travel,Technology,11,4,Information Systems,Software Engineer,56608,Yes,31-03-2012,No,10,3,5,9,17-06-2016,3,2,3,2,1,2,3,2
1E61-70EC,Male,46,Some Travel,Technology,11,4,Information Systems,Software Engineer,56608,Yes,31-03-2012,No,10,3,5,9,17-06-2017,4,3,4,2,0,4,4,3
D93A-CC98,Female,24,Some Travel,Sales,27,4,Marketing,Sales Executive,208684,Yes,06-03-2018,Yes,2,0,0,0,28-04-2016,3,5,3,1,0,4,3,2
D93A-CC98,Female,24,Some Travel,Sales,27,4,Marketing,Sales Executive,208684,Yes,06-03-2018,Yes,2,0,0,0,29-04-2013,4,5,3,1,0,5,5,4
D93A-CC98,Female,24,Some Travel,Sales,27,4,Marketing,Sales Executive,208684,Yes,06-03-2018,Yes,2,0,0,0,28-04-2017,4,3,4,2,0,2,4,3
D93A-CC98,Female,24,Some Travel,Sales,27,4,Marketing,Sales Executive,208684,Yes,06-03-2018,Yes,2,0,0,0,28-04-2018,3,2,4,1,1,3,4,3
5222-EBE1,Male,30,Some Travel,Technology,14,4,Computer Science,Machine Learning Engineer,194823,No,01-04-2012,No,10,4,9,8,05-03-2017,4,4,2,2,0,4,4,4
5222-EBE1,Male,30,Some Travel,Technology,14,4,Computer Science,Machine Learning Engineer,194823,No,01-04-2012,No,10,4,9,8,05-03-2018,4,3,4,3,0,3,5,4
DEBE-1622,Male,28,Frequent Traveller,Technology,22,5,Computer Science,Machine Learning Engineer,205433,No,02-04-2012,Yes,4,1,2,1,29-05-2016,3,2,3,1,0,4,5,4
DEBE-1622,Male,28,Frequent Traveller,Technology,22,5,Computer Science,Machine Learning Engineer,205433,No,02-04-2012,Yes,4,1,2,1,30-05-2013,5,2,4,3,1,2,3,3
DEBE-1622,Male,28,Frequent Traveller,Technology,22,5,Computer Science,Machine Learning Engineer,205433,No,02-04-2012,Yes,4,1,2,1,29-05-2017,5,4,5,2,0,4,4,4
A1B4-5481,Male,25,Some Travel,Sales,37,3,Economics,Sales Executive,79329,No,22-07-2016,Yes,1,1,1,1,30-04-2016,5,3,3,1,0,3,4,3
A1B4-5481,Male,25,Some Travel,Sales,37,3,Economics,Sales Executive,79329,No,22-07-2016,Yes,1,1,1,1,01-05-2013,5,2,2,1,0,4,3,2
A1B4-5481,Male,25,Some Travel,Sales,37,3,Economics,Sales Executive,79329,No,22-07-2016,Yes,1,1,1,1,30-04-2017,5,3,5,3,0,4,3,3
A1B4-5481,Male,25,Some Travel,Sales,37,3,Economics,Sales Executive,79329,No,22-07-2016,Yes,1,1,1,1,30-04-2018,3,3,4,1,0,2,4,4
A366-C17A,Male,42,Some Travel,Technology,34,4,Business Studies,Machine Learning Engineer,126463,No,04-04-2012,No,10,0,1,8,01-03-2017,5,2,4,2,2,4,3,2
A366-C17A,Male,42,Some Travel,Technology,34,4,Business Studies,Machine Learning Engineer,126463,No,04-04-2012,No,10,0,1,8,01-03-2018,3,3,2,1,2,2,3,3
D49C-096C,Non-Binary,26,No Travel ,Sales,10,2,Economics,Sales Executive,55537,No,16-03-2014,Yes,4,1,1,1,30-04-2016,5,5,2,1,1,3,5,4
D49C-096C,Non-Binary,26,No Travel ,Sales,10,2,Economics,Sales Executive,55537,No,16-03-2014,Yes,4,1,1,1,01-05-2013,3,4,2,3,1,2,3,2
D49C-096C,Non-Binary,26,No Travel ,Sales,10,2,Economics,Sales Executive,55537,No,16-03-2014,Yes,4,1,1,1,30-04-2017,3,2,2,3,0,5,5,4
D49C-096C,Non-Binary,26,No Travel ,Sales,10,2,Economics,Sales Executive,55537,No,16-03-2014,Yes,4,1,1,1,30-04-2018,3,4,4,2,1,5,5,4
2962-039F,Female,47,Some Travel,Technology,5,5,Information Systems,Data Scientist,133616,Yes,06-04-2012,No,10,9,9,0,21-08-2016,3,2,2,1,0,2,4,4
2962-039F,Female,47,Some Travel,Technology,5,5,Information Systems,Data Scientist,133616,Yes,06-04-2012,No,10,9,9,0,21-08-2017,4,5,5,1,1,4,3,2
2F04-931F,Male,23,Some Travel,Technology,25,3,Business Studies,Data Scientist,37121,Yes,02-10-2018,Yes,1,0,0,0,30-04-2016,3,2,4,3,2,5,3,3
2F04-931F,Male,23,Some Travel,Technology,25,3,Business Studies,Data Scientist,37121,Yes,02-10-2018,Yes,1,0,0,0,30-04-2017,4,2,3,2,2,4,5,5
2F04-931F,Male,23,Some Travel,Technology,25,3,Business Studies,Data Scientist,37121,Yes,02-10-2018,Yes,1,0,0,0,30-04-2018,3,4,4,1,0,5,5,5
21CB-EF3E,Female,36,Some Travel,Technology,4,3,Information Systems,Senior Software Engineer,208338,No,07-04-2012,No,10,10,10,1,22-10-2016,5,4,3,2,2,5,3,2
21CB-EF3E,Female,36,Some Travel,Technology,4,3,Information Systems,Senior Software Engineer,208338,No,07-04-2012,No,10,10,10,1,22-10-2017,3,4,3,1,0,2,5,4
380E-44B4,Male,21,Some Travel,Technology,19,4,Computer Science,Data Scientist,25255,No,01-08-2022,Yes,0,0,0,0,30-04-2016,3,2,3,2,1,3,5,4
380E-44B4,Male,21,Some Travel,Technology,19,4,Computer Science,Data Scientist,25255,No,01-08-2022,Yes,0,0,0,0,30-04-2017,4,4,2,3,0,2,3,2
380E-44B4,Male,21,Some Travel,Technology,19,4,Computer Science,Data Scientist,25255,No,01-08-2022,Yes,0,0,0,0,30-04-2018,3,5,2,1,0,4,4,4
68FB-06A7,Female,43,Frequent Traveller,Sales,1,3,Marketing,Sales Executive,180996,No,10-04-2012,No,10,8,10,9,13-03-2017,2,4,4,2,0,4,5,5
68FB-06A7,Female,43,Frequent Traveller,Sales,1,3,Marketing,Sales Executive,180996,No,10-04-2012,No,10,8,10,9,13-03-2018,5,4,4,3,2,3,5,5
327B-F6D3,Female,37,Some Travel,Technology,6,2,Computer Science,Data Scientist,42188,No,04-10-2013,Yes,8,3,5,6,01-05-2016,5,2,5,3,1,3,3,2
327B-F6D3,Female,37,Some Travel,Technology,6,2,Computer Science,Data Scientist,42188,No,04-10-2013,Yes,8,3,5,6,02-05-2013,3,5,5,2,0,2,5,5
327B-F6D3,Female,37,Some Travel,Technology,6,2,Computer Science,Data Scientist,42188,No,04-10-2013,Yes,8,3,5,6,01-05-2017,5,3,5,3,3,3,5,5
327B-F6D3,Female,37,Some Travel,Technology,6,2,Computer Science,Data Scientist,42188,No,04-10-2013,Yes,8,3,5,6,01-05-2018,4,3,4,2,0,4,5,4
74F2-5C55,Male,47,Some Travel,Technology,40,2,Computer Science,Data Scientist,108798,No,12-04-2012,No,10,0,4,7,30-12-2016,4,1,2,1,0,3,4,4
74F2-5C55,Male,47,Some Travel,Technology,40,2,Computer Science,Data Scientist,108798,No,12-04-2012,No,10,0,4,7,30-12-2017,3,2,4,2,0,5,4,4
B148-55FB,Male,38,Frequent Traveller,Technology,23,4,Computer Science,Machine Learning Engineer,231699,No,06-11-2018,Yes,1,0,0,0,01-05-2016,3,5,4,1,3,5,5,4
B148-55FB,Male,38,Frequent Traveller,Technology,23,4,Computer Science,Machine Learning Engineer,231699,No,06-11-2018,Yes,1,0,0,0,01-05-2017,3,5,3,3,2,5,4,3
B148-55FB,Male,38,Frequent Traveller,Technology,23,4,Computer Science,Machine Learning Engineer,231699,No,06-11-2018,Yes,1,0,0,0,01-05-2018,4,3,4,2,0,5,4,3
085C-7FC2,Male,47,No Travel ,Sales,17,4,Other,Sales Executive,176158,No,13-04-2012,No,10,9,10,2,20-11-2016,4,5,2,2,3,4,3,2
085C-7FC2,Male,47,No Travel ,Sales,17,4,Other,Sales Executive,176158,No,13-04-2012,No,10,9,10,2,20-11-2017,5,3,4,1,0,4,5,4
EB4F-4D97,Female,25,Some Travel,Technology,20,2,Computer Science,Software Engineer,43438,Yes,29-01-2015,No,7,7,7,3,01-05-2016,5,5,3,1,2,3,4,4
EB4F-4D97,Female,25,Some Travel,Technology,20,2,Computer Science,Software Engineer,43438,Yes,29-01-2015,No,7,7,7,3,02-05-2013,4,5,4,1,3,2,5,4
EB4F-4D97,Female,25,Some Travel,Technology,20,2,Computer Science,Software Engineer,43438,Yes,29-01-2015,No,7,7,7,3,01-05-2017,4,3,3,1,3,5,4,4
AB5F-244C,Male,36,Some Travel,Technology,7,4,Computer Science,Data Scientist,73643,No,14-04-2012,No,10,0,7,9,16-06-2016,4,4,3,1,2,5,3,3
AB5F-244C,Male,36,Some Travel,Technology,7,4,Computer Science,Data Scientist,73643,No,14-04-2012,No,10,0,7,9,16-06-2017,3,4,2,3,1,4,3,3
1472-9F69,Male,27,Some Travel,Sales,1,4,Marketing ,Sales Representative,30870,No,28-12-2014,Yes,3,1,2,3,02-05-2016,4,4,4,1,0,5,5,4
1472-9F69,Male,27,Some Travel,Sales,1,4,Marketing ,Sales Representative,30870,No,28-12-2014,Yes,3,1,2,3,03-05-2013,5,4,4,3,0,4,5,5
1472-9F69,Male,27,Some Travel,Sales,1,4,Marketing ,Sales Representative,30870,No,28-12-2014,Yes,3,1,2,3,02-05-2017,4,2,3,2,0,5,4,3
1472-9F69,Male,27,Some Travel,Sales,1,4,Marketing ,Sales Representative,30870,No,28-12-2014,Yes,3,1,2,3,02-05-2018,4,5,2,2,3,3,3,2
55D6-1423,Male,43,No Travel ,Technology,15,2,Other,Machine Learning Engineer,76826,No,14-04-2012,No,10,9,9,7,04-08-2016,4,3,3,3,0,4,3,3
55D6-1423,Male,43,No Travel ,Technology,15,2,Other,Machine Learning Engineer,76826,No,14-04-2012,No,10,9,9,7,04-08-2017,3,5,5,3,3,3,4,4
59DB-8465,Female,47,Frequent Traveller,Human Resources,3,3,Marketing ,HR Executive,85744,No,02-03-2013,No,9,0,9,8,02-05-2016,5,5,4,2,0,4,3,2
59DB-8465,Female,47,Frequent Traveller,Human Resources,3,3,Marketing ,HR Executive,85744,No,02-03-2013,No,9,0,9,8,02-05-2017,4,4,3,2,3,2,5,5
59DB-8465,Female,47,Frequent Traveller,Human Resources,3,3,Marketing ,HR Executive,85744,No,02-03-2013,No,9,0,9,8,02-05-2018,4,5,4,2,1,2,3,3
58C8-63FA,Male,38,Some Travel,Technology,40,4,Computer Science,Senior Software Engineer,126505,No,15-04-2012,No,10,1,5,8,09-12-2016,4,2,3,2,1,2,5,5
58C8-63FA,Male,38,Some Travel,Technology,40,4,Computer Science,Senior Software Engineer,126505,No,15-04-2012,No,10,1,5,8,09-12-2017,5,4,3,2,1,4,3,2
D31B-BEF8,Male,25,Frequent Traveller,Sales,19,4,Marketing ,Sales Representative,28090,No,31-08-2016,Yes,0,0,0,0,03-05-2016,5,2,3,3,0,2,3,2
D31B-BEF8,Male,25,Frequent Traveller,Sales,19,4,Marketing ,Sales Representative,28090,No,31-08-2016,Yes,0,0,0,0,04-05-2013,4,5,4,3,0,4,5,4
D31B-BEF8,Male,25,Frequent Traveller,Sales,19,4,Marketing ,Sales Representative,28090,No,31-08-2016,Yes,0,0,0,0,03-05-2017,5,2,2,3,0,5,4,4
D31B-BEF8,Male,25,Frequent Traveller,Sales,19,4,Marketing ,Sales Representative,28090,No,31-08-2016,Yes,0,0,0,0,03-05-2018,4,3,5,1,0,4,4,3
87D2-8B67,Female,45,Some Travel,Technology,34,2,Information Systems,Machine Learning Engineer,152278,Yes,18-04-2012,No,10,8,8,2,01-10-2016,4,5,2,1,3,3,3,3
87D2-8B67,Female,45,Some Travel,Technology,34,2,Information Systems,Machine Learning Engineer,152278,Yes,18-04-2012,No,10,8,8,2,01-10-2017,5,2,4,2,3,2,5,5
565B-C207,Female,30,No Travel ,Technology,3,3,Information Systems,Data Scientist,47338,No,08-05-2013,No,9,4,9,1,03-05-2016,4,3,5,3,2,4,3,3
565B-C207,Female,30,No Travel ,Technology,3,3,Information Systems,Data Scientist,47338,No,08-05-2013,No,9,4,9,1,03-05-2017,3,2,4,1,3,4,5,4
565B-C207,Female,30,No Travel ,Technology,3,3,Information Systems,Data Scientist,47338,No,08-05-2013,No,9,4,9,1,03-05-2018,3,2,5,3,1,4,5,5
9FE1-0345,Male,28,Some Travel,Technology,6,1,Information Systems,Data Scientist,87175,No,21-04-2012,No,10,6,10,7,01-12-2016,4,4,3,1,0,3,5,4
9FE1-0345,Male,28,Some Travel,Technology,6,1,Information Systems,Data Scientist,87175,No,21-04-2012,No,10,6,10,7,01-12-2017,5,3,4,3,2,3,3,3
13E5-2F17,Male,24,Frequent Traveller,Technology,15,3,Computer Science,Senior Software Engineer,139627,No,27-01-2016,Yes,5,0,4,1,04-05-2016,3,2,3,3,0,3,3,3
13E5-2F17,Male,24,Frequent Traveller,Technology,15,3,Computer Science,Senior Software Engineer,139627,No,27-01-2016,Yes,5,0,4,1,05-05-2013,5,4,5,1,0,4,4,4
13E5-2F17,Male,24,Frequent Traveller,Technology,15,3,Computer Science,Senior Software Engineer,139627,No,27-01-2016,Yes,5,0,4,1,04-05-2017,3,5,2,2,0,2,5,4
13E5-2F17,Male,24,Frequent Traveller,Technology,15,3,Computer Science,Senior Software Engineer,139627,No,27-01-2016,Yes,5,0,4,1,04-05-2018,4,2,4,1,0,3,3,3
EBBD-37D4,Non-Binary,35,Some Travel,Sales,26,4,Marketing,Sales Executive,98435,No,23-04-2012,No,10,7,9,9,02-11-2016,3,3,3,1,2,5,4,4
EBBD-37D4,Non-Binary,35,Some Travel,Sales,26,4,Marketing,Sales Executive,98435,No,23-04-2012,No,10,7,9,9,02-11-2017,5,4,2,2,0,3,4,4
ADF8-AD57,Male,27,Some Travel,Technology,28,3,Computer Science,Data Scientist,20387,No,16-08-2016,Yes,0,0,0,0,04-05-2016,4,5,2,2,2,5,4,3
ADF8-AD57,Male,27,Some Travel,Technology,28,3,Computer Science,Data Scientist,20387,No,16-08-2016,Yes,0,0,0,0,05-05-2013,5,4,3,3,0,4,3,3
ADF8-AD57,Male,27,Some Travel,Technology,28,3,Computer Science,Data Scientist,20387,No,16-08-2016,Yes,0,0,0,0,04-05-2017,3,2,5,1,2,2,4,4
ADF8-AD57,Male,27,Some Travel,Technology,28,3,Computer Science,Data Scientist,20387,No,16-08-2016,Yes,0,0,0,0,04-05-2018,5,5,3,1,1,4,5,4
9F65-F612,Female,28,Some Travel,Technology,33,3,Computer Science,Data Scientist,54536,No,23-04-2012,Yes,3,3,3,2,16-05-2016,3,3,5,3,0,5,3,3
9F65-F612,Female,28,Some Travel,Technology,33,3,Computer Science,Data Scientist,54536,No,23-04-2012,Yes,3,3,3,2,17-05-2013,5,5,3,2,1,3,4,3
9F65-F612,Female,28,Some Travel,Technology,33,3,Computer Science,Data Scientist,54536,No,23-04-2012,Yes,3,3,3,2,16-05-2017,5,5,3,3,1,5,3,3
FE2B-3DC7,Female,28,Some Travel,Technology,23,3,Information Systems,Data Scientist,35606,Yes,07-05-2012,Yes,5,3,4,5,05-05-2016,4,5,2,3,0,3,4,3
FE2B-3DC7,Female,28,Some Travel,Technology,23,3,Information Systems,Data Scientist,35606,Yes,07-05-2012,Yes,5,3,4,5,06-05-2013,5,2,5,2,2,5,3,3
FE2B-3DC7,Female,28,Some Travel,Technology,23,3,Information Systems,Data Scientist,35606,Yes,07-05-2012,Yes,5,3,4,5,05-05-2017,3,3,2,3,1,5,5,4
FE2B-3DC7,Female,28,Some Travel,Technology,23,3,Information Systems,Data Scientist,35606,Yes,07-05-2012,Yes,5,3,4,5,05-05-2018,5,4,2,1,1,2,3,2
3994-472A,Male,29,Some Travel,Technology,33,3,Computer Science,Software Engineer,153909,No,23-04-2012,No,10,10,10,2,26-11-2016,4,4,4,2,0,3,3,2
3994-472A,Male,29,Some Travel,Technology,33,3,Computer Science,Software Engineer,153909,No,23-04-2012,No,10,10,10,2,26-11-2017,4,2,2,2,1,3,3,2
F3D0-41D1,Male,20,Some Travel,Technology,34,4,Computer Science,Software Engineer,22925,Yes,13-06-2021,Yes,1,0,0,0,05-05-2016,1,4,3,3,1,1,3,2
F3D0-41D1,Male,20,Some Travel,Technology,34,4,Computer Science,Software Engineer,22925,Yes,13-06-2021,Yes,1,0,0,0,05-05-2017,3,4,2,1,0,4,3,2
F3D0-41D1,Male,20,Some Travel,Technology,34,4,Computer Science,Software Engineer,22925,Yes,13-06-2021,Yes,1,0,0,0,05-05-2018,4,5,2,2,1,3,3,3
02DA-7A72,Male,29,Frequent Traveller,Sales,42,3,Technical Degree,Sales Representative,78726,No,25-04-2012,Yes,6,0,1,1,15-01-2017,5,3,3,3,0,3,4,4
02DA-7A72,Male,29,Frequent Traveller,Sales,42,3,Technical Degree,Sales Representative,78726,No,25-04-2012,Yes,6,0,1,1,16-01-2013,5,5,5,1,0,2,4,4
02DA-7A72,Male,29,Frequent Traveller,Sales,42,3,Technical Degree,Sales Representative,78726,No,25-04-2012,Yes,6,0,1,1,16-01-2014,4,2,3,2,0,4,4,4
02DA-7A72,Male,29,Frequent Traveller,Sales,42,3,Technical Degree,Sales Representative,78726,No,25-04-2012,Yes,6,0,1,1,15-01-2018,3,3,3,3,2,2,3,2
2CA8-4E1B,Non-Binary,23,Some Travel,Technology,7,3,Business Studies,Software Engineer,28753,No,02-05-2017,Yes,2,1,1,0,06-05-2016,2,1,1,3,0,3,3,3
2CA8-4E1B,Non-Binary,23,Some Travel,Technology,7,3,Business Studies,Software Engineer,28753,No,02-05-2017,Yes,2,1,1,0,07-05-2013,3,3,2,1,1,2,4,3
2CA8-4E1B,Non-Binary,23,Some Travel,Technology,7,3,Business Studies,Software Engineer,28753,No,02-05-2017,Yes,2,1,1,0,06-05-2017,3,2,4,3,1,5,4,4
2CA8-4E1B,Non-Binary,23,Some Travel,Technology,7,3,Business Studies,Software Engineer,28753,No,02-05-2017,Yes,2,1,1,0,06-05-2018,3,3,3,1,1,2,5,4
8567-5B27,Female,28,Frequent Traveller,Sales,32,1,Technical Degree,Sales Representative,53439,Yes,27-04-2012,Yes,3,0,0,1,06-03-2017,4,3,4,1,3,5,5,4
8567-5B27,Female,28,Frequent Traveller,Sales,32,1,Technical Degree,Sales Representative,53439,Yes,27-04-2012,Yes,3,0,0,1,06-03-2018,5,4,2,2,2,5,3,2
08E4-D3D5,Male,21,Some Travel,Technology,25,4,Computer Science,Data Scientist,34634,No,11-12-2019,Yes,1,1,1,1,06-05-2016,1,4,2,1,2,3,3,2
08E4-D3D5,Male,21,Some Travel,Technology,25,4,Computer Science,Data Scientist,34634,No,11-12-2019,Yes,1,1,1,1,06-05-2017,3,2,4,2,0,4,5,5
08E4-D3D5,Male,21,Some Travel,Technology,25,4,Computer Science,Data Scientist,34634,No,11-12-2019,Yes,1,1,1,1,06-05-2018,5,5,2,2,1,3,3,3
5237-1B85,Female,28,Some Travel,Technology,9,4,Computer Science,Software Engineer,43578,Yes,27-04-2012,Yes,5,3,5,5,21-02-2017,3,3,3,2,0,5,5,4
5237-1B85,Female,28,Some Travel,Technology,9,4,Computer Science,Software Engineer,43578,Yes,27-04-2012,Yes,5,3,5,5,21-02-2018,4,2,4,1,2,2,4,4
5237-1B85,Female,28,Some Travel,Technology,9,4,Computer Science,Software Engineer,43578,Yes,27-04-2012,Yes,5,3,5,5,22-02-2014,4,2,3,1,1,3,4,4
D2BE-E6F6,Female,31,Frequent Traveller,Sales,28,2,Marketing ,Sales Executive,183189,No,01-01-2014,No,8,3,6,6,06-05-2016,4,2,2,2,2,1,3,3
D2BE-E6F6,Female,31,Frequent Traveller,Sales,28,2,Marketing ,Sales Executive,183189,No,01-01-2014,No,8,3,6,6,06-05-2017,4,5,2,2,1,2,5,4
D2BE-E6F6,Female,31,Frequent Traveller,Sales,28,2,Marketing ,Sales Executive,183189,No,01-01-2014,No,8,3,6,6,06-05-2018,4,2,2,2,1,4,5,5
F93D-CB5A,Female,40,Some Travel,Technology,26,3,Information Systems,Senior Software Engineer,120858,No,29-04-2012,No,10,9,9,8,22-12-2016,4,4,5,3,1,5,4,4
F93D-CB5A,Female,40,Some Travel,Technology,26,3,Information Systems,Senior Software Engineer,120858,No,29-04-2012,No,10,9,9,8,22-12-2017,4,5,5,1,2,3,5,4
9BD6-2C43,Non-Binary,27,No Travel ,Sales,2,3,Other,Sales Executive,92022,No,06-01-2015,No,7,7,7,0,06-05-2016,4,2,4,1,1,2,4,4
9BD6-2C43,Non-Binary,27,No Travel ,Sales,2,3,Other,Sales Executive,92022,No,06-01-2015,No,7,7,7,0,07-05-2013,3,4,2,2,1,3,3,2
9BD6-2C43,Non-Binary,27,No Travel ,Sales,2,3,Other,Sales Executive,92022,No,06-01-2015,No,7,7,7,0,06-05-2017,4,5,4,1,1,2,5,5
B785-D8F8,Male,32,Some Travel,Technology,36,2,Computer Science,Software Engineer,78672,No,29-04-2012,No,10,6,9,5,09-06-2016,3,3,3,1,1,4,3,3
B785-D8F8,Male,32,Some Travel,Technology,36,2,Computer Science,Software Engineer,78672,No,29-04-2012,No,10,6,9,5,09-06-2017,4,3,4,3,2,4,4,4
E8B6-8BAE,Male,29,Some Travel,Sales,18,2,Economics,Sales Executive,225330,No,02-03-2022,Yes,0,0,0,0,07-05-2016,1,4,2,1,1,4,5,5
E8B6-8BAE,Male,29,Some Travel,Sales,18,2,Economics,Sales Executive,225330,No,02-03-2022,Yes,0,0,0,0,07-05-2017,4,3,5,2,2,4,3,3
E8B6-8BAE,Male,29,Some Travel,Sales,18,2,Economics,Sales Executive,225330,No,02-03-2022,Yes,0,0,0,0,07-05-2018,3,2,3,3,0,5,4,3
A9EB-9E41,Female,30,Some Travel,Technology,30,1,Computer Science,Machine Learning Engineer,228438,No,30-04-2012,No,10,6,9,10,25-12-2016,4,5,2,1,1,2,4,4
A9EB-9E41,Female,30,Some Travel,Technology,30,1,Computer Science,Machine Learning Engineer,228438,No,30-04-2012,No,10,6,9,10,25-12-2017,5,3,2,2,0,4,5,5
291F-B604,Male,26,Some Travel,Technology,3,4,Information Systems,Data Scientist,28952,Yes,22-10-2016,Yes,0,0,0,0,08-05-2016,3,4,4,2,0,3,5,5
291F-B604,Male,26,Some Travel,Technology,3,4,Information Systems,Data Scientist,28952,Yes,22-10-2016,Yes,0,0,0,0,09-05-2013,3,5,2,3,2,4,3,2
291F-B604,Male,26,Some Travel,Technology,3,4,Information Systems,Data Scientist,28952,Yes,22-10-2016,Yes,0,0,0,0,08-05-2017,4,4,5,2,1,5,4,3
291F-B604,Male,26,Some Travel,Technology,3,4,Information Systems,Data Scientist,28952,Yes,22-10-2016,Yes,0,0,0,0,08-05-2018,3,2,3,1,1,3,3,3
C25C-C434,Female,35,Frequent Traveller,Technology,39,4,Computer Science,Software Engineer,71257,No,01-05-2012,No,10,1,6,10,18-11-2016,3,3,2,1,0,2,5,5
C25C-C434,Female,35,Frequent Traveller,Technology,39,4,Computer Science,Software Engineer,71257,No,01-05-2012,No,10,1,6,10,18-11-2017,5,4,4,2,3,2,4,3
692B-7152,Male,47,Some Travel,Sales,42,3,Marketing ,Sales Executive,249553,No,20-05-2012,No,10,3,4,9,08-05-2016,1,1,1,1,3,3,4,4
692B-7152,Male,47,Some Travel,Sales,42,3,Marketing ,Sales Executive,249553,No,20-05-2012,No,10,3,4,9,08-05-2017,4,4,4,2,0,5,5,4
692B-7152,Male,47,Some Travel,Sales,42,3,Marketing ,Sales Executive,249553,No,20-05-2012,No,10,3,4,9,08-05-2018,4,4,5,1,0,4,5,5
F265-79B0,Female,37,Frequent Traveller,Technology,14,4,Computer Science,Machine Learning Engineer,99936,No,01-05-2012,No,10,9,10,6,01-12-2016,5,5,3,1,0,3,3,3
F265-79B0,Female,37,Frequent Traveller,Technology,14,4,Computer Science,Machine Learning Engineer,99936,No,01-05-2012,No,10,9,10,6,01-12-2017,3,5,5,3,0,2,4,4
4657-FE18,Non-Binary,29,Some Travel,Technology,25,2,Information Systems,Senior Software Engineer,145716,No,22-02-2018,Yes,1,0,1,1,09-05-2016,2,4,1,1,2,2,4,4
4657-FE18,Non-Binary,29,Some Travel,Technology,25,2,Information Systems,Senior Software Engineer,145716,No,22-02-2018,Yes,1,0,1,1,10-05-2013,3,4,5,1,0,3,4,3
4657-FE18,Non-Binary,29,Some Travel,Technology,25,2,Information Systems,Senior Software Engineer,145716,No,22-02-2018,Yes,1,0,1,1,09-05-2017,5,2,2,3,1,3,3,2
4657-FE18,Non-Binary,29,Some Travel,Technology,25,2,Information Systems,Senior Software Engineer,145716,No,22-02-2018,Yes,1,0,1,1,09-05-2018,3,4,2,3,1,2,3,3
9937-CDF7,Male,28,Some Travel,Sales,19,2,Marketing,Sales Representative,56122,Yes,31-03-2013,Yes,7,5,5,0,11-01-2013,5,5,2,2,0,2,5,5
9937-CDF7,Male,28,Some Travel,Sales,19,2,Marketing,Sales Representative,56122,Yes,31-03-2013,Yes,7,5,5,0,10-01-2017,4,4,4,2,2,4,5,5
9937-CDF7,Male,28,Some Travel,Sales,19,2,Marketing,Sales Representative,56122,Yes,31-03-2013,Yes,7,5,5,0,11-01-2014,5,3,3,3,0,5,3,3
9937-CDF7,Male,28,Some Travel,Sales,19,2,Marketing,Sales Representative,56122,Yes,31-03-2013,Yes,7,5,5,0,10-01-2018,4,2,2,2,2,4,5,5
D199-1896,Female,42,Some Travel,Sales,39,3,Economics,Sales Executive,206277,No,02-05-2012,No,10,6,10,1,26-10-2016,3,5,5,1,0,4,4,3
D199-1896,Female,42,Some Travel,Sales,39,3,Economics,Sales Executive,206277,No,02-05-2012,No,10,6,10,1,26-10-2017,3,3,5,3,1,4,3,2
D24B-5AC8,Male,24,Some Travel,Technology,45,4,Information Systems,Data Scientist,38022,No,14-07-2017,No,5,5,5,1,23-04-2013,4,3,4,3,1,4,4,4
9AAD-D3C1,Female,45,Some Travel,Sales,43,2,Other,Sales Executive,106610,Yes,03-05-2012,No,10,0,7,5,24-06-2016,4,2,5,3,0,4,3,3
9AAD-D3C1,Female,45,Some Travel,Sales,43,2,Other,Sales Executive,106610,Yes,03-05-2012,No,10,0,7,5,24-06-2017,3,4,4,3,3,2,3,3
8EBD-B3E8,Male,25,Some Travel,Technology,14,2,Computer Science,Software Engineer,40079,Yes,12-11-2018,No,4,3,4,1,09-05-2016,3,4,3,2,1,3,4,3
9D7B-9B37,Female,28,Some Travel,Sales,8,3,Marketing,Sales Executive,194964,Yes,04-05-2012,No,10,2,2,8,05-06-2016,3,3,4,2,0,4,4,4
9D7B-9B37,Female,28,Some Travel,Sales,8,3,Marketing,Sales Executive,194964,Yes,04-05-2012,No,10,2,2,8,05-06-2017,4,2,4,3,0,4,3,2
E28D-424B,Non-Binary,22,Some Travel,Sales,5,1,Economics,Sales Executive,64689,No,19-01-2020,Yes,1,1,1,1,10-05-2016,3,2,2,2,2,4,5,4
E28D-424B,Non-Binary,22,Some Travel,Sales,5,1,Economics,Sales Executive,64689,No,19-01-2020,Yes,1,1,1,1,10-05-2017,5,5,4,3,2,2,5,5
E28D-424B,Non-Binary,22,Some Travel,Sales,5,1,Economics,Sales Executive,64689,No,19-01-2020,Yes,1,1,1,1,10-05-2018,3,5,3,1,2,3,4,4
E9B9-3944,Male,42,Some Travel,Technology,5,1,Computer Science,Data Scientist,47461,No,05-05-2012,No,10,4,7,5,14-06-2016,5,5,4,1,0,3,4,3
E9B9-3944,Male,42,Some Travel,Technology,5,1,Computer Science,Data Scientist,47461,No,05-05-2012,No,10,4,7,5,14-06-2017,4,3,4,2,1,2,5,4
7B47-C915,Female,36,Some Travel,Sales,23,4,Marketing,Sales Executive,195502,No,23-02-2014,No,8,0,3,0,10-05-2016,3,3,2,2,2,5,5,4
7B47-C915,Female,36,Some Travel,Sales,23,4,Marketing,Sales Executive,195502,No,23-02-2014,No,8,0,3,0,10-05-2017,3,3,5,2,2,2,3,3
4CCA-B1E6,Male,43,Some Travel,Sales,39,2,Marketing,Sales Executive,176705,No,05-05-2012,No,10,5,7,7,26-06-2016,3,3,4,1,0,5,5,4
4CCA-B1E6,Male,43,Some Travel,Sales,39,2,Marketing,Sales Executive,176705,No,05-05-2012,No,10,5,7,7,26-06-2017,4,2,4,2,0,2,4,3
A848-F98B,Male,25,Some Travel,Technology,37,2,Computer Science,Data Scientist,38038,No,26-01-2018,Yes,2,1,1,1,11-05-2016,3,4,2,1,0,5,3,2
A848-F98B,Male,25,Some Travel,Technology,37,2,Computer Science,Data Scientist,38038,No,26-01-2018,Yes,2,1,1,1,12-05-2013,5,4,2,1,0,4,5,4
A848-F98B,Male,25,Some Travel,Technology,37,2,Computer Science,Data Scientist,38038,No,26-01-2018,Yes,2,1,1,1,11-05-2017,4,3,4,1,0,5,4,4
41FE-D257,Male,23,Frequent Traveller,Sales,31,3,Technical Degree,Sales Representative,23505,No,12-07-2017,Yes,1,0,0,0,12-05-2016,5,5,5,1,0,4,5,4
41FE-D257,Male,23,Frequent Traveller,Sales,31,3,Technical Degree,Sales Representative,23505,No,12-07-2017,Yes,1,0,0,0,13-05-2013,3,4,5,2,0,3,3,3
41FE-D257,Male,23,Frequent Traveller,Sales,31,3,Technical Degree,Sales Representative,23505,No,12-07-2017,Yes,1,0,0,0,12-05-2017,4,3,5,2,1,4,4,4
A690-3D5D,Female,35,Some Travel,Technology,7,3,Information Systems,Senior Software Engineer,253952,Yes,02-10-2013,No,9,9,9,4,12-05-2016,3,2,5,2,0,4,3,2
A690-3D5D,Female,35,Some Travel,Technology,7,3,Information Systems,Senior Software Engineer,253952,Yes,02-10-2013,No,9,9,9,4,12-05-2017,5,4,3,1,3,5,3,2
3560-C117,Female,28,Frequent Traveller,Technology,4,3,Computer Science,Data Scientist,65659,Yes,09-05-2012,Yes,2,0,0,0,26-02-2017,3,3,3,2,1,4,5,5
3560-C117,Female,28,Frequent Traveller,Technology,4,3,Computer Science,Data Scientist,65659,Yes,09-05-2012,Yes,2,0,0,0,26-02-2018,5,5,2,1,0,5,5,5
3560-C117,Female,28,Frequent Traveller,Technology,4,3,Computer Science,Data Scientist,65659,Yes,09-05-2012,Yes,2,0,0,0,27-02-2014,5,2,2,2,0,4,3,3
9169-FC4B,Male,28,Some Travel,Human Resources,18,2,Economics,HR Executive,179561,No,09-05-2012,Yes,1,0,0,1,20-05-2016,4,4,3,1,0,3,5,5
9169-FC4B,Male,28,Some Travel,Human Resources,18,2,Economics,HR Executive,179561,No,09-05-2012,Yes,1,0,0,1,21-05-2013,4,5,5,2,1,4,3,2
9169-FC4B,Male,28,Some Travel,Human Resources,18,2,Economics,HR Executive,179561,No,09-05-2012,Yes,1,0,0,1,20-05-2017,4,2,5,2,0,5,3,2
C9FF-3A25,Male,28,No Travel ,Technology,17,2,Information Systems,Software Engineer,54324,Yes,10-09-2015,Yes,3,3,3,1,13-05-2016,5,3,5,2,2,5,5,5
C9FF-3A25,Male,28,No Travel ,Technology,17,2,Information Systems,Software Engineer,54324,Yes,10-09-2015,Yes,3,3,3,1,14-05-2013,3,3,2,3,2,3,4,3
C9FF-3A25,Male,28,No Travel ,Technology,17,2,Information Systems,Software Engineer,54324,Yes,10-09-2015,Yes,3,3,3,1,13-05-2017,3,5,5,2,1,3,3,3
4404-DE5A,Female,32,Some Travel,Technology,39,1,Computer Science,Software Engineer,68256,No,10-05-2012,No,10,7,9,6,12-09-2016,3,5,5,1,3,2,5,4
4404-DE5A,Female,32,Some Travel,Technology,39,1,Computer Science,Software Engineer,68256,No,10-05-2012,No,10,7,9,6,12-09-2017,3,4,3,1,0,3,4,4
EE12-1C73,Female,21,Some Travel,Technology,17,3,Computer Science,Senior Software Engineer,44940,No,07-10-2019,No,3,3,3,0,23-04-2013,3,4,5,3,0,4,3,3
F9B6-C80B,Female,43,Some Travel,Technology,10,3,Computer Science,Software Engineer,43211,No,12-05-2012,No,10,2,6,9,03-07-2016,4,3,5,1,0,2,5,5
F9B6-C80B,Female,43,Some Travel,Technology,10,3,Computer Science,Software Engineer,43211,No,12-05-2012,No,10,2,6,9,03-07-2017,5,4,4,1,0,2,4,3
1F0F-458C,Female,29,Some Travel,Technology,3,3,Business Studies,Data Scientist,60388,Yes,11-04-2013,Yes,5,1,3,1,14-05-2016,5,4,5,3,0,3,4,4
1F0F-458C,Female,29,Some Travel,Technology,3,3,Business Studies,Data Scientist,60388,Yes,11-04-2013,Yes,5,1,3,1,15-05-2013,3,4,4,1,1,5,5,4
1F0F-458C,Female,29,Some Travel,Technology,3,3,Business Studies,Data Scientist,60388,Yes,11-04-2013,Yes,5,1,3,1,14-05-2017,3,3,2,3,1,4,4,3
B1EC-849B,Female,28,Some Travel,Sales,1,4,Marketing ,Sales Executive,87039,No,13-05-2012,No,10,3,5,4,05-03-2017,3,5,5,2,1,4,3,3
B1EC-849B,Female,28,Some Travel,Sales,1,4,Marketing ,Sales Executive,87039,No,13-05-2012,No,10,3,5,4,05-03-2018,5,3,2,3,0,4,3,3
DE6C-86FC,Non-Binary,43,Some Travel,Technology,31,4,Computer Science,Software Engineer,130665,No,10-12-2013,No,9,6,9,6,15-05-2016,5,3,3,1,2,3,4,4
DE6C-86FC,Non-Binary,43,Some Travel,Technology,31,4,Computer Science,Software Engineer,130665,No,10-12-2013,No,9,6,9,6,15-05-2017,4,2,4,1,0,4,3,2
7B98-EA6F,Male,44,Some Travel,Technology,23,3,Information Systems,Data Scientist,108623,No,13-05-2012,No,10,3,3,8,09-07-2016,5,3,2,3,1,5,3,2
7B98-EA6F,Male,44,Some Travel,Technology,23,3,Information Systems,Data Scientist,108623,No,13-05-2012,No,10,3,3,8,09-07-2017,4,4,4,1,0,3,5,5
FFCF-0BD5,Prefer Not To Say,23,Some Travel,Human Resources,42,1,Marketing ,Recruiter,30683,No,25-06-2017,No,5,5,5,5,15-05-2016,4,3,2,3,2,5,3,2
FFCF-0BD5,Prefer Not To Say,23,Some Travel,Human Resources,42,1,Marketing ,Recruiter,30683,No,25-06-2017,No,5,5,5,5,15-05-2017,3,4,4,1,1,4,5,5
C385-CDBE,Female,36,Some Travel,Technology,41,3,Computer Science,Machine Learning Engineer,218940,Yes,14-05-2012,No,10,6,8,5,28-06-2016,5,5,4,3,0,3,5,5
C385-CDBE,Female,36,Some Travel,Technology,41,3,Computer Science,Machine Learning Engineer,218940,Yes,14-05-2012,No,10,6,8,5,28-06-2017,5,3,4,1,2,2,3,2
0A05-3943,Female,26,Some Travel,Technology,20,3,Business Studies,Software Engineer,33273,Yes,20-01-2015,Yes,2,1,1,0,16-05-2016,4,2,2,2,0,2,5,5
0A05-3943,Female,26,Some Travel,Technology,20,3,Business Studies,Software Engineer,33273,Yes,20-01-2015,Yes,2,1,1,0,17-05-2013,5,4,5,2,1,3,5,4
0A05-3943,Female,26,Some Travel,Technology,20,3,Business Studies,Software Engineer,33273,Yes,20-01-2015,Yes,2,1,1,0,16-05-2017,4,5,2,2,1,2,4,4
64D6-0D5F,Non-Binary,37,Some Travel,Technology,28,3,Information Systems,Analytics Manager,368494,Yes,14-05-2012,No,10,8,9,6,16-05-2016,3,2,5,3,1,4,4,4
64D6-0D5F,Non-Binary,37,Some Travel,Technology,28,3,Information Systems,Analytics Manager,368494,Yes,14-05-2012,No,10,8,9,6,16-05-2017,4,4,5,2,1,4,5,4
9085-1FE8,Female,35,Some Travel,Technology,32,2,Business Studies,Data Scientist,119917,Yes,15-05-2012,No,10,5,7,4,28-09-2016,3,4,4,2,1,3,5,5
9085-1FE8,Female,35,Some Travel,Technology,32,2,Business Studies,Data Scientist,119917,Yes,15-05-2012,No,10,5,7,4,28-09-2017,4,5,3,2,1,4,5,5
9728-1A5B,Male,48,Some Travel,Sales,33,2,Marketing ,Sales Executive,191771,No,17-05-2012,No,10,0,10,4,14-11-2016,4,3,3,2,2,5,3,3
9728-1A5B,Male,48,Some Travel,Sales,33,2,Marketing ,Sales Executive,191771,No,17-05-2012,No,10,0,10,4,14-11-2017,5,3,4,2,0,5,4,3
9D3C-DA45,Male,32,Some Travel,Technology,24,3,Information Systems,Data Scientist,41857,No,12-04-2013,No,9,0,5,2,17-05-2016,4,3,5,3,1,2,5,5
9D3C-DA45,Male,32,Some Travel,Technology,24,3,Information Systems,Data Scientist,41857,No,12-04-2013,No,9,0,5,2,17-05-2017,4,2,3,3,0,5,3,3
3EB2-9111,Male,48,Some Travel,Technology,26,4,Information Systems,Data Scientist,35749,No,17-05-2012,No,10,7,7,8,23-06-2016,5,3,3,3,1,4,4,4
3EB2-9111,Male,48,Some Travel,Technology,26,4,Information Systems,Data Scientist,35749,No,17-05-2012,No,10,7,7,8,23-06-2017,4,4,4,2,1,2,3,2
2523-EFD4,Female,34,Some Travel,Technology,14,2,Information Systems,Senior Software Engineer,154405,No,27-05-2013,No,9,7,7,1,18-05-2016,3,2,2,2,1,4,4,4
2523-EFD4,Female,34,Some Travel,Technology,14,2,Information Systems,Senior Software Engineer,154405,No,27-05-2013,No,9,7,7,1,18-05-2017,3,2,2,1,2,4,5,4
C330-DAF4,Female,34,Some Travel,Sales,16,2,Economics,Sales Executive,100710,Yes,20-05-2012,No,10,10,10,2,15-01-2017,4,2,5,2,1,3,3,3
C330-DAF4,Female,34,Some Travel,Sales,16,2,Economics,Sales Executive,100710,Yes,20-05-2012,No,10,10,10,2,15-01-2018,4,2,5,2,1,5,5,4
4D59-B831,Female,25,Some Travel,Human Resources,14,1,Human Resources,Recruiter,22150,No,25-06-2018,Yes,2,0,1,1,19-05-2016,4,3,3,3,1,3,5,5
4D59-B831,Female,25,Some Travel,Human Resources,14,1,Human Resources,Recruiter,22150,No,25-06-2018,Yes,2,0,1,1,20-05-2013,4,3,2,3,1,2,5,4
4D59-B831,Female,25,Some Travel,Human Resources,14,1,Human Resources,Recruiter,22150,No,25-06-2018,Yes,2,0,1,1,19-05-2017,4,4,2,3,2,3,4,4
041A-31B0,Female,34,Some Travel,Technology,41,3,Computer Science,Software Engineer,50386,No,20-05-2012,No,10,8,9,10,29-01-2017,3,5,5,2,0,3,5,4
041A-31B0,Female,34,Some Travel,Technology,41,3,Computer Science,Software Engineer,50386,No,20-05-2012,No,10,8,9,10,29-01-2018,4,4,2,1,2,3,3,2
5060-A677,Male,26,Frequent Traveller,Technology,45,3,Information Systems,Machine Learning Engineer,108865,No,21-01-2016,Yes,1,0,0,1,19-05-2016,5,4,3,3,3,4,5,5
5060-A677,Male,26,Frequent Traveller,Technology,45,3,Information Systems,Machine Learning Engineer,108865,No,21-01-2016,Yes,1,0,0,1,20-05-2013,4,2,3,3,1,3,4,4
5060-A677,Male,26,Frequent Traveller,Technology,45,3,Information Systems,Machine Learning Engineer,108865,No,21-01-2016,Yes,1,0,0,1,19-05-2017,3,2,2,2,1,2,3,2
8EE9-E86D,Male,46,Some Travel,Human Resources,45,3,Human Resources,Recruiter,48740,Yes,20-05-2012,Yes,10,8,9,6,04-02-2017,5,5,2,3,1,2,3,3
8EE9-E86D,Male,46,Some Travel,Human Resources,45,3,Human Resources,Recruiter,48740,Yes,20-05-2012,Yes,10,8,9,6,05-02-2014,4,5,5,2,1,2,4,4
8EE9-E86D,Male,46,Some Travel,Human Resources,45,3,Human Resources,Recruiter,48740,Yes,20-05-2012,Yes,10,8,9,6,04-02-2018,3,4,3,3,1,5,5,4
A2D0-E2D2,Female,26,Some Travel,Technology,25,3,Information Systems,Software Engineer,22089,Yes,15-12-2014,Yes,1,0,0,0,19-05-2016,3,4,4,1,1,4,4,3
A2D0-E2D2,Female,26,Some Travel,Technology,25,3,Information Systems,Software Engineer,22089,Yes,15-12-2014,Yes,1,0,0,0,20-05-2013,5,2,5,3,2,4,5,5
A2D0-E2D2,Female,26,Some Travel,Technology,25,3,Information Systems,Software Engineer,22089,Yes,15-12-2014,Yes,1,0,0,0,19-05-2017,4,4,2,1,1,3,5,4
022A-0219,Female,32,Frequent Traveller,Technology,14,3,Business Studies,Software Engineer,86639,No,21-05-2012,No,10,3,9,5,08-10-2016,3,5,3,2,2,5,4,3
022A-0219,Female,32,Frequent Traveller,Technology,14,3,Business Studies,Software Engineer,86639,No,21-05-2012,No,10,3,9,5,08-10-2017,4,2,5,3,3,3,3,2
BE54-8537,Female,26,Frequent Traveller,Technology,14,3,Computer Science,Software Engineer,36794,No,18-11-2015,Yes,5,3,4,3,19-05-2016,3,3,2,1,2,4,4,3
BE54-8537,Female,26,Frequent Traveller,Technology,14,3,Computer Science,Software Engineer,36794,No,18-11-2015,Yes,5,3,4,3,20-05-2013,3,2,2,3,3,2,4,3
BE54-8537,Female,26,Frequent Traveller,Technology,14,3,Computer Science,Software Engineer,36794,No,18-11-2015,Yes,5,3,4,3,19-05-2017,3,2,4,1,0,4,4,3
2F85-AF81,Non-Binary,42,Some Travel,Technology,12,4,Business Studies,Senior Software Engineer,167089,No,24-05-2012,No,10,7,9,8,05-07-2016,4,2,4,3,0,4,3,3
2F85-AF81,Non-Binary,42,Some Travel,Technology,12,4,Business Studies,Senior Software Engineer,167089,No,24-05-2012,No,10,7,9,8,05-07-2017,4,3,4,2,2,5,5,5
00B0-F199,Male,23,Some Travel,Sales,35,1,Marketing ,Sales Executive,97824,Yes,16-03-2020,Yes,1,0,1,0,21-05-2016,3,3,5,3,2,5,5,4
00B0-F199,Male,23,Some Travel,Sales,35,1,Marketing ,Sales Executive,97824,Yes,16-03-2020,Yes,1,0,1,0,21-05-2017,4,3,4,2,0,2,4,4
5B08-EF96,Female,36,No Travel ,Technology,28,4,Other,Data Scientist,77136,No,28-05-2012,No,10,10,10,10,22-02-2017,5,2,3,1,0,3,4,4
5B08-EF96,Female,36,No Travel ,Technology,28,4,Other,Data Scientist,77136,No,28-05-2012,No,10,10,10,10,22-02-2018,4,3,4,2,1,3,5,5
1705-0DE5,Female,38,Some Travel,Technology,10,3,Business Studies,Engineering Manager,303360,No,16-10-2021,Yes,0,0,0,0,22-05-2016,5,4,4,2,2,5,3,2
1705-0DE5,Female,38,Some Travel,Technology,10,3,Business Studies,Engineering Manager,303360,No,16-10-2021,Yes,0,0,0,0,22-05-2017,5,3,4,3,2,2,4,4
52DD-757F,Female,48,No Travel ,Technology,40,2,Information Systems,Machine Learning Engineer,92884,No,30-05-2012,No,10,5,9,2,17-08-2016,5,3,5,2,1,4,3,2
52DD-757F,Female,48,No Travel ,Technology,40,2,Information Systems,Machine Learning Engineer,92884,No,30-05-2012,No,10,5,9,2,17-08-2017,5,3,5,1,0,2,3,3
8766-F1E7,Male,25,Some Travel,Technology,18,4,Information Systems,Machine Learning Engineer,130434,Yes,26-09-2016,Yes,0,0,0,0,23-05-2016,4,3,2,1,2,3,4,4
8766-F1E7,Male,25,Some Travel,Technology,18,4,Information Systems,Machine Learning Engineer,130434,Yes,26-09-2016,Yes,0,0,0,0,24-05-2013,4,3,5,3,1,4,4,3
8766-F1E7,Male,25,Some Travel,Technology,18,4,Information Systems,Machine Learning Engineer,130434,Yes,26-09-2016,Yes,0,0,0,0,23-05-2017,3,5,4,3,0,2,4,4
E7D3-03C9,Male,42,Some Travel,Sales,26,4,Marketing,Sales Executive,91179,No,30-05-2012,No,10,7,9,0,24-09-2016,5,2,5,2,1,4,5,4
E7D3-03C9,Male,42,Some Travel,Sales,26,4,Marketing,Sales Executive,91179,No,30-05-2012,No,10,7,9,0,24-09-2017,5,2,2,2,0,3,3,2
45F9-3A37,Male,21,Some Travel,Technology,34,4,Information Systems,Software Engineer,61758,No,22-11-2022,Yes,0,0,0,0,23-05-2016,4,5,2,1,0,3,5,4
45F9-3A37,Male,21,Some Travel,Technology,34,4,Information Systems,Software Engineer,61758,No,22-11-2022,Yes,0,0,0,0,23-05-2017,3,2,4,2,2,3,4,4
7C80-94E0,Female,33,Some Travel,Technology,36,3,Computer Science,Machine Learning Engineer,88726,No,01-01-2013,No,9,8,8,6,14-03-2017,2,2,2,2,0,3,5,4
7C80-94E0,Female,33,Some Travel,Technology,36,3,Computer Science,Machine Learning Engineer,88726,No,01-01-2013,No,9,8,8,6,14-03-2018,5,3,4,3,0,3,5,4
EE04-1533,Female,47,Frequent Traveller,Sales,19,3,Technical Degree,Sales Representative,46684,No,12-01-2013,No,9,4,9,3,31-01-2017,5,4,5,3,1,5,5,4
EE04-1533,Female,47,Frequent Traveller,Sales,19,3,Technical Degree,Sales Representative,46684,No,12-01-2013,No,9,4,9,3,01-02-2014,4,4,3,3,1,5,4,4
EE04-1533,Female,47,Frequent Traveller,Sales,19,3,Technical Degree,Sales Representative,46684,No,12-01-2013,No,9,4,9,3,31-01-2018,3,5,3,3,1,5,4,3
81BE-17CD,Male,30,Frequent Traveller,Technology,33,2,Computer Science,Data Scientist,35126,Yes,18-12-2013,No,9,1,5,5,23-05-2016,5,2,2,2,1,3,4,3
81BE-17CD,Male,30,Frequent Traveller,Technology,33,2,Computer Science,Data Scientist,35126,Yes,18-12-2013,No,9,1,5,5,23-05-2017,4,2,3,1,0,3,5,4
67ED-A630,Male,29,Some Travel,Sales,38,4,Marketing,Sales Executive,102061,No,17-01-2013,No,9,5,9,5,06-11-2016,5,3,3,1,1,4,3,2
67ED-A630,Male,29,Some Travel,Sales,38,4,Marketing,Sales Executive,102061,No,17-01-2013,No,9,5,9,5,06-11-2017,3,5,5,3,1,2,3,2
06DE-E772,Male,34,Frequent Traveller,Sales,45,3,Marketing ,Sales Executive,341971,No,02-09-2020,Yes,1,0,0,0,24-05-2016,4,3,3,1,2,2,4,3
06DE-E772,Male,34,Frequent Traveller,Sales,45,3,Marketing ,Sales Executive,341971,No,02-09-2020,Yes,1,0,0,0,24-05-2017,4,2,3,2,1,4,5,5
D351-C7E4,Female,42,Some Travel,Technology,9,2,Information Systems,Data Scientist,73577,No,23-01-2013,No,9,9,9,6,17-02-2017,5,4,2,3,0,5,5,5
D351-C7E4,Female,42,Some Travel,Technology,9,2,Information Systems,Data Scientist,73577,No,23-01-2013,No,9,9,9,6,17-02-2018,4,5,3,2,0,4,3,3
0F83-39C1,Female,30,Some Travel,Technology,33,2,Information Systems,Software Engineer,55485,No,25-12-2013,No,9,8,9,2,24-05-2016,4,3,3,2,1,5,4,3
0F83-39C1,Female,30,Some Travel,Technology,33,2,Information Systems,Software Engineer,55485,No,25-12-2013,No,9,8,9,2,24-05-2017,5,4,2,2,1,2,3,3
8583-9174,Female,46,Frequent Traveller,Technology,16,2,Computer Science,Software Engineer,100717,Yes,30-01-2013,No,9,5,9,7,13-07-2016,5,2,3,2,0,2,5,5
8583-9174,Female,46,Frequent Traveller,Technology,16,2,Computer Science,Software Engineer,100717,Yes,30-01-2013,No,9,5,9,7,13-07-2017,5,3,5,1,1,2,3,2
ED49-73D3,Female,28,Some Travel,Sales,18,4,Marketing,Sales Executive,134427,Yes,28-08-2013,No,9,9,9,2,24-05-2016,3,5,2,1,0,4,5,4
ED49-73D3,Female,28,Some Travel,Sales,18,4,Marketing,Sales Executive,134427,Yes,28-08-2013,No,9,9,9,2,24-05-2017,5,2,4,1,1,4,4,3
D91C-815B,Female,22,Frequent Traveller,Sales,26,2,Economics,Sales Representative,42250,Yes,23-05-2018,Yes,4,1,3,2,26-05-2016,3,3,5,3,0,2,3,3
D91C-815B,Female,22,Frequent Traveller,Sales,26,2,Economics,Sales Representative,42250,Yes,23-05-2018,Yes,4,1,3,2,27-05-2013,3,3,4,1,0,5,5,4
D91C-815B,Female,22,Frequent Traveller,Sales,26,2,Economics,Sales Representative,42250,Yes,23-05-2018,Yes,4,1,3,2,26-05-2017,3,2,5,3,0,2,4,3
AF58-5D1B,Female,36,Some Travel,Technology,35,2,Computer Science,Software Engineer,60585,No,05-02-2013,No,9,0,7,9,08-07-2016,4,3,3,2,2,2,3,3
AF58-5D1B,Female,36,Some Travel,Technology,35,2,Computer Science,Software Engineer,60585,No,05-02-2013,No,9,0,7,9,08-07-2017,3,2,4,1,1,5,4,3
29C2-1A3F,Female,30,Some Travel,Technology,32,3,Information Systems,Senior Software Engineer,158656,No,25-12-2019,Yes,2,1,1,2,26-05-2016,5,4,3,2,0,3,5,5
29C2-1A3F,Female,30,Some Travel,Technology,32,3,Information Systems,Senior Software Engineer,158656,No,25-12-2019,Yes,2,1,1,2,26-05-2017,4,5,4,2,0,3,3,2
16FB-8835,Female,46,Frequent Traveller,Technology,24,3,Computer Science,Engineering Manager,514945,Yes,05-02-2013,No,9,4,7,7,23-08-2016,4,2,4,3,3,5,5,4
16FB-8835,Female,46,Frequent Traveller,Technology,24,3,Computer Science,Engineering Manager,514945,Yes,05-02-2013,No,9,4,7,7,23-08-2017,3,4,4,3,1,5,3,2
A71E-A9DC,Female,31,Frequent Traveller,Sales,21,3,Marketing,Sales Executive,253719,No,12-02-2013,No,9,2,4,3,16-09-2016,3,3,5,3,3,3,3,2
A71E-A9DC,Female,31,Frequent Traveller,Sales,21,3,Marketing,Sales Executive,253719,No,12-02-2013,No,9,2,4,3,16-09-2017,5,5,3,3,1,4,3,2
2F98-E645,Female,29,Frequent Traveller,Technology,17,3,Computer Science,Data Scientist,105554,Yes,25-02-2014,Yes,5,2,5,2,27-05-2016,3,4,5,2,0,4,4,3
2F98-E645,Female,29,Frequent Traveller,Technology,17,3,Computer Science,Data Scientist,105554,Yes,25-02-2014,Yes,5,2,5,2,28-05-2013,3,3,4,1,1,4,4,4
2F98-E645,Female,29,Frequent Traveller,Technology,17,3,Computer Science,Data Scientist,105554,Yes,25-02-2014,Yes,5,2,5,2,27-05-2017,4,2,5,3,1,4,4,3
CC2F-670E,Male,29,Frequent Traveller,Technology,26,3,Computer Science,Data Scientist,78541,Yes,23-02-2013,Yes,6,5,5,2,03-03-2017,5,3,4,3,0,5,3,3
CC2F-670E,Male,29,Frequent Traveller,Technology,26,3,Computer Science,Data Scientist,78541,Yes,23-02-2013,Yes,6,5,5,2,03-03-2018,5,2,5,2,0,2,4,4
F469-0427,Female,19,Frequent Traveller,Human Resources,31,4,Marketing ,Recruiter,36832,Yes,20-02-2022,Yes,0,0,0,0,27-05-2016,3,2,5,1,2,5,4,4
F469-0427,Female,19,Frequent Traveller,Human Resources,31,4,Marketing ,Recruiter,36832,Yes,20-02-2022,Yes,0,0,0,0,27-05-2017,4,3,5,3,1,5,3,3
67D7-9785,Female,38,Frequent Traveller,Technology,6,3,Information Systems,Senior Software Engineer,126515,No,27-02-2013,No,9,7,9,4,06-08-2016,3,2,5,2,1,4,5,4
67D7-9785,Female,38,Frequent Traveller,Technology,6,3,Information Systems,Senior Software Engineer,126515,No,27-02-2013,No,9,7,9,4,06-08-2017,3,2,3,1,1,2,3,2
CACA-0D62,Female,32,Some Travel,Technology,33,3,Information Systems,Data Scientist,121881,No,09-02-2014,No,8,7,8,8,28-05-2016,5,3,3,3,1,3,5,5
CACA-0D62,Female,32,Some Travel,Technology,33,3,Information Systems,Data Scientist,121881,No,09-02-2014,No,8,7,8,8,28-05-2017,3,2,4,1,0,3,3,3
F662-DEA5,Male,38,Some Travel,Technology,18,2,Information Systems,Data Scientist,89362,No,01-03-2013,No,9,3,9,7,31-05-2016,5,2,5,2,3,5,4,3
F662-DEA5,Male,38,Some Travel,Technology,18,2,Information Systems,Data Scientist,89362,No,01-03-2013,No,9,3,9,7,31-05-2017,3,5,3,2,1,5,5,4
C08F-94F9,Male,26,Some Travel,Technology,32,3,Information Systems,Software Engineer,40100,Yes,30-07-2015,Yes,0,0,0,0,29-05-2016,5,5,2,1,0,3,4,4
C08F-94F9,Male,26,Some Travel,Technology,32,3,Information Systems,Software Engineer,40100,Yes,30-07-2015,Yes,0,0,0,0,30-05-2013,4,4,5,1,2,2,5,4
C08F-94F9,Male,26,Some Travel,Technology,32,3,Information Systems,Software Engineer,40100,Yes,30-07-2015,Yes,0,0,0,0,29-05-2017,3,4,4,1,0,4,3,2
8026-658D,Male,36,Some Travel,Technology,28,3,Information Systems,Machine Learning Engineer,174019,Yes,07-03-2013,No,9,8,9,1,26-06-2016,3,4,3,1,2,4,4,4
8026-658D,Male,36,Some Travel,Technology,28,3,Information Systems,Machine Learning Engineer,174019,Yes,07-03-2013,No,9,8,9,1,26-06-2017,3,4,4,3,0,5,3,3
6965-C170,Female,48,Some Travel,Sales,32,3,Technical Degree,Manager,354336,Yes,18-04-2013,No,9,1,2,9,29-05-2016,5,2,2,3,0,2,4,3
6965-C170,Female,48,Some Travel,Sales,32,3,Technical Degree,Manager,354336,Yes,18-04-2013,No,9,1,2,9,29-05-2017,4,3,2,1,1,5,4,3
F997-FE6C,Female,40,Some Travel,Technology,17,1,Information Systems,Software Engineer,41601,No,08-03-2013,No,9,8,9,8,21-02-2017,5,4,4,3,1,3,5,5
F997-FE6C,Female,40,Some Travel,Technology,17,1,Information Systems,Software Engineer,41601,No,08-03-2013,No,9,8,9,8,21-02-2018,4,5,4,2,0,4,5,4
7349-CCE0,Female,32,Some Travel,Technology,7,4,Computer Science,Software Engineer,85568,No,31-07-2013,No,9,7,9,1,29-05-2016,3,2,4,1,1,2,5,5
7349-CCE0,Female,32,Some Travel,Technology,7,4,Computer Science,Software Engineer,85568,No,31-07-2013,No,9,7,9,1,29-05-2017,3,4,3,1,0,2,4,3
0C23-26DD,Female,35,Some Travel,Sales,23,3,Economics,Sales Representative,81389,No,11-03-2013,No,9,3,7,5,09-03-2017,5,2,4,3,3,2,4,4
0C23-26DD,Female,35,Some Travel,Sales,23,3,Economics,Sales Representative,81389,No,11-03-2013,No,9,3,7,5,09-03-2018,5,3,4,1,2,4,5,5
6313-8E62,Male,23,Frequent Traveller,Sales,41,1,Marketing ,Sales Representative,26508,Yes,01-05-2020,Yes,1,0,0,0,31-05-2016,3,3,4,2,1,3,4,4
6313-8E62,Male,23,Frequent Traveller,Sales,41,1,Marketing ,Sales Representative,26508,Yes,01-05-2020,Yes,1,0,0,0,31-05-2017,3,5,5,2,3,3,4,3
7B9D-8612,Female,32,Some Travel,Sales,9,2,Marketing ,Sales Executive,133865,Yes,12-03-2013,No,9,3,3,0,31-10-2016,3,5,4,3,1,5,4,3
7B9D-8612,Female,32,Some Travel,Sales,9,2,Marketing ,Sales Executive,133865,Yes,12-03-2013,No,9,3,3,0,31-10-2017,3,5,2,1,0,4,5,4
B3FE-D332,Female,30,Some Travel,Technology,42,5,Computer Science,Software Engineer,93181,No,15-03-2013,No,9,8,9,4,13-03-2017,1,3,4,3,0,2,4,4
B3FE-D332,Female,30,Some Travel,Technology,42,5,Computer Science,Software Engineer,93181,No,15-03-2013,No,9,8,9,4,13-03-2018,4,4,4,2,0,2,5,4
1054-9C3B,Female,30,Some Travel,Technology,1,4,Other,Data Scientist,40285,Yes,21-03-2013,Yes,1,1,1,0,05-03-2017,4,3,3,1,1,2,5,5
1054-9C3B,Female,30,Some Travel,Technology,1,4,Other,Data Scientist,40285,Yes,21-03-2013,Yes,1,1,1,0,05-03-2018,3,3,2,3,1,4,4,3
64BA-99F0,Female,43,Some Travel,Technology,14,3,Computer Science,Engineering Manager,309141,No,19-10-2013,No,9,6,6,9,01-06-2016,3,2,5,2,0,3,5,5
64BA-99F0,Female,43,Some Travel,Technology,14,3,Computer Science,Engineering Manager,309141,No,19-10-2013,No,9,6,6,9,01-06-2017,4,4,3,1,2,4,4,3
1217-CE30,Female,45,Some Travel,Sales,34,3,Marketing,Sales Executive,173037,No,26-03-2013,No,9,4,9,3,30-07-2016,3,2,5,1,1,5,4,4
1217-CE30,Female,45,Some Travel,Sales,34,3,Marketing,Sales Executive,173037,No,26-03-2013,No,9,4,9,3,30-07-2017,4,3,2,2,1,4,4,3
8663-3E02,Male,37,Frequent Traveller,Technology,7,4,Information Systems,Analytics Manager,276322,No,26-11-2013,No,9,0,9,1,01-06-2016,3,4,2,3,2,5,4,3
8663-3E02,Male,37,Frequent Traveller,Technology,7,4,Information Systems,Analytics Manager,276322,No,26-11-2013,No,9,0,9,1,01-06-2017,5,5,4,3,1,2,3,3
4500-37EB,Male,30,Frequent Traveller,Sales,40,2,Marketing,Sales Representative,44632,No,26-03-2013,Yes,1,0,0,0,16-03-2017,1,3,1,2,1,3,3,2
4500-37EB,Male,30,Frequent Traveller,Sales,40,2,Marketing,Sales Representative,44632,No,26-03-2013,Yes,1,0,0,0,16-03-2018,3,4,5,1,0,4,4,3
F523-1135,Male,29,Frequent Traveller,Technology,17,2,Computer Science,Machine Learning Engineer,129703,No,25-04-2013,No,9,6,6,3,01-06-2016,3,3,3,3,3,2,4,4
F523-1135,Male,29,Frequent Traveller,Technology,17,2,Computer Science,Machine Learning Engineer,129703,No,25-04-2013,No,9,6,6,3,01-06-2017,4,3,3,3,1,5,4,4
AB03-8820,Male,43,Some Travel,Sales,3,1,Economics,Manager,313198,No,28-03-2013,No,9,5,9,2,24-01-2017,4,2,3,3,1,4,4,3
AB03-8820,Male,43,Some Travel,Sales,3,1,Economics,Manager,313198,No,28-03-2013,No,9,5,9,2,24-01-2018,5,3,5,3,0,3,3,3
0C7B-2EA6,Male,34,Frequent Traveller,Technology,25,2,Other,Data Scientist,39015,No,15-09-2013,No,9,5,6,4,03-06-2016,5,2,4,1,2,4,5,4
0C7B-2EA6,Male,34,Frequent Traveller,Technology,25,2,Other,Data Scientist,39015,No,15-09-2013,No,9,5,6,4,03-06-2017,4,3,5,3,0,3,4,3
DF11-9C46,Female,32,Some Travel,Technology,2,2,Computer Science,Software Engineer,152314,Yes,30-03-2013,No,9,4,6,0,18-08-2016,5,5,4,3,1,3,4,3
DF11-9C46,Female,32,Some Travel,Technology,2,2,Computer Science,Software Engineer,152314,Yes,30-03-2013,No,9,4,6,0,18-08-2017,3,2,4,1,2,2,3,2
06E8-4FD4,Female,20,Some Travel,Sales,32,2,Marketing,Sales Representative,38532,Yes,03-12-2022,Yes,0,0,0,0,04-06-2016,3,2,3,1,1,4,3,3
06E8-4FD4,Female,20,Some Travel,Sales,32,2,Marketing,Sales Representative,38532,Yes,03-12-2022,Yes,0,0,0,0,04-06-2017,4,5,2,1,3,5,4,4
7EEF-9A90,Female,23,Some Travel,Sales,18,4,Technical Degree,Sales Executive,83677,Yes,10-07-2017,No,5,0,5,3,27-04-2013,5,2,5,2,1,4,4,4
2BEA-43B2,Male,48,Some Travel,Technology,44,1,Computer Science,Software Engineer,103198,No,03-04-2013,No,9,7,9,2,28-11-2016,5,3,4,2,2,3,4,4
2BEA-43B2,Male,48,Some Travel,Technology,44,1,Computer Science,Software Engineer,103198,No,03-04-2013,No,9,7,9,2,28-11-2017,5,2,2,1,1,4,5,4
0DBC-596E,Non-Binary,44,Some Travel,Technology,14,2,Computer Science,Data Scientist,92634,Yes,06-04-2013,No,9,8,9,9,14-02-2017,5,2,3,2,3,2,3,2
0DBC-596E,Non-Binary,44,Some Travel,Technology,14,2,Computer Science,Data Scientist,92634,Yes,06-04-2013,No,9,8,9,9,14-02-2018,5,3,5,1,0,5,5,5
DDBF-9C79,Female,26,Some Travel,Sales,10,4,Marketing,Sales Executive,93246,Yes,25-06-2021,Yes,1,0,0,0,06-06-2016,5,5,4,1,0,5,5,4
DDBF-9C79,Female,26,Some Travel,Sales,10,4,Marketing,Sales Executive,93246,Yes,25-06-2021,Yes,1,0,0,0,06-06-2017,4,5,3,1,0,5,5,4
B09D-DFEC,Male,47,Some Travel,Technology,37,1,Information Systems,Data Scientist,62999,No,06-04-2013,No,9,2,3,7,06-09-2016,5,5,3,3,1,4,5,4
B09D-DFEC,Male,47,Some Travel,Technology,37,1,Information Systems,Data Scientist,62999,No,06-04-2013,No,9,2,3,7,06-09-2017,3,5,2,3,0,5,5,4
6CAD-47F0,Male,39,Some Travel,Technology,33,2,Information Systems,Machine Learning Engineer,99602,No,29-10-2013,No,9,5,8,4,06-06-2016,4,3,2,1,1,3,3,3
6CAD-47F0,Male,39,Some Travel,Technology,33,2,Information Systems,Machine Learning Engineer,99602,No,29-10-2013,No,9,5,8,4,06-06-2017,3,3,5,2,2,4,5,5
8ED3-4377,Male,30,Some Travel,Technology,33,3,Computer Science,Software Engineer,78743,No,09-04-2013,No,9,2,7,4,11-02-2017,3,2,2,1,1,5,3,2
8ED3-4377,Male,30,Some Travel,Technology,33,3,Computer Science,Software Engineer,78743,No,09-04-2013,No,9,2,7,4,11-02-2018,5,2,3,1,0,2,5,5
CD4D-7BBA,Male,43,Some Travel,Technology,38,4,Computer Science,Software Engineer,155786,Yes,29-07-2013,No,9,0,7,5,06-06-2016,4,5,3,3,2,4,3,2
CD4D-7BBA,Male,43,Some Travel,Technology,38,4,Computer Science,Software Engineer,155786,Yes,29-07-2013,No,9,0,7,5,06-06-2017,5,3,3,2,2,5,5,4
D13E-E661,Male,36,Some Travel,Sales,38,2,Marketing,Sales Executive,298558,Yes,12-04-2013,No,9,4,4,7,15-08-2016,5,2,5,2,0,5,4,4
D13E-E661,Male,36,Some Travel,Sales,38,2,Marketing,Sales Executive,298558,Yes,12-04-2013,No,9,4,4,7,15-08-2017,5,4,3,2,1,4,5,5
3F0C-41A7,Male,24,Some Travel,Sales,27,4,Marketing ,Sales Executive,79828,No,27-01-2016,No,6,2,3,0,12-06-2016,5,2,3,2,2,5,5,5
3F0C-41A7,Male,24,Some Travel,Sales,27,4,Marketing ,Sales Executive,79828,No,27-01-2016,No,6,2,3,0,12-06-2017,3,5,2,3,0,4,5,5
618D-7685,Female,30,Some Travel,Technology,26,3,Information Systems,Data Scientist,96170,No,15-04-2013,No,9,4,9,1,26-01-2017,4,2,2,3,2,4,4,4
618D-7685,Female,30,Some Travel,Technology,26,3,Information Systems,Data Scientist,96170,No,15-04-2013,No,9,4,9,1,26-01-2018,5,2,5,3,0,4,5,4
DFDC-286C,Female,22,Some Travel,Technology,13,4,Information Systems,Machine Learning Engineer,64364,No,09-12-2021,Yes,0,0,0,0,13-06-2016,5,5,2,3,3,4,5,5
DFDC-286C,Female,22,Some Travel,Technology,13,4,Information Systems,Machine Learning Engineer,64364,No,09-12-2021,Yes,0,0,0,0,13-06-2017,3,4,4,2,0,4,5,5
9825-45EF,Non-Binary,36,No Travel ,Sales,31,2,Economics,Sales Representative,56937,No,17-04-2013,No,9,5,8,2,12-08-2016,4,3,5,3,0,4,5,4
9825-45EF,Non-Binary,36,No Travel ,Sales,31,2,Economics,Sales Representative,56937,No,17-04-2013,No,9,5,8,2,12-08-2017,5,3,3,1,0,3,5,4
3E42-57C8,Male,23,Some Travel,Sales,12,3,Marketing,Sales Executive,84985,No,01-05-2020,Yes,1,0,0,0,14-06-2016,3,5,5,3,0,4,5,5
3E42-57C8,Male,23,Some Travel,Sales,12,3,Marketing,Sales Executive,84985,No,01-05-2020,Yes,1,0,0,0,14-06-2017,5,4,5,2,1,5,4,4
1609-65E1,Female,33,Frequent Traveller,Technology,34,2,Computer Science,Machine Learning Engineer,91407,No,17-04-2013,No,9,9,9,4,28-12-2016,4,5,3,3,0,3,5,4
1609-65E1,Female,33,Frequent Traveller,Technology,34,2,Computer Science,Machine Learning Engineer,91407,No,17-04-2013,No,9,9,9,4,28-12-2017,5,2,5,1,1,5,5,5
A91B-7DC5,Female,42,Some Travel,Technology,43,4,Computer Science,Machine Learning Engineer,110069,No,26-12-2013,No,9,3,8,4,14-06-2016,3,5,3,1,1,4,5,4
A91B-7DC5,Female,42,Some Travel,Technology,43,4,Computer Science,Machine Learning Engineer,110069,No,26-12-2013,No,9,3,8,4,14-06-2017,4,4,2,1,0,3,5,5
465A-91D1,Female,42,Some Travel,Sales,36,1,Marketing ,Sales Representative,43753,No,01-05-2013,No,9,0,1,1,19-10-2016,3,2,5,3,0,3,5,5
465A-91D1,Female,42,Some Travel,Sales,36,1,Marketing ,Sales Representative,43753,No,01-05-2013,No,9,0,1,1,19-10-2017,4,5,4,3,2,3,3,2
2B7A-9C73,Non-Binary,45,Frequent Traveller,Technology,17,4,Computer Science,Machine Learning Engineer,123619,Yes,01-05-2013,No,9,7,9,2,29-06-2016,4,4,3,1,1,4,3,3
2B7A-9C73,Non-Binary,45,Frequent Traveller,Technology,17,4,Computer Science,Machine Learning Engineer,123619,Yes,01-05-2013,No,9,7,9,2,29-06-2017,5,2,5,1,0,2,5,4
A2B5-823F,Non-Binary,44,Some Travel,Technology,32,3,Computer Science,Machine Learning Engineer,257978,Yes,02-05-2013,No,9,2,4,1,10-07-2016,3,5,3,3,1,4,4,4
A2B5-823F,Non-Binary,44,Some Travel,Technology,32,3,Computer Science,Machine Learning Engineer,257978,Yes,02-05-2013,No,9,2,4,1,10-07-2017,5,5,5,2,0,5,4,4
549F-B3E7,Female,41,No Travel ,Sales,34,2,Marketing ,Sales Executive,109747,No,20-07-2013,No,9,8,9,5,17-06-2016,4,5,4,1,2,3,4,3
549F-B3E7,Female,41,No Travel ,Sales,34,2,Marketing ,Sales Executive,109747,No,20-07-2013,No,9,8,9,5,17-06-2017,4,5,2,2,0,3,3,2
F838-C681,Male,32,Some Travel,Technology,22,4,Business Studies,Software Engineer,72688,No,06-05-2013,No,9,3,3,8,25-11-2016,3,4,3,3,1,2,4,4
F838-C681,Male,32,Some Travel,Technology,22,4,Business Studies,Software Engineer,72688,No,06-05-2013,No,9,3,3,8,25-11-2017,4,5,2,2,1,3,5,5
7F91-C628,Non-Binary,36,Frequent Traveller,Technology,14,1,Information Systems,Data Scientist,43358,No,07-05-2013,No,9,0,9,5,26-10-2016,3,5,3,2,2,3,4,4
7F91-C628,Non-Binary,36,Frequent Traveller,Technology,14,1,Information Systems,Data Scientist,43358,No,07-05-2013,No,9,0,9,5,26-10-2017,5,2,3,2,1,2,5,4
F4D2-F6F2,Female,47,Some Travel,Technology,8,3,Computer Science,Engineering Manager,287710,No,05-01-2014,No,8,8,8,5,19-06-2016,4,4,5,3,0,5,3,3
F4D2-F6F2,Female,47,Some Travel,Technology,8,3,Computer Science,Engineering Manager,287710,No,05-01-2014,No,8,8,8,5,19-06-2017,4,5,3,1,1,3,5,4
BDC5-51CF,Female,25,Frequent Traveller,Sales,3,4,Other,Sales Executive,56163,Yes,26-11-2018,Yes,0,0,0,0,21-06-2016,3,2,4,1,0,3,3,3
BDC5-51CF,Female,25,Frequent Traveller,Sales,3,4,Other,Sales Executive,56163,Yes,26-11-2018,Yes,0,0,0,0,21-06-2017,4,3,3,3,1,3,5,5
4DA0-81D7,Male,28,Some Travel,Human Resources,34,2,Marketing ,HR Executive,94534,No,11-05-2013,No,9,3,3,1,18-11-2016,5,4,4,2,0,2,5,5
4DA0-81D7,Male,28,Some Travel,Human Resources,34,2,Marketing ,HR Executive,94534,No,11-05-2013,No,9,3,3,1,18-11-2017,4,5,5,3,1,4,5,4
5818-560C,Female,30,Some Travel,Technology,26,1,Computer Science,Senior Software Engineer,159438,No,22-05-2013,No,9,4,4,7,10-02-2017,3,2,3,1,0,2,4,4
5818-560C,Female,30,Some Travel,Technology,26,1,Computer Science,Senior Software Engineer,159438,No,22-05-2013,No,9,4,4,7,10-02-2018,3,3,3,2,1,5,3,2
1363-6BF9,Male,36,Some Travel,Technology,10,3,Business Studies,Senior Software Engineer,189405,No,23-05-2013,No,9,4,6,7,06-11-2016,5,2,4,3,0,5,3,3
1363-6BF9,Male,36,Some Travel,Technology,10,3,Business Studies,Senior Software Engineer,189405,No,23-05-2013,No,9,4,6,7,06-11-2017,3,5,4,1,1,5,4,4
05B0-755F,Male,44,Some Travel,Technology,29,3,Computer Science,Data Scientist,57890,No,24-05-2013,No,9,8,8,8,20-01-2017,5,3,5,2,0,2,5,5
05B0-755F,Male,44,Some Travel,Technology,29,3,Computer Science,Data Scientist,57890,No,24-05-2013,No,9,8,8,8,20-01-2018,4,4,3,2,0,3,5,5
4C62-5BE8,Non-Binary,39,Frequent Traveller,Technology,4,1,Business Studies,Software Engineer,87879,Yes,25-05-2013,No,9,6,8,9,07-11-2016,5,3,4,2,2,2,5,5
4C62-5BE8,Non-Binary,39,Frequent Traveller,Technology,4,1,Business Studies,Software Engineer,87879,Yes,25-05-2013,No,9,6,8,9,07-11-2017,4,2,4,1,1,5,3,2
21B3-8491,Male,42,Some Travel,Technology,37,4,Computer Science,Analytics Manager,244114,No,28-05-2013,No,9,6,7,0,02-03-2017,4,5,3,3,0,4,3,2
21B3-8491,Male,42,Some Travel,Technology,37,4,Computer Science,Analytics Manager,244114,No,28-05-2013,No,9,6,7,0,02-03-2018,3,3,4,3,1,5,3,3
F3CD-9B5B,Male,29,Some Travel,Sales,12,2,Marketing ,Sales Representative,97794,No,30-05-2013,Yes,2,0,1,0,04-02-2017,5,2,5,2,1,2,5,5
F3CD-9B5B,Male,29,Some Travel,Sales,12,2,Marketing ,Sales Representative,97794,No,30-05-2013,Yes,2,0,1,0,05-02-2014,5,5,5,3,0,4,3,3
F3CD-9B5B,Male,29,Some Travel,Sales,12,2,Marketing ,Sales Representative,97794,No,30-05-2013,Yes,2,0,1,0,04-02-2018,4,5,4,2,0,4,3,2
DCFE-F601,Male,48,Some Travel,Technology,36,3,Information Systems,Senior Software Engineer,180561,No,01-06-2013,No,9,1,8,7,19-12-2016,5,4,3,1,1,2,3,2
DCFE-F601,Male,48,Some Travel,Technology,36,3,Information Systems,Senior Software Engineer,180561,No,01-06-2013,No,9,1,8,7,19-12-2017,3,4,3,2,1,2,5,5
DD78-E811,Female,38,Some Travel,Technology,25,2,Other,Data Scientist,60549,No,05-06-2013,No,9,5,6,6,04-11-2016,4,4,3,3,0,3,3,2
DD78-E811,Female,38,Some Travel,Technology,25,2,Other,Data Scientist,60549,No,05-06-2013,No,9,5,6,6,04-11-2017,4,3,4,1,0,2,4,3
450D-13A9,Female,26,Some Travel,Sales,29,3,Economics,Sales Representative,28024,No,30-11-2015,No,7,0,7,5,26-06-2016,5,5,5,2,1,2,3,3
450D-13A9,Female,26,Some Travel,Sales,29,3,Economics,Sales Representative,28024,No,30-11-2015,No,7,0,7,5,26-06-2017,5,2,3,1,0,2,5,5
45D2-369E,Male,30,Some Travel,Technology,7,1,Information Systems,Data Scientist,70182,No,07-06-2013,No,9,8,9,8,21-01-2017,4,4,5,2,0,3,3,3
45D2-369E,Male,30,Some Travel,Technology,7,1,Information Systems,Data Scientist,70182,No,07-06-2013,No,9,8,9,8,21-01-2018,3,3,2,2,1,3,3,2
6FE1-C8A8,Male,29,Some Travel,Sales,35,2,Economics,Sales Executive,140962,Yes,13-06-2013,Yes,4,0,2,4,18-01-2017,4,3,5,2,0,3,4,3
6FE1-C8A8,Male,29,Some Travel,Sales,35,2,Economics,Sales Executive,140962,Yes,13-06-2013,Yes,4,0,2,4,19-01-2014,5,5,4,1,1,3,4,3
6FE1-C8A8,Male,29,Some Travel,Sales,35,2,Economics,Sales Executive,140962,Yes,13-06-2013,Yes,4,0,2,4,18-01-2018,3,3,3,3,2,2,4,4
6E7B-D50D,Female,38,Some Travel,Technology,12,1,Other,Senior Software Engineer,253077,No,15-06-2013,No,9,3,3,8,28-02-2017,5,2,3,2,2,5,5,5
6E7B-D50D,Female,38,Some Travel,Technology,12,1,Other,Senior Software Engineer,253077,No,15-06-2013,No,9,3,3,8,28-02-2018,5,2,5,1,0,4,4,4
4C88-27A1,Female,21,Some Travel,Technology,38,1,Information Systems,Senior Software Engineer,63049,Yes,01-03-2021,Yes,0,0,0,0,01-07-2016,5,4,2,3,1,4,5,4
4C88-27A1,Female,21,Some Travel,Technology,38,1,Information Systems,Senior Software Engineer,63049,Yes,01-03-2021,Yes,0,0,0,0,01-07-2017,3,3,2,3,1,3,3,2
307F-9BFA,Female,43,Some Travel,Technology,21,2,Computer Science,Software Engineer,94499,No,22-06-2013,No,9,0,1,7,19-07-2016,4,5,2,1,0,3,5,4
307F-9BFA,Female,43,Some Travel,Technology,21,2,Computer Science,Software Engineer,94499,No,22-06-2013,No,9,0,1,7,19-07-2017,1,3,2,3,1,3,3,2
7F1C-20B8,Female,39,Some Travel,Technology,10,2,Information Systems,Data Scientist,65796,No,02-07-2013,No,9,9,9,5,21-01-2017,3,5,3,3,0,4,5,5
7F1C-20B8,Female,39,Some Travel,Technology,10,2,Information Systems,Data Scientist,65796,No,02-07-2013,No,9,9,9,5,21-01-2018,5,3,2,2,1,2,4,3
FBC2-C5FA,Male,44,Some Travel,Technology,4,3,Computer Science,Data Scientist,74172,No,26-11-2013,No,9,8,9,9,01-07-2016,4,4,3,3,0,4,5,5
FBC2-C5FA,Male,44,Some Travel,Technology,4,3,Computer Science,Data Scientist,74172,No,26-11-2013,No,9,8,9,9,01-07-2017,5,3,3,1,1,2,3,2
606E-A262,Male,28,Some Travel,Technology,27,1,Information Systems,Analytics Manager,277344,Yes,02-07-2013,Yes,3,1,1,1,19-01-2017,5,3,5,1,0,2,5,4
606E-A262,Male,28,Some Travel,Technology,27,1,Information Systems,Analytics Manager,277344,Yes,02-07-2013,Yes,3,1,1,1,20-01-2014,3,4,3,2,0,5,5,4
606E-A262,Male,28,Some Travel,Technology,27,1,Information Systems,Analytics Manager,277344,Yes,02-07-2013,Yes,3,1,1,1,19-01-2018,4,3,3,1,1,3,5,4
9723-FED9,Female,24,Some Travel,Technology,4,3,Business Studies,Data Scientist,41555,No,16-08-2018,No,4,4,4,2,01-07-2016,3,4,5,3,0,5,3,3
F890-975A,Female,48,Some Travel,Technology,35,2,Information Systems,Engineering Manager,314656,No,09-07-2013,No,9,7,8,3,28-09-2016,4,4,4,2,1,5,4,4
F890-975A,Female,48,Some Travel,Technology,35,2,Information Systems,Engineering Manager,314656,No,09-07-2013,No,9,7,8,3,28-09-2017,5,4,3,1,0,5,5,5
8CF6-3079,Female,27,Some Travel,Technology,1,4,Computer Science,Data Scientist,40050,Yes,16-07-2013,Yes,1,0,0,0,02-02-2017,4,3,2,2,0,3,4,3
8CF6-3079,Female,27,Some Travel,Technology,1,4,Computer Science,Data Scientist,40050,Yes,16-07-2013,Yes,1,0,0,0,03-02-2014,4,5,5,3,3,2,5,4
8CF6-3079,Female,27,Some Travel,Technology,1,4,Computer Science,Data Scientist,40050,Yes,16-07-2013,Yes,1,0,0,0,02-02-2018,4,4,3,1,2,3,3,3
5021-95FC,Male,29,Some Travel,Sales,44,3,Marketing,Manager,377203,Yes,16-07-2013,Yes,5,4,4,0,17-02-2017,4,3,4,2,1,5,5,4
5021-95FC,Male,29,Some Travel,Sales,44,3,Marketing,Manager,377203,Yes,16-07-2013,Yes,5,4,4,0,17-02-2018,3,2,4,3,0,5,3,2
5021-95FC,Male,29,Some Travel,Sales,44,3,Marketing,Manager,377203,Yes,16-07-2013,Yes,5,4,4,0,18-02-2014,3,2,4,2,1,2,5,5
8B79-18F1,Female,20,Some Travel,Technology,39,4,Information Systems,Software Engineer,37436,Yes,14-03-2021,Yes,0,0,0,0,08-07-2016,5,3,5,3,1,3,4,4
8B79-18F1,Female,20,Some Travel,Technology,39,4,Information Systems,Software Engineer,37436,Yes,14-03-2021,Yes,0,0,0,0,08-07-2017,4,4,2,3,2,2,3,2
CD0F-DE05,Female,28,No Travel ,Technology,43,3,Computer Science,Software Engineer,50175,No,18-07-2013,No,9,9,9,3,20-10-2016,5,2,2,3,1,5,3,2
CD0F-DE05,Female,28,No Travel ,Technology,43,3,Computer Science,Software Engineer,50175,No,18-07-2013,No,9,9,9,3,20-10-2017,5,3,3,3,0,3,4,3
1F12-DDDA,Male,32,No Travel ,Technology,12,4,Information Systems,Software Engineer,111294,No,19-07-2013,No,9,2,9,4,02-02-2017,4,4,5,3,2,2,5,4
1F12-DDDA,Male,32,No Travel ,Technology,12,4,Information Systems,Software Engineer,111294,No,19-07-2013,No,9,2,9,4,02-02-2018,3,3,5,2,0,5,5,4
BFE7-5EA8,Non-Binary,41,Frequent Traveller,Sales,3,3,Marketing ,Sales Executive,248987,No,19-07-2013,No,9,5,9,5,06-08-2016,4,2,3,2,1,5,3,3
BFE7-5EA8,Non-Binary,41,Frequent Traveller,Sales,3,3,Marketing ,Sales Executive,248987,No,19-07-2013,No,9,5,9,5,06-08-2017,5,3,4,3,1,4,5,4
9A87-71F6,Non-Binary,40,Frequent Traveller,Technology,7,3,Computer Science,Software Engineer,95808,No,21-12-2014,No,8,8,8,2,09-07-2016,3,2,5,3,1,4,5,4
9A87-71F6,Non-Binary,40,Frequent Traveller,Technology,7,3,Computer Science,Software Engineer,95808,No,21-12-2014,No,8,8,8,2,09-07-2017,4,4,3,1,0,4,5,5
B303-8962,Female,39,Some Travel,Sales,15,3,Marketing ,Sales Executive,136970,No,28-07-2013,No,9,4,8,2,28-01-2017,3,3,5,2,2,3,4,3
B303-8962,Female,39,Some Travel,Sales,15,3,Marketing ,Sales Executive,136970,No,28-07-2013,No,9,4,8,2,28-01-2018,3,4,2,1,2,4,4,4
E268-61EB,Female,21,Some Travel,Technology,39,4,Computer Science,Software Engineer,54130,Yes,06-02-2019,Yes,2,1,1,2,10-07-2016,3,2,3,3,1,3,3,2
E268-61EB,Female,21,Some Travel,Technology,39,4,Computer Science,Software Engineer,54130,Yes,06-02-2019,Yes,2,1,1,2,10-07-2017,4,2,2,3,2,3,3,3
B48C-47D0,Male,28,Frequent Traveller,Sales,28,3,Marketing ,Sales Representative,43939,No,29-07-2013,Yes,6,1,4,3,16-01-2017,5,4,2,2,0,2,4,3
B48C-47D0,Male,28,Frequent Traveller,Sales,28,3,Marketing ,Sales Representative,43939,No,29-07-2013,Yes,6,1,4,3,17-01-2014,3,3,2,2,1,5,5,5
B48C-47D0,Male,28,Frequent Traveller,Sales,28,3,Marketing ,Sales Representative,43939,No,29-07-2013,Yes,6,1,4,3,17-01-2013,3,4,5,2,0,3,3,2
B48C-47D0,Male,28,Frequent Traveller,Sales,28,3,Marketing ,Sales Representative,43939,No,29-07-2013,Yes,6,1,4,3,16-01-2018,3,2,5,1,1,4,3,3
4316-C080,Male,34,No Travel ,Technology,25,1,Computer Science,Senior Software Engineer,238630,No,05-08-2013,No,9,0,3,6,22-07-2016,3,4,2,2,0,5,5,5
4316-C080,Male,34,No Travel ,Technology,25,1,Computer Science,Senior Software Engineer,238630,No,05-08-2013,No,9,0,3,6,22-07-2017,4,3,2,1,1,3,5,5
279C-7342,Non-Binary,29,Frequent Traveller,Sales,31,4,Marketing,Sales Executive,100925,Yes,08-08-2013,Yes,3,1,1,1,12-02-2017,3,3,3,2,0,4,3,3
279C-7342,Non-Binary,29,Frequent Traveller,Sales,31,4,Marketing,Sales Executive,100925,Yes,08-08-2013,Yes,3,1,1,1,13-02-2014,4,3,5,2,0,3,4,4
279C-7342,Non-Binary,29,Frequent Traveller,Sales,31,4,Marketing,Sales Executive,100925,Yes,08-08-2013,Yes,3,1,1,1,12-02-2018,5,2,5,2,2,4,5,5
E324-1C33,Female,38,Some Travel,Sales,9,4,Economics,Sales Executive,114713,No,17-12-2013,No,9,0,0,1,15-07-2016,5,4,4,3,1,5,4,3
E324-1C33,Female,38,Some Travel,Sales,9,4,Economics,Sales Executive,114713,No,17-12-2013,No,9,0,0,1,15-07-2017,4,5,4,2,1,4,5,4
246E-3383,Male,26,Some Travel,Sales,16,2,Marketing,Sales Executive,113512,No,25-12-2015,No,7,3,7,6,15-07-2016,3,3,4,1,1,2,3,3
246E-3383,Male,26,Some Travel,Sales,16,2,Marketing,Sales Executive,113512,No,25-12-2015,No,7,3,7,6,15-07-2017,5,2,4,2,1,4,4,4
9811-F345,Male,42,Some Travel,Technology,40,4,Computer Science,Data Scientist,142075,No,15-08-2013,No,9,9,9,4,13-08-2016,3,2,5,1,2,3,5,5
9811-F345,Male,42,Some Travel,Technology,40,4,Computer Science,Data Scientist,142075,No,15-08-2013,No,9,9,9,4,13-08-2017,3,2,5,2,1,2,5,4
CD59-7F94,Non-Binary,30,Some Travel,Sales,37,4,Economics,Sales Executive,341039,No,16-02-2014,No,8,2,4,1,11-01-2013,5,2,3,2,0,3,3,2
CD59-7F94,Non-Binary,30,Some Travel,Sales,37,4,Economics,Sales Executive,341039,No,16-02-2014,No,8,2,4,1,10-01-2017,4,2,4,2,2,5,4,4
CD59-7F94,Non-Binary,30,Some Travel,Sales,37,4,Economics,Sales Executive,341039,No,16-02-2014,No,8,2,4,1,11-01-2014,5,5,3,1,2,2,3,2
CD59-7F94,Non-Binary,30,Some Travel,Sales,37,4,Economics,Sales Executive,341039,No,16-02-2014,No,8,2,4,1,10-01-2018,3,5,5,2,2,4,4,3
8ACE-C5CE,Female,43,Some Travel,Sales,38,2,Marketing,Sales Executive,121510,No,18-08-2013,No,9,8,8,5,22-02-2017,5,4,3,3,2,3,3,2
8ACE-C5CE,Female,43,Some Travel,Sales,38,2,Marketing,Sales Executive,121510,No,18-08-2013,No,9,8,8,5,22-02-2018,3,4,2,2,0,5,3,2
8365-EB74,Male,40,Frequent Traveller,Technology,14,2,Information Systems,Data Scientist,43854,No,19-08-2013,No,9,4,9,2,09-10-2016,4,5,4,2,2,4,3,3
8365-EB74,Male,40,Frequent Traveller,Technology,14,2,Information Systems,Data Scientist,43854,No,19-08-2013,No,9,4,9,2,09-10-2017,4,4,3,2,1,5,4,3
D8FC-E2F7,Female,22,Some Travel,Sales,10,3,Economics,Sales Representative,36980,Yes,01-12-2021,Yes,0,0,0,0,18-07-2016,5,3,4,2,0,2,3,3
D8FC-E2F7,Female,22,Some Travel,Sales,10,3,Economics,Sales Representative,36980,Yes,01-12-2021,Yes,0,0,0,0,18-07-2017,3,4,3,1,1,2,4,3
2A04-49D1,Non-Binary,41,Some Travel,Technology,11,5,Information Systems,Engineering Manager,372980,No,22-08-2013,No,9,1,2,3,11-11-2016,4,3,3,2,0,4,5,4
2A04-49D1,Non-Binary,41,Some Travel,Technology,11,5,Information Systems,Engineering Manager,372980,No,22-08-2013,No,9,1,2,3,11-11-2017,5,3,4,3,1,5,3,2
F0C3-4859,Non-Binary,21,Some Travel,Technology,37,3,Information Systems,Software Engineer,41476,Yes,03-03-2020,Yes,0,0,0,0,18-07-2016,5,2,2,2,2,5,5,4
F0C3-4859,Non-Binary,21,Some Travel,Technology,37,3,Information Systems,Software Engineer,41476,Yes,03-03-2020,Yes,0,0,0,0,18-07-2017,3,4,2,2,0,2,5,5
F4A3-2126,Male,24,Some Travel,Sales,16,2,Marketing,Sales Representative,29128,Yes,31-07-2019,Yes,0,0,0,0,18-07-2016,5,4,3,3,1,3,4,4
F4A3-2126,Male,24,Some Travel,Sales,16,2,Marketing,Sales Representative,29128,Yes,31-07-2019,Yes,0,0,0,0,18-07-2017,4,5,2,3,3,2,5,4
5B0E-31FB,Male,37,Some Travel,Technology,22,2,Information Systems,Software Engineer,45927,No,26-08-2013,No,9,5,6,6,09-08-2016,3,4,5,1,1,3,5,5
5B0E-31FB,Male,37,Some Travel,Technology,22,2,Information Systems,Software Engineer,45927,No,26-08-2013,No,9,5,6,6,09-08-2017,4,5,3,3,2,3,5,4
F83C-CA1D,Male,21,Some Travel,Technology,16,1,Information Systems,Software Engineer,22515,Yes,05-12-2019,Yes,1,0,0,0,19-07-2016,3,4,3,1,1,5,5,4
F83C-CA1D,Male,21,Some Travel,Technology,16,1,Information Systems,Software Engineer,22515,Yes,05-12-2019,Yes,1,0,0,0,19-07-2017,4,5,2,3,1,3,4,3
134B-4157,Male,37,Some Travel,Technology,29,3,Computer Science,Analytics Manager,513608,No,03-09-2013,No,9,4,7,3,01-09-2016,3,5,4,3,0,3,4,3
134B-4157,Male,37,Some Travel,Technology,29,3,Computer Science,Analytics Manager,513608,No,03-09-2013,No,9,4,7,3,01-09-2017,4,3,4,1,2,3,4,3
AA87-13D8,Female,32,Frequent Traveller,Technology,15,2,Information Systems,Data Scientist,44388,No,10-10-2013,No,9,8,9,8,20-07-2016,5,4,4,2,1,5,4,4
AA87-13D8,Female,32,Frequent Traveller,Technology,15,2,Information Systems,Data Scientist,44388,No,10-10-2013,No,9,8,9,8,20-07-2017,4,4,1,3,0,4,3,3
AB4A-E71A,Male,43,Some Travel,Sales,3,3,Marketing,Manager,429939,Yes,05-09-2013,No,9,3,3,7,09-11-2016,3,3,3,2,0,2,4,3
AB4A-E71A,Male,43,Some Travel,Sales,3,3,Marketing,Manager,429939,Yes,05-09-2013,No,9,3,3,7,09-11-2017,4,4,3,3,3,5,4,4
03EF-5904,Male,31,Some Travel,Technology,45,3,Other,Machine Learning Engineer,195261,No,09-09-2013,No,9,3,4,5,29-12-2016,2,4,2,1,3,3,5,4
03EF-5904,Male,31,Some Travel,Technology,45,3,Other,Machine Learning Engineer,195261,No,09-09-2013,No,9,3,4,5,29-12-2017,5,3,3,2,0,5,5,4
1D35-190A,Female,35,Some Travel,Human Resources,18,4,Marketing ,HR Executive,132563,Yes,22-09-2013,No,9,1,6,9,11-09-2016,5,5,4,1,0,2,5,4
1D35-190A,Female,35,Some Travel,Human Resources,18,4,Marketing ,HR Executive,132563,Yes,22-09-2013,No,9,1,6,9,11-09-2017,5,5,5,2,2,3,5,4
0868-097F,Non-Binary,33,Some Travel,Technology,26,3,Information Systems,Engineering Manager,267009,No,23-09-2013,No,9,0,1,7,31-10-2016,4,5,5,2,1,4,4,4
0868-097F,Non-Binary,33,Some Travel,Technology,26,3,Information Systems,Engineering Manager,267009,No,23-09-2013,No,9,0,1,7,31-10-2017,5,4,3,1,1,2,4,3
7AA0-5766,Female,22,Frequent Traveller,Technology,28,4,Computer Science,Data Scientist,63571,No,28-12-2021,Yes,0,0,0,0,27-07-2016,4,4,2,3,3,3,5,5
7AA0-5766,Female,22,Frequent Traveller,Technology,28,4,Computer Science,Data Scientist,63571,No,28-12-2021,Yes,0,0,0,0,27-07-2017,4,3,2,1,0,5,5,4
4B6E-3C21,Female,32,Some Travel,Sales,29,4,Economics,Sales Executive,68043,No,25-09-2013,Yes,8,0,1,6,09-03-2017,3,5,2,1,1,4,4,3
4B6E-3C21,Female,32,Some Travel,Sales,29,4,Economics,Sales Executive,68043,No,25-09-2013,Yes,8,0,1,6,09-03-2018,4,3,2,3,2,5,4,3
F3A3-10CE,Male,40,Some Travel,Sales,37,4,Marketing,Sales Executive,226512,Yes,08-10-2020,Yes,2,1,1,1,28-07-2016,3,2,2,1,0,3,3,3
F3A3-10CE,Male,40,Some Travel,Sales,37,4,Marketing,Sales Executive,226512,Yes,08-10-2020,Yes,2,1,1,1,28-07-2017,4,4,4,3,1,4,4,3
46ED-4007,Male,34,Frequent Traveller,Sales,40,3,Economics,Sales Executive,140097,No,27-09-2013,No,9,2,8,6,13-08-2016,5,5,2,1,0,2,3,3
46ED-4007,Male,34,Frequent Traveller,Sales,40,3,Economics,Sales Executive,140097,No,27-09-2013,No,9,2,8,6,13-08-2017,5,2,4,3,3,4,4,4
D69C-8F84,Female,40,Some Travel,Technology,26,3,Information Systems,Data Scientist,59899,No,06-02-2014,No,8,2,3,6,28-07-2016,3,4,4,2,3,5,5,4
D69C-8F84,Female,40,Some Travel,Technology,26,3,Information Systems,Data Scientist,59899,No,06-02-2014,No,8,2,3,6,28-07-2017,5,3,4,3,1,2,4,3
2E9A-BD2E,Male,36,Some Travel,Sales,13,5,Marketing ,Manager,432191,No,27-09-2013,No,9,1,8,0,25-10-2016,3,5,2,1,1,5,3,2
2E9A-BD2E,Male,36,Some Travel,Sales,13,5,Marketing ,Manager,432191,No,27-09-2013,No,9,1,8,0,25-10-2017,5,2,5,2,1,5,3,2
CEE0-94C3,Male,42,Some Travel,Sales,12,1,Technical Degree,Sales Representative,70535,No,29-09-2013,No,9,3,8,5,25-10-2016,5,5,4,1,0,2,4,4
CEE0-94C3,Male,42,Some Travel,Sales,12,1,Technical Degree,Sales Representative,70535,No,29-09-2013,No,9,3,8,5,25-10-2017,5,3,4,3,2,4,5,4
27CD-A6BF,Male,27,Some Travel,Technology,44,3,Computer Science,Software Engineer,45276,Yes,12-12-2015,No,7,6,6,2,31-07-2016,4,5,5,3,2,4,5,5
27CD-A6BF,Male,27,Some Travel,Technology,44,3,Computer Science,Software Engineer,45276,Yes,12-12-2015,No,7,6,6,2,31-07-2017,3,5,4,3,1,5,3,3
7A8C-2DD3,Female,30,Some Travel,Sales,35,3,Other,Sales Executive,160352,No,18-10-2013,No,9,0,5,4,01-08-2016,5,2,3,1,1,5,4,4
7A8C-2DD3,Female,30,Some Travel,Sales,35,3,Other,Sales Executive,160352,No,18-10-2013,No,9,0,5,4,01-08-2017,3,5,4,1,1,3,3,2
66BC-7AC0,Male,22,Frequent Traveller,Sales,33,3,Marketing,Sales Representative,33657,No,23-07-2018,Yes,3,0,2,0,04-08-2016,5,5,4,1,1,5,4,3
66BC-7AC0,Male,22,Frequent Traveller,Sales,33,3,Marketing,Sales Representative,33657,No,23-07-2018,Yes,3,0,2,0,04-08-2017,4,3,5,2,0,3,4,3
56A5-271B,Non-Binary,33,Some Travel,Technology,15,4,Other,Senior Software Engineer,108095,Yes,10-10-2013,No,9,8,9,9,13-03-2017,1,4,3,3,3,3,4,3
56A5-271B,Non-Binary,33,Some Travel,Technology,15,4,Other,Senior Software Engineer,108095,Yes,10-10-2013,No,9,8,9,9,13-03-2018,5,2,2,3,2,5,5,5
4886-62DF,Female,48,Some Travel,Technology,45,3,Other,Senior Software Engineer,207456,No,18-10-2013,No,9,2,6,4,02-12-2016,4,4,3,1,0,5,5,4
4886-62DF,Female,48,Some Travel,Technology,45,3,Other,Senior Software Engineer,207456,No,18-10-2013,No,9,2,6,4,02-12-2017,3,2,5,2,0,2,4,4
5839-7AE2,Male,25,Some Travel,Technology,24,2,Business Studies,Senior Software Engineer,175342,Yes,04-09-2018,No,4,3,4,3,07-08-2016,3,4,4,1,1,3,4,4
7EE7-2C43,Female,29,Some Travel,Technology,9,4,Computer Science,Data Scientist,48321,Yes,26-10-2013,Yes,7,2,3,2,07-03-2017,3,2,3,1,2,5,5,5
7EE7-2C43,Female,29,Some Travel,Technology,9,4,Computer Science,Data Scientist,48321,Yes,26-10-2013,Yes,7,2,3,2,07-03-2018,4,3,3,1,1,2,5,4
B990-35DA,Female,47,Some Travel,Technology,7,3,Information Systems,Data Scientist,116165,No,27-10-2013,No,9,0,7,8,29-09-2016,5,4,5,2,2,3,5,5
B990-35DA,Female,47,Some Travel,Technology,7,3,Information Systems,Data Scientist,116165,No,27-10-2013,No,9,0,7,8,29-09-2017,3,5,5,3,0,3,5,5
C730-6B13,Female,32,Some Travel,Technology,20,4,Computer Science,Data Scientist,85884,No,31-10-2013,No,9,9,9,5,02-09-2016,3,2,3,3,1,2,4,3
C730-6B13,Female,32,Some Travel,Technology,20,4,Computer Science,Data Scientist,85884,No,31-10-2013,No,9,9,9,5,02-09-2017,5,5,2,1,2,2,3,2
F546-D965,Female,23,Some Travel,Sales,34,2,Economics,Sales Executive,88382,No,01-11-2019,No,3,1,3,1,12-08-2016,5,4,5,2,3,2,3,2
38EB-ADBD,Male,48,Some Travel,Technology,20,3,Information Systems,Software Engineer,56546,No,01-11-2013,No,9,4,6,3,09-01-2017,3,2,2,1,0,5,3,2
38EB-ADBD,Male,48,Some Travel,Technology,20,3,Information Systems,Software Engineer,56546,No,01-11-2013,No,9,4,6,3,09-01-2018,3,2,4,3,2,4,4,4
040C-EDED,Male,22,Frequent Traveller,Technology,45,2,Computer Science,Software Engineer,26782,Yes,08-11-2019,Yes,3,0,2,0,13-08-2016,3,5,2,2,1,2,4,3
040C-EDED,Male,22,Frequent Traveller,Technology,45,2,Computer Science,Software Engineer,26782,Yes,08-11-2019,Yes,3,0,2,0,13-08-2017,4,5,3,1,0,3,3,3
CF8D-7379,Prefer Not To Say,43,Some Travel,Technology,14,4,Information Systems,Engineering Manager,365504,Yes,04-11-2013,No,9,6,7,8,11-12-2016,4,5,3,2,0,5,4,3
CF8D-7379,Prefer Not To Say,43,Some Travel,Technology,14,4,Information Systems,Engineering Manager,365504,Yes,04-11-2013,No,9,6,7,8,11-12-2017,5,5,2,3,1,4,3,3
D836-B375,Female,44,Some Travel,Technology,21,2,Computer Science,Software Engineer,91563,No,06-11-2013,No,9,9,9,8,24-12-2016,4,3,3,1,1,2,5,4
D836-B375,Female,44,Some Travel,Technology,21,2,Computer Science,Software Engineer,91563,No,06-11-2013,No,9,9,9,8,24-12-2017,5,2,4,2,3,4,3,3
60B5-48ED,Male,30,Frequent Traveller,Sales,25,2,Marketing,Sales Executive,135919,No,08-11-2013,No,9,6,6,0,21-08-2016,4,3,3,2,0,3,3,3
60B5-48ED,Male,30,Frequent Traveller,Sales,25,2,Marketing,Sales Executive,135919,No,08-11-2013,No,9,6,6,0,21-08-2017,3,5,2,3,1,5,3,2
AFA8-5058,Male,20,Some Travel,Human Resources,8,4,Human Resources,Recruiter,26186,Yes,06-03-2020,Yes,2,0,0,0,14-08-2016,3,3,2,3,1,5,3,3
AFA8-5058,Male,20,Some Travel,Human Resources,8,4,Human Resources,Recruiter,26186,Yes,06-03-2020,Yes,2,0,0,0,14-08-2017,5,3,4,3,1,2,4,3
211E-BC82,Female,28,Frequent Traveller,Technology,6,1,Information Systems,Software Engineer,47148,No,09-11-2013,No,9,3,8,8,30-12-2016,2,1,1,3,3,4,3,3
211E-BC82,Female,28,Frequent Traveller,Technology,6,1,Information Systems,Software Engineer,47148,No,09-11-2013,No,9,3,8,8,30-12-2017,3,4,3,2,3,4,5,5
6112-8476,Female,43,Some Travel,Technology,18,1,Computer Science,Software Engineer,49882,No,02-02-2014,No,8,3,8,2,15-08-2016,5,2,4,3,1,5,5,5
6112-8476,Female,43,Some Travel,Technology,18,1,Computer Science,Software Engineer,49882,No,02-02-2014,No,8,3,8,2,15-08-2017,5,3,4,1,2,2,5,4
C54B-DBC5,Female,33,Frequent Traveller,Sales,33,5,Marketing,Sales Executive,115114,No,12-11-2013,No,9,9,9,6,29-11-2016,3,2,2,1,2,3,5,5
C54B-DBC5,Female,33,Frequent Traveller,Sales,33,5,Marketing,Sales Executive,115114,No,12-11-2013,No,9,9,9,6,29-11-2017,5,2,3,2,0,3,3,2
6F3E-2A75,Male,28,Frequent Traveller,Sales,4,4,Other,Sales Executive,110839,No,12-11-2013,No,9,8,8,4,20-10-2016,4,4,2,1,2,3,5,5
6F3E-2A75,Male,28,Frequent Traveller,Sales,4,4,Other,Sales Executive,110839,No,12-11-2013,No,9,8,8,4,20-10-2017,5,2,4,1,0,4,5,5
2A89-93B6,Female,24,Some Travel,Technology,13,4,Computer Science,Data Scientist,30117,No,21-08-2018,Yes,3,1,1,2,16-08-2016,4,3,4,1,0,5,5,4
2A89-93B6,Female,24,Some Travel,Technology,13,4,Computer Science,Data Scientist,30117,No,21-08-2018,Yes,3,1,1,2,16-08-2017,4,2,4,2,0,4,4,3
C1C6-F683,Male,45,Frequent Traveller,Technology,6,4,Information Systems,Software Engineer,92613,Yes,23-11-2013,No,9,6,6,2,01-11-2016,3,3,2,2,2,4,4,4
C1C6-F683,Male,45,Frequent Traveller,Technology,6,4,Information Systems,Software Engineer,92613,Yes,23-11-2013,No,9,6,6,2,01-11-2017,3,2,4,3,1,3,3,3
37EE-004B,Female,22,Some Travel,Technology,29,3,Information Systems,Data Scientist,28790,No,09-01-2019,Yes,3,1,1,2,17-08-2016,3,5,4,2,0,3,3,2
37EE-004B,Female,22,Some Travel,Technology,29,3,Information Systems,Data Scientist,28790,No,09-01-2019,Yes,3,1,1,2,17-08-2017,4,4,5,1,0,4,3,2
B76C-D9CE,Female,22,Some Travel,Human Resources,7,2,Economics,Recruiter,29322,Yes,31-01-2021,Yes,1,0,0,0,18-08-2016,4,5,4,3,0,3,4,4
B76C-D9CE,Female,22,Some Travel,Human Resources,7,2,Economics,Recruiter,29322,Yes,31-01-2021,Yes,1,0,0,0,18-08-2017,3,4,5,2,1,2,5,5
D6A7-EF72,Female,40,Some Travel,Human Resources,7,4,Technical Degree,Recruiter,70703,No,04-12-2013,No,9,0,9,7,03-09-2016,3,5,3,2,2,2,3,3
D6A7-EF72,Female,40,Some Travel,Human Resources,7,4,Technical Degree,Recruiter,70703,No,04-12-2013,No,9,0,9,7,03-09-2017,5,4,4,1,0,4,3,3
F877-3BF9,Non-Binary,21,Frequent Traveller,Technology,29,4,Information Systems,Software Engineer,61345,No,07-08-2020,Yes,1,0,0,0,21-08-2016,5,5,4,1,1,2,4,4
F877-3BF9,Non-Binary,21,Frequent Traveller,Technology,29,4,Information Systems,Software Engineer,61345,No,07-08-2020,Yes,1,0,0,0,21-08-2017,3,3,3,1,0,5,4,4
12F7-BCBB,Female,48,Frequent Traveller,Sales,2,1,Technical Degree,Sales Representative,37124,No,06-12-2013,Yes,9,8,8,7,14-01-2013,5,2,2,2,1,5,5,5
12F7-BCBB,Female,48,Frequent Traveller,Sales,2,1,Technical Degree,Sales Representative,37124,No,06-12-2013,Yes,9,8,8,7,13-01-2017,5,4,3,2,1,4,5,4
12F7-BCBB,Female,48,Frequent Traveller,Sales,2,1,Technical Degree,Sales Representative,37124,No,06-12-2013,Yes,9,8,8,7,14-01-2014,4,4,4,1,0,5,3,3
12F7-BCBB,Female,48,Frequent Traveller,Sales,2,1,Technical Degree,Sales Representative,37124,No,06-12-2013,Yes,9,8,8,7,13-01-2018,3,3,4,3,0,5,3,2
1359-BEE3,Female,41,No Travel ,Technology,22,3,Computer Science,Data Scientist,52581,No,09-12-2013,No,9,8,8,7,05-01-2017,5,4,5,2,0,4,3,2
1359-BEE3,Female,41,No Travel ,Technology,22,3,Computer Science,Data Scientist,52581,No,09-12-2013,No,9,8,8,7,05-01-2018,5,2,2,1,1,3,3,3
1C24-233B,Non-Binary,40,Some Travel,Technology,30,4,Computer Science,Machine Learning Engineer,145328,No,09-12-2013,No,9,0,9,9,06-11-2016,4,2,2,2,1,3,5,5
1C24-233B,Non-Binary,40,Some Travel,Technology,30,4,Computer Science,Machine Learning Engineer,145328,No,09-12-2013,No,9,0,9,9,06-11-2017,4,4,4,2,1,4,5,4
637B-DBAD,Male,44,Some Travel,Technology,31,2,Computer Science,Software Engineer,81297,Yes,14-12-2013,No,9,1,8,9,24-12-2016,5,2,3,3,1,3,5,5
637B-DBAD,Male,44,Some Travel,Technology,31,2,Computer Science,Software Engineer,81297,Yes,14-12-2013,No,9,1,8,9,24-12-2017,5,4,2,2,0,3,4,4
D186-CBF5,Female,19,Some Travel,Sales,21,3,Marketing,Sales Representative,33454,Yes,19-05-2022,Yes,0,0,0,0,25-08-2016,4,4,2,3,3,4,3,2
D186-CBF5,Female,19,Some Travel,Sales,21,3,Marketing,Sales Representative,33454,Yes,19-05-2022,Yes,0,0,0,0,25-08-2017,4,2,5,3,1,2,3,2
5605-237E,Female,26,Some Travel,Technology,7,3,Computer Science,Data Scientist,34047,Yes,03-12-2015,No,7,4,4,2,25-08-2016,4,5,5,1,0,4,4,4
5605-237E,Female,26,Some Travel,Technology,7,3,Computer Science,Data Scientist,34047,Yes,03-12-2015,No,7,4,4,2,25-08-2017,5,3,2,3,0,2,3,3
4FD5-CC71,Female,22,Some Travel,Technology,31,4,Information Systems,Software Engineer,75738,Yes,23-02-2019,Yes,3,1,2,0,27-08-2016,3,5,5,3,1,4,3,3
4FD5-CC71,Female,22,Some Travel,Technology,31,4,Information Systems,Software Engineer,75738,Yes,23-02-2019,Yes,3,1,2,0,27-08-2017,3,3,3,1,0,5,5,5
2C7D-F9F1,Male,30,Some Travel,Technology,45,2,Business Studies,Machine Learning Engineer,262409,No,20-12-2013,No,9,8,9,8,01-10-2016,4,4,4,2,1,4,5,4
2C7D-F9F1,Male,30,Some Travel,Technology,45,2,Business Studies,Machine Learning Engineer,262409,No,20-12-2013,No,9,8,9,8,01-10-2017,5,3,3,2,0,3,5,5
2DD1-FD7F,Male,22,Some Travel,Technology,3,3,Computer Science,Data Scientist,34753,Yes,18-07-2018,Yes,1,0,0,0,02-09-2016,3,5,3,2,3,5,4,4
2DD1-FD7F,Male,22,Some Travel,Technology,3,3,Computer Science,Data Scientist,34753,Yes,18-07-2018,Yes,1,0,0,0,02-09-2017,5,2,2,3,0,5,3,2
825E-0B3A,Male,30,Some Travel,Technology,26,3,Information Systems,Machine Learning Engineer,94791,No,27-12-2013,No,9,9,9,0,04-10-2016,3,4,2,2,2,2,3,3
825E-0B3A,Male,30,Some Travel,Technology,26,3,Information Systems,Machine Learning Engineer,94791,No,27-12-2013,No,9,9,9,0,04-10-2017,5,3,5,1,0,5,5,4
39A2-9B0A,Female,19,Frequent Traveller,Sales,35,4,Marketing ,Sales Representative,24959,No,25-10-2022,Yes,0,0,0,0,04-09-2016,4,2,5,3,0,3,5,5
39A2-9B0A,Female,19,Frequent Traveller,Sales,35,4,Marketing ,Sales Representative,24959,No,25-10-2022,Yes,0,0,0,0,04-09-2017,4,5,5,3,1,5,5,4
D014-7DB2,Female,20,Some Travel,Sales,16,3,Marketing ,Sales Representative,35754,No,24-08-2020,Yes,0,0,0,0,08-09-2016,4,4,5,2,1,3,4,3
D014-7DB2,Female,20,Some Travel,Sales,16,3,Marketing ,Sales Representative,35754,No,24-08-2020,Yes,0,0,0,0,08-09-2017,5,5,5,2,0,5,3,2
C973-E8E5,Male,26,Some Travel,Technology,2,3,Computer Science,Software Engineer,57722,Yes,30-06-2017,No,5,4,4,0,09-09-2016,5,2,2,1,3,3,5,5
C973-E8E5,Male,26,Some Travel,Technology,2,3,Computer Science,Software Engineer,57722,Yes,30-06-2017,No,5,4,4,0,09-09-2017,3,5,5,3,2,2,4,4
CBB3-0D7E,Male,26,Some Travel,Sales,44,1,Technical Degree,Sales Representative,40638,Yes,11-01-2014,Yes,2,0,0,1,15-01-2017,3,3,4,3,1,3,3,2
CBB3-0D7E,Male,26,Some Travel,Sales,44,1,Technical Degree,Sales Representative,40638,Yes,11-01-2014,Yes,2,0,0,1,16-01-2014,5,2,2,3,1,2,3,3
CBB3-0D7E,Male,26,Some Travel,Sales,44,1,Technical Degree,Sales Representative,40638,Yes,11-01-2014,Yes,2,0,0,1,16-01-2013,5,4,4,1,1,4,4,4
CBB3-0D7E,Male,26,Some Travel,Sales,44,1,Technical Degree,Sales Representative,40638,Yes,11-01-2014,Yes,2,0,0,1,15-01-2018,4,3,5,3,2,3,4,3
2551-DD9B,Female,33,Some Travel,Technology,40,4,Computer Science,Senior Software Engineer,181244,No,15-01-2014,No,8,4,8,8,13-03-2017,3,3,1,1,0,3,3,2
2551-DD9B,Female,33,Some Travel,Technology,40,4,Computer Science,Senior Software Engineer,181244,No,15-01-2014,No,8,4,8,8,13-03-2018,4,2,2,1,1,2,4,3
6135-885F,Female,18,Frequent Traveller,Technology,8,3,Computer Science,Software Engineer,31894,Yes,31-08-2022,Yes,0,0,0,0,14-09-2016,5,5,2,2,3,2,3,2
6135-885F,Female,18,Frequent Traveller,Technology,8,3,Computer Science,Software Engineer,31894,Yes,31-08-2022,Yes,0,0,0,0,14-09-2017,4,5,5,3,3,4,5,5
D39D-4015,Female,30,Frequent Traveller,Technology,28,3,Information Systems,Software Engineer,46388,No,16-01-2014,No,8,6,6,3,05-12-2016,4,5,3,2,3,3,4,4
D39D-4015,Female,30,Frequent Traveller,Technology,28,3,Information Systems,Software Engineer,46388,No,16-01-2014,No,8,6,6,3,05-12-2017,3,3,2,2,1,3,4,4
0697-ADC3,Male,38,No Travel ,Technology,4,3,Information Systems,Software Engineer,45942,Yes,30-01-2014,No,8,4,5,8,22-12-2016,3,4,4,3,2,3,3,2
0697-ADC3,Male,38,No Travel ,Technology,4,3,Information Systems,Software Engineer,45942,Yes,30-01-2014,No,8,4,5,8,22-12-2017,4,4,4,2,1,3,3,2
2FC8-999D,Female,27,Some Travel,Technology,30,2,Information Systems,Analytics Manager,240633,No,22-01-2015,No,7,1,6,7,20-09-2016,5,2,5,1,1,2,3,3
2FC8-999D,Female,27,Some Travel,Technology,30,2,Information Systems,Analytics Manager,240633,No,22-01-2015,No,7,1,6,7,20-09-2017,5,3,5,1,1,2,4,3
7378-5351,Female,35,Some Travel,Technology,43,1,Business Studies,Engineering Manager,243863,Yes,04-02-2014,No,8,1,6,6,25-10-2016,3,2,2,3,3,2,3,2
7378-5351,Female,35,Some Travel,Technology,43,1,Business Studies,Engineering Manager,243863,Yes,04-02-2014,No,8,1,6,6,25-10-2017,4,5,5,1,0,2,3,2
3476-CA56,Female,24,Some Travel,Sales,16,3,Economics,Sales Representative,25102,No,05-06-2019,Yes,1,0,0,0,21-09-2016,5,4,2,3,0,3,5,4
3476-CA56,Female,24,Some Travel,Sales,16,3,Economics,Sales Representative,25102,No,05-06-2019,Yes,1,0,0,0,21-09-2017,5,3,5,2,0,2,4,3
07F5-A45D,Male,24,Frequent Traveller,Sales,23,2,Economics,Sales Representative,38448,Yes,09-08-2018,Yes,4,3,3,2,22-09-2016,4,4,4,2,0,5,3,3
07F5-A45D,Male,24,Frequent Traveller,Sales,23,2,Economics,Sales Representative,38448,Yes,09-08-2018,Yes,4,3,3,2,22-09-2017,4,4,4,2,2,4,4,3
0145-DBFC,Female,34,No Travel ,Technology,8,4,Information Systems,Data Scientist,104268,No,10-02-2014,No,8,7,7,7,19-11-2016,3,4,3,2,0,2,3,2
0145-DBFC,Female,34,No Travel ,Technology,8,4,Information Systems,Data Scientist,104268,No,10-02-2014,No,8,7,7,7,19-11-2017,5,3,3,3,0,3,3,2
7F61-2397,Non-Binary,41,No Travel ,Technology,26,4,Computer Science,Analytics Manager,283081,Yes,03-09-2018,Yes,4,1,3,2,26-09-2016,4,5,2,2,1,4,5,4
7F61-2397,Non-Binary,41,No Travel ,Technology,26,4,Computer Science,Analytics Manager,283081,Yes,03-09-2018,Yes,4,1,3,2,26-09-2017,5,2,3,1,2,3,3,3
EB81-3E51,Female,41,Some Travel,Technology,18,4,Information Systems,Senior Software Engineer,268964,No,01-07-2019,Yes,3,1,1,0,26-09-2016,4,5,4,2,1,4,3,3
EB81-3E51,Female,41,Some Travel,Technology,18,4,Information Systems,Senior Software Engineer,268964,No,01-07-2019,Yes,3,1,1,0,26-09-2017,4,3,3,3,0,2,4,3
15B3-F392,Female,39,Some Travel,Sales,37,3,Economics,Sales Representative,65612,No,23-02-2014,No,8,2,8,7,30-08-2017,5,2,3,3,0,5,3,3
1CB3-F7D7,Female,21,No Travel ,Sales,6,4,Other,Sales Executive,43259,No,03-11-2022,Yes,0,0,0,0,28-09-2016,4,5,3,2,0,2,4,4
1CB3-F7D7,Female,21,No Travel ,Sales,6,4,Other,Sales Executive,43259,No,03-11-2022,Yes,0,0,0,0,28-09-2017,5,2,4,1,1,4,3,2
9D01-8A02,Male,31,Some Travel,Technology,8,1,Information Systems,Software Engineer,70682,No,24-02-2014,No,8,4,8,2,18-04-2017,3,4,4,1,0,5,5,5
9D01-8A02,Male,31,Some Travel,Technology,8,1,Information Systems,Software Engineer,70682,No,24-02-2014,No,8,4,8,2,18-04-2018,4,5,4,2,0,4,4,4
A31A-A90C,Male,36,Some Travel,Technology,7,3,Information Systems,Data Scientist,46773,Yes,28-02-2014,No,8,7,8,2,25-04-2017,3,3,4,2,1,2,5,4
A31A-A90C,Male,36,Some Travel,Technology,7,3,Information Systems,Data Scientist,46773,Yes,28-02-2014,No,8,7,8,2,25-04-2018,3,4,2,3,1,2,5,4
80BE-E2B5,Female,29,Some Travel,Technology,29,3,Computer Science,Senior Software Engineer,110744,No,02-03-2014,No,8,8,8,1,21-09-2017,4,5,3,1,1,5,4,4
130F-32AB,Female,20,Some Travel,Technology,6,1,Computer Science,Software Engineer,30714,Yes,05-06-2020,Yes,2,0,1,1,01-10-2016,4,3,5,2,2,4,4,3
130F-32AB,Female,20,Some Travel,Technology,6,1,Computer Science,Software Engineer,30714,Yes,05-06-2020,Yes,2,0,1,1,01-10-2017,5,2,5,1,0,5,4,3
F98B-61B3,Female,36,Some Travel,Technology,17,3,Computer Science,Data Scientist,72118,No,04-03-2014,No,8,7,7,8,21-01-2017,4,2,5,2,2,4,3,3
F98B-61B3,Female,36,Some Travel,Technology,17,3,Computer Science,Data Scientist,72118,No,04-03-2014,No,8,7,7,8,21-01-2018,3,2,2,3,1,4,3,2
6A0D-9C4D,Male,34,Frequent Traveller,Technology,34,2,Information Systems,Machine Learning Engineer,265922,Yes,06-03-2014,No,8,3,3,5,30-06-2017,3,3,4,3,3,3,4,3
B34E-95FF,Male,25,Some Travel,Sales,33,5,Marketing,Sales Executive,87347,Yes,09-11-2019,Yes,2,1,1,0,01-10-2016,3,5,3,3,1,5,4,3
B34E-95FF,Male,25,Some Travel,Sales,33,5,Marketing,Sales Executive,87347,Yes,09-11-2019,Yes,2,1,1,0,01-10-2017,3,5,5,3,3,2,5,5
4D7E-BDA4,Male,34,Some Travel,Sales,19,3,Marketing ,Sales Representative,46740,No,06-03-2014,No,8,1,6,1,28-12-2017,3,4,2,3,1,5,3,3
6E64-8D30,Female,32,Some Travel,Sales,42,3,Marketing,Sales Executive,108213,No,10-03-2014,No,8,6,6,4,23-07-2017,4,1,3,2,0,4,3,2
B341-8D6A,Female,40,No Travel ,Technology,26,1,Business Studies,Software Engineer,48125,No,14-03-2014,No,8,5,8,2,26-10-2017,4,2,5,2,1,5,3,3
1180-BEC9,Male,43,Some Travel,Technology,17,3,Computer Science,Software Engineer,50946,Yes,15-03-2014,Yes,8,6,7,3,31-01-2017,3,5,5,3,0,5,3,2
1180-BEC9,Male,43,Some Travel,Technology,17,3,Computer Science,Software Engineer,50946,Yes,15-03-2014,Yes,8,6,7,3,01-02-2014,5,3,4,2,2,5,4,4
1180-BEC9,Male,43,Some Travel,Technology,17,3,Computer Science,Software Engineer,50946,Yes,15-03-2014,Yes,8,6,7,3,31-01-2018,5,4,4,2,0,5,3,2
5293-AC5C,Male,44,Some Travel,Sales,27,3,Economics,Sales Executive,101906,No,15-03-2014,No,8,3,4,7,14-07-2017,3,5,5,1,2,3,3,3
817D-28CE,Female,22,Frequent Traveller,Technology,30,3,Computer Science,Data Scientist,40614,Yes,29-07-2020,Yes,0,0,0,0,09-10-2016,5,5,3,1,1,4,5,5
817D-28CE,Female,22,Frequent Traveller,Technology,30,3,Computer Science,Data Scientist,40614,Yes,29-07-2020,Yes,0,0,0,0,09-10-2017,3,2,3,2,0,3,4,3
4565-62DE,Male,37,Some Travel,Technology,29,3,Computer Science,Machine Learning Engineer,155506,No,18-03-2014,No,8,8,8,8,15-11-2017,5,5,5,2,1,5,5,4
EC6A-DD76,Female,20,Frequent Traveller,Technology,31,3,Information Systems,Data Scientist,37361,No,13-09-2021,Yes,0,0,0,0,09-10-2016,5,4,3,3,1,4,3,3
EC6A-DD76,Female,20,Frequent Traveller,Technology,31,3,Information Systems,Data Scientist,37361,No,13-09-2021,Yes,0,0,0,0,09-10-2017,4,5,2,3,2,5,5,5
CCAB-4B80,Male,44,Some Travel,Technology,29,3,Information Systems,Analytics Manager,304520,Yes,20-03-2014,No,8,2,2,4,17-07-2017,4,4,2,3,1,4,5,4
58FA-C451,Non-Binary,48,Some Travel,Technology,26,1,Information Systems,Software Engineer,42008,No,24-03-2014,No,8,7,7,0,09-07-2017,5,3,4,1,2,5,3,2
FAC0-942B,Male,32,Some Travel,Technology,30,4,Computer Science,Software Engineer,48377,Yes,21-12-2014,No,8,5,5,6,14-10-2016,5,2,5,2,2,3,5,4
FAC0-942B,Male,32,Some Travel,Technology,30,4,Computer Science,Software Engineer,48377,Yes,21-12-2014,No,8,5,5,6,14-10-2017,4,2,5,1,0,2,3,2
D921-AC35,Female,45,Some Travel,Technology,7,4,Business Studies,Senior Software Engineer,104720,No,29-03-2014,No,8,7,7,0,18-01-2017,4,5,2,3,0,5,5,5
D921-AC35,Female,45,Some Travel,Technology,7,4,Business Studies,Senior Software Engineer,104720,No,29-03-2014,No,8,7,7,0,18-01-2018,3,4,4,1,0,4,5,4
B4E1-4A3E,Female,28,Some Travel,Technology,12,2,Computer Science,Data Scientist,115895,No,31-03-2014,Yes,4,1,3,2,25-01-2017,3,3,5,3,0,2,5,4
B4E1-4A3E,Female,28,Some Travel,Technology,12,2,Computer Science,Data Scientist,115895,No,31-03-2014,Yes,4,1,3,2,26-01-2014,4,3,2,1,0,2,5,4
B4E1-4A3E,Female,28,Some Travel,Technology,12,2,Computer Science,Data Scientist,115895,No,31-03-2014,Yes,4,1,3,2,25-01-2018,5,4,2,3,0,4,4,4
45FF-ACE6,Female,28,Some Travel,Sales,13,3,Marketing ,Sales Executive,207479,No,19-07-2020,Yes,1,0,0,0,17-10-2016,4,4,5,2,1,2,5,4
45FF-ACE6,Female,28,Some Travel,Sales,13,3,Marketing ,Sales Executive,207479,No,19-07-2020,Yes,1,0,0,0,17-10-2017,3,4,3,2,1,3,5,5
AA19-95BD,Male,33,Some Travel,Sales,43,4,Marketing,Sales Executive,165988,Yes,08-05-2021,Yes,1,0,0,0,17-10-2016,3,3,2,1,1,3,3,2
AA19-95BD,Male,33,Some Travel,Sales,43,4,Marketing,Sales Executive,165988,Yes,08-05-2021,Yes,1,0,0,0,17-10-2017,5,3,5,1,2,2,3,2
6FE3-2270,Non-Binary,31,Frequent Traveller,Sales,35,3,Marketing,Sales Executive,115982,No,03-04-2014,No,8,7,7,4,17-06-2017,5,2,4,3,0,3,5,4
7269-88EC,Female,28,Frequent Traveller,Technology,31,1,Other,Senior Software Engineer,176282,Yes,23-04-2019,Yes,2,0,1,0,18-10-2016,5,3,4,1,0,2,4,3
7269-88EC,Female,28,Frequent Traveller,Technology,31,1,Other,Senior Software Engineer,176282,Yes,23-04-2019,Yes,2,0,1,0,18-10-2017,3,5,3,3,1,4,5,4
29F6-C6CA,Female,35,Frequent Traveller,Sales,43,2,Economics,Sales Representative,46112,No,11-04-2014,No,8,6,7,2,13-07-2017,3,2,4,1,1,5,3,2
9900-1159,Female,28,Frequent Traveller,Sales,40,5,Marketing ,Sales Executive,215327,No,13-04-2014,No,8,1,6,8,11-07-2017,5,4,4,1,2,3,4,4
D926-DED9,Male,40,Some Travel,Technology,39,2,Computer Science,Analytics Manager,409998,No,14-04-2014,No,8,3,6,3,18-07-2017,4,4,4,1,3,2,3,2
4A39-E8E6,Male,35,Some Travel,Technology,26,3,Information Systems,Engineering Manager,311475,No,15-04-2014,No,8,0,0,2,05-12-2017,3,5,5,1,1,4,4,4
B0C3-E578,Female,32,Frequent Traveller,Technology,14,1,Computer Science,Machine Learning Engineer,97595,No,20-04-2014,No,8,0,0,1,02-02-2017,3,5,5,1,0,2,3,2
B0C3-E578,Female,32,Frequent Traveller,Technology,14,1,Computer Science,Machine Learning Engineer,97595,No,20-04-2014,No,8,0,0,1,02-02-2018,3,4,2,2,1,4,3,2
F9E1-87E9,Female,33,No Travel ,Sales,41,2,Economics,Sales Executive,193190,Yes,22-04-2014,No,8,0,3,4,12-11-2017,3,5,4,1,1,2,5,5
AF77-0F6B,Female,36,Some Travel,Technology,21,4,Computer Science,Software Engineer,57327,No,24-04-2014,No,8,5,8,4,04-08-2017,5,5,3,2,0,4,5,5
C6A8-4E8A,Male,29,Some Travel,Technology,8,2,Computer Science,Machine Learning Engineer,119083,No,25-04-2014,No,8,3,6,4,22-02-2017,4,4,3,3,1,2,5,5
C6A8-4E8A,Male,29,Some Travel,Technology,8,2,Computer Science,Machine Learning Engineer,119083,No,25-04-2014,No,8,3,6,4,22-02-2018,3,2,4,2,0,3,3,2
2250-86C5,Prefer Not To Say,41,Some Travel,Sales,33,1,Marketing ,Sales Executive,119592,Yes,06-05-2014,No,8,7,8,2,15-10-2017,4,2,3,2,1,3,3,2
9C7D-E1B1,Male,22,Some Travel,Technology,26,3,Information Systems,Machine Learning Engineer,62509,No,23-10-2019,Yes,1,0,0,0,26-10-2016,4,4,2,3,0,3,5,4
9C7D-E1B1,Male,22,Some Travel,Technology,26,3,Information Systems,Machine Learning Engineer,62509,No,23-10-2019,Yes,1,0,0,0,26-10-2017,4,3,2,3,1,2,5,4
9DB1-8C59,Male,44,Some Travel,Technology,5,3,Business Studies,Software Engineer,48994,No,09-05-2014,No,8,7,7,3,30-07-2017,3,3,3,3,1,2,5,5
45D7-5C8A,Male,26,Some Travel,Sales,45,3,Technical Degree,Sales Representative,20650,No,10-05-2014,Yes,2,0,0,1,24-01-2017,5,3,3,2,1,2,5,5
45D7-5C8A,Male,26,Some Travel,Sales,45,3,Technical Degree,Sales Representative,20650,No,10-05-2014,Yes,2,0,0,1,25-01-2014,4,3,4,1,0,2,3,2
45D7-5C8A,Male,26,Some Travel,Sales,45,3,Technical Degree,Sales Representative,20650,No,10-05-2014,Yes,2,0,0,1,24-01-2018,5,5,2,2,1,3,5,5
DF71-97FB,Male,29,No Travel ,Technology,12,4,Computer Science,Data Scientist,62756,No,14-05-2014,No,8,3,5,8,02-01-2017,4,3,4,2,0,4,3,2
DF71-97FB,Male,29,No Travel ,Technology,12,4,Computer Science,Data Scientist,62756,No,14-05-2014,No,8,3,5,8,02-01-2018,3,3,3,2,2,2,3,3
8C57-8F84,Male,20,Frequent Traveller,Technology,45,2,Information Systems,Software Engineer,22773,Yes,14-04-2021,Yes,1,0,0,0,28-10-2016,3,4,4,1,2,2,5,4
8C57-8F84,Male,20,Frequent Traveller,Technology,45,2,Information Systems,Software Engineer,22773,Yes,14-04-2021,Yes,1,0,0,0,28-10-2017,5,2,3,3,1,2,3,3
10E9-4C86,Non-Binary,34,Frequent Traveller,Technology,12,2,Computer Science,Data Scientist,44057,Yes,17-05-2014,No,8,7,7,1,17-04-2017,5,3,3,3,1,4,4,3
10E9-4C86,Non-Binary,34,Frequent Traveller,Technology,12,2,Computer Science,Data Scientist,44057,Yes,17-05-2014,No,8,7,7,1,17-04-2018,3,3,3,3,2,5,5,4
4F64-A0E2,Non-Binary,48,Frequent Traveller,Sales,9,3,Economics,Sales Executive,288450,Yes,24-05-2014,No,8,2,6,4,16-06-2017,4,5,3,1,0,2,4,4
6280-B47F,Male,25,Frequent Traveller,Technology,39,4,Computer Science,Software Engineer,26545,Yes,21-06-2022,Yes,0,0,0,0,31-10-2016,3,3,3,2,1,3,4,4
6280-B47F,Male,25,Frequent Traveller,Technology,39,4,Computer Science,Software Engineer,26545,Yes,21-06-2022,Yes,0,0,0,0,31-10-2017,4,5,5,1,0,3,5,4
5544-4583,Female,41,Some Travel,Sales,42,3,Technical Degree,Sales Executive,142853,No,27-05-2014,No,8,7,8,7,23-06-2017,5,2,4,3,1,3,3,2
D970-9F5E,Female,29,Some Travel,Technology,36,3,Computer Science,Data Scientist,46813,No,29-05-2014,Yes,6,1,1,1,06-03-2017,5,4,5,1,0,4,4,4
D970-9F5E,Female,29,Some Travel,Technology,36,3,Computer Science,Data Scientist,46813,No,29-05-2014,Yes,6,1,1,1,06-03-2018,4,2,5,2,1,4,3,2
DF5F-5ED9,Female,46,No Travel ,Technology,21,1,Computer Science,Analytics Manager,281175,Yes,02-06-2014,No,8,1,2,2,23-05-2017,4,2,2,1,1,2,3,3
2407-5A4E,Male,40,Some Travel,Technology,22,1,Business Studies,Data Scientist,38849,No,06-06-2014,No,8,6,6,3,05-11-2017,5,4,3,2,1,3,4,3
7839-CA12,Female,23,Some Travel,Sales,16,3,Marketing,Sales Representative,23794,No,25-03-2017,Yes,1,0,0,0,12-01-2013,5,3,5,3,2,4,4,3
7839-CA12,Female,23,Some Travel,Sales,16,3,Marketing,Sales Representative,23794,No,25-03-2017,Yes,1,0,0,0,11-01-2017,3,5,3,3,0,2,4,3
7839-CA12,Female,23,Some Travel,Sales,16,3,Marketing,Sales Representative,23794,No,25-03-2017,Yes,1,0,0,0,12-01-2014,4,2,4,2,1,2,3,2
7839-CA12,Female,23,Some Travel,Sales,16,3,Marketing,Sales Representative,23794,No,25-03-2017,Yes,1,0,0,0,11-01-2018,3,5,2,3,0,4,5,4
B340-5AD2,Non-Binary,37,Some Travel,Sales,30,3,Marketing,Sales Executive,61117,Yes,10-06-2014,No,8,2,5,0,13-01-2017,4,3,3,1,0,5,5,4
B340-5AD2,Non-Binary,37,Some Travel,Sales,30,3,Marketing,Sales Executive,61117,Yes,10-06-2014,No,8,2,5,0,13-01-2018,5,5,2,2,3,5,4,4
D106-E487,Female,40,Some Travel,Sales,2,4,Technical Degree,Sales Executive,204005,No,10-06-2014,No,8,7,7,3,09-01-2017,4,2,5,2,1,4,4,3
D106-E487,Female,40,Some Travel,Sales,2,4,Technical Degree,Sales Executive,204005,No,10-06-2014,No,8,7,7,3,09-01-2018,5,5,3,2,2,4,3,2
19C3-DAE4,Male,30,Some Travel,Technology,19,3,Information Systems,Data Scientist,53336,No,11-06-2014,No,8,3,3,7,10-06-2017,4,3,5,2,2,5,4,4
7FA1-BC64,Male,19,Some Travel,Technology,7,3,Information Systems,Software Engineer,30896,Yes,17-03-2021,Yes,1,0,0,0,03-11-2016,4,3,3,3,1,3,5,5
7FA1-BC64,Male,19,Some Travel,Technology,7,3,Information Systems,Software Engineer,30896,Yes,17-03-2021,Yes,1,0,0,0,03-11-2017,4,2,5,2,3,2,5,4
9CE9-B0D5,Male,33,Some Travel,Technology,31,1,Information Systems,Data Scientist,60754,No,15-06-2014,No,8,7,8,1,23-06-2017,5,2,5,2,1,3,3,2
CA75-94D1,Male,41,Some Travel,Technology,16,2,Computer Science,Data Scientist,45989,No,17-06-2014,No,8,4,8,4,16-08-2017,3,3,3,3,1,2,3,2
EC6E-7F42,Male,42,Frequent Traveller,Technology,28,3,Computer Science,Senior Software Engineer,264513,No,08-07-2020,Yes,1,0,0,1,05-11-2016,5,2,4,2,2,2,5,4
EC6E-7F42,Male,42,Frequent Traveller,Technology,28,3,Computer Science,Senior Software Engineer,264513,No,08-07-2020,Yes,1,0,0,1,05-11-2017,5,2,3,2,0,4,4,4
5416-F925,Male,43,No Travel ,Technology,14,1,Computer Science,Data Scientist,76331,No,18-06-2014,No,8,2,4,3,15-06-2017,5,5,5,2,2,3,3,3
2D85-ABDD,Female,33,No Travel ,Sales,29,3,Economics,Sales Executive,65094,No,20-06-2014,No,8,8,8,0,02-04-2017,5,4,4,3,1,5,3,2
2D85-ABDD,Female,33,No Travel ,Sales,29,3,Economics,Sales Executive,65094,No,20-06-2014,No,8,8,8,0,02-04-2018,5,4,5,1,0,5,5,5
D871-1F74,Female,32,Frequent Traveller,Technology,40,5,Computer Science,Data Scientist,60759,No,22-06-2014,No,8,0,6,3,09-11-2017,5,5,2,2,2,5,3,3
FD95-9EEB,Male,30,Some Travel,Technology,19,4,Business Studies,Data Scientist,96187,Yes,19-11-2020,Yes,0,0,0,0,07-11-2016,5,2,4,1,1,4,4,3
FD95-9EEB,Male,30,Some Travel,Technology,19,4,Business Studies,Data Scientist,96187,Yes,19-11-2020,Yes,0,0,0,0,07-11-2017,4,2,5,1,0,2,4,4
7816-BF57,Male,37,Some Travel,Sales,22,4,Marketing,Sales Executive,92483,Yes,23-06-2014,No,8,5,5,3,25-02-2017,3,4,4,2,0,5,5,5
7816-BF57,Male,37,Some Travel,Sales,22,4,Marketing,Sales Executive,92483,Yes,23-06-2014,No,8,5,5,3,25-02-2018,4,3,4,3,1,4,3,3
CED0-8D31,Female,36,Some Travel,Technology,43,3,Computer Science,Analytics Manager,454993,No,24-06-2014,No,8,3,4,0,21-02-2017,5,2,3,2,0,2,3,3
CED0-8D31,Female,36,Some Travel,Technology,43,3,Computer Science,Analytics Manager,454993,No,24-06-2014,No,8,3,4,0,21-02-2018,5,4,3,1,0,3,3,3
AFDF-3DA8,Male,41,Some Travel,Sales,35,1,Marketing,Manager,314961,No,23-05-2021,Yes,0,0,0,0,08-11-2016,4,3,2,2,0,3,3,3
AFDF-3DA8,Male,41,Some Travel,Sales,35,1,Marketing,Manager,314961,No,23-05-2021,Yes,0,0,0,0,08-11-2017,3,4,2,1,1,2,4,3
CC7A-EE97,Male,31,Some Travel,Technology,10,3,Computer Science,Senior Software Engineer,168087,No,24-06-2014,No,8,4,7,3,06-11-2017,3,3,3,2,2,4,4,3
C560-23D6,Non-Binary,23,Some Travel,Technology,20,1,Computer Science,Software Engineer,45995,No,27-09-2019,No,3,1,1,2,09-05-2013,5,3,2,2,2,2,3,3
B2D6-A355,Male,38,Some Travel,Technology,4,4,Other,Analytics Manager,361616,Yes,25-06-2014,No,8,1,6,5,12-02-2017,4,4,2,3,0,5,3,2
B2D6-A355,Male,38,Some Travel,Technology,4,4,Other,Analytics Manager,361616,Yes,25-06-2014,No,8,1,6,5,12-02-2018,5,3,2,3,3,2,4,3
CC8A-0B1F,Female,28,Some Travel,Technology,23,2,Business Studies,Data Scientist,65328,No,27-06-2014,Yes,5,4,4,0,01-03-2017,5,5,3,2,0,5,5,5
CC8A-0B1F,Female,28,Some Travel,Technology,23,2,Business Studies,Data Scientist,65328,No,27-06-2014,Yes,5,4,4,0,01-03-2018,3,4,2,3,0,2,5,5
CC8A-0B1F,Female,28,Some Travel,Technology,23,2,Business Studies,Data Scientist,65328,No,27-06-2014,Yes,5,4,4,0,02-03-2014,5,3,2,1,1,2,4,4
30CB-BCD0,Female,38,Frequent Traveller,Technology,31,3,Computer Science,Data Scientist,90187,Yes,27-06-2014,No,8,4,5,2,16-10-2017,4,4,4,3,3,3,4,4
3642-EEAE,Female,48,Some Travel,Technology,43,3,Information Systems,Data Scientist,56053,No,27-06-2014,No,8,6,8,4,08-11-2017,5,2,5,2,0,5,5,5
7A2A-0600,Male,24,Frequent Traveller,Technology,36,3,Computer Science,Software Engineer,30233,No,20-11-2018,No,4,0,4,0,10-11-2016,4,3,2,2,1,4,3,3
7A2A-0600,Male,24,Frequent Traveller,Technology,36,3,Computer Science,Software Engineer,30233,No,20-11-2018,No,4,0,4,0,10-11-2017,4,2,3,2,0,3,4,3
205B-4D34,Male,41,Frequent Traveller,Human Resources,39,1,Human Resources,HR Executive,79990,No,29-06-2014,No,8,5,5,8,25-07-2017,3,5,3,2,1,5,3,2
3E4A-F28F,Female,20,Some Travel,Technology,45,2,Information Systems,Senior Software Engineer,41877,No,02-11-2022,Yes,0,0,0,0,11-11-2016,4,5,3,3,2,2,4,4
3E4A-F28F,Female,20,Some Travel,Technology,45,2,Information Systems,Senior Software Engineer,41877,No,02-11-2022,Yes,0,0,0,0,11-11-2017,5,2,4,3,1,2,4,3
8BCA-723F,Male,46,Some Travel,Technology,24,4,Computer Science,Data Scientist,43487,No,29-06-2014,No,8,8,8,8,30-03-2017,5,4,3,2,2,2,4,3
8BCA-723F,Male,46,Some Travel,Technology,24,4,Computer Science,Data Scientist,43487,No,29-06-2014,No,8,8,8,8,30-03-2018,3,4,2,1,0,2,4,3
F578-F0C8,Female,21,Some Travel,Technology,6,5,Business Studies,Software Engineer,25149,No,03-11-2020,Yes,1,1,1,1,11-11-2016,4,4,5,3,2,3,4,3
F578-F0C8,Female,21,Some Travel,Technology,6,5,Business Studies,Software Engineer,25149,No,03-11-2020,Yes,1,1,1,1,11-11-2017,4,2,3,2,0,5,5,5
ED5D-E9D8,Female,28,Some Travel,Sales,32,1,Economics,Sales Representative,52528,No,02-07-2014,No,8,2,4,6,04-05-2017,3,4,4,2,0,4,3,2
ED5D-E9D8,Female,28,Some Travel,Sales,32,1,Economics,Sales Representative,52528,No,02-07-2014,No,8,2,4,6,04-05-2018,3,3,5,1,0,2,5,4
5988-3855,Female,43,Some Travel,Technology,31,1,Information Systems,Software Engineer,98693,No,04-07-2014,No,8,5,8,6,21-05-2017,4,2,3,2,1,3,4,3
5A65-768A,Female,43,Frequent Traveller,Sales,40,4,Economics,Sales Executive,86038,No,06-07-2014,No,8,1,3,3,08-05-2017,5,4,3,1,3,5,4,4
5A65-768A,Female,43,Frequent Traveller,Sales,40,4,Economics,Sales Executive,86038,No,06-07-2014,No,8,1,3,3,08-05-2018,3,2,5,1,0,5,5,5
95D8-5DC7,Male,48,Some Travel,Technology,19,5,Computer Science,Engineering Manager,241907,No,07-07-2014,No,8,3,3,0,21-07-2017,3,4,1,3,0,3,3,3
FB5B-C127,Female,25,Some Travel,Technology,42,3,Computer Science,Software Engineer,70068,No,29-12-2015,No,7,4,6,7,17-11-2016,5,4,3,3,1,4,5,4
FB5B-C127,Female,25,Some Travel,Technology,42,3,Computer Science,Software Engineer,70068,No,29-12-2015,No,7,4,6,7,17-11-2017,4,2,2,3,1,3,5,5
B97B-73D7,Female,29,Frequent Traveller,Sales,18,3,Marketing,Sales Executive,177402,No,10-07-2014,Yes,6,3,5,3,17-02-2017,4,2,5,1,2,5,3,2
B97B-73D7,Female,29,Frequent Traveller,Sales,18,3,Marketing,Sales Executive,177402,No,10-07-2014,Yes,6,3,5,3,17-02-2018,5,3,2,2,0,2,4,3
B97B-73D7,Female,29,Frequent Traveller,Sales,18,3,Marketing,Sales Executive,177402,No,10-07-2014,Yes,6,3,5,3,18-02-2014,5,2,2,3,2,3,4,3
AB61-2A7E,Female,22,Some Travel,Sales,29,1,Economics,Sales Representative,20802,No,01-01-2020,No,2,2,2,1,09-05-2013,4,2,3,3,1,5,4,3
C22D-CE5F,Female,42,Frequent Traveller,Sales,37,3,Marketing ,Sales Executive,189256,No,10-07-2014,No,8,1,2,2,24-11-2017,3,2,3,1,3,5,4,3
9C24-CD7A,Female,45,Some Travel,Technology,13,2,Other,Analytics Manager,349793,No,10-07-2014,No,8,0,8,6,25-05-2017,5,4,3,3,0,2,5,5
9658-7750,Female,37,Some Travel,Technology,40,4,Information Systems,Data Scientist,49550,No,11-07-2014,No,8,2,8,6,02-02-2017,5,3,2,2,3,3,4,3
9658-7750,Female,37,Some Travel,Technology,40,4,Information Systems,Data Scientist,49550,No,11-07-2014,No,8,2,8,6,02-02-2018,3,2,3,1,1,2,4,3
D7F8-1775,Male,36,Some Travel,Sales,13,3,Marketing ,Sales Executive,121303,No,12-07-2014,No,8,2,3,0,11-04-2017,5,3,5,1,0,4,5,5
D7F8-1775,Male,36,Some Travel,Sales,13,3,Marketing ,Sales Executive,121303,No,12-07-2014,No,8,2,3,0,11-04-2018,5,3,4,2,3,3,4,4
A696-1216,Female,36,Some Travel,Sales,37,3,Marketing ,Sales Executive,192475,No,20-07-2014,No,8,2,2,0,13-11-2017,3,2,5,3,3,2,4,3
5C7B-86C0,Female,32,Some Travel,Technology,31,4,Business Studies,Senior Software Engineer,186169,No,26-07-2014,No,8,2,6,0,30-09-2017,5,5,3,1,0,2,5,5
7DD6-128C,Female,32,No Travel ,Sales,2,4,Marketing,Sales Executive,114246,No,26-07-2014,No,8,3,6,5,18-11-2017,5,2,4,3,2,3,4,4
8D34-EBDF,Male,29,Some Travel,Human Resources,14,4,Technical Degree,Recruiter,46703,No,31-07-2014,Yes,0,0,0,0,17-01-2017,5,2,5,2,3,5,3,2
8D34-EBDF,Male,29,Some Travel,Human Resources,14,4,Technical Degree,Recruiter,46703,No,31-07-2014,Yes,0,0,0,0,18-01-2014,5,3,5,2,1,5,3,2
8D34-EBDF,Male,29,Some Travel,Human Resources,14,4,Technical Degree,Recruiter,46703,No,31-07-2014,Yes,0,0,0,0,17-01-2018,5,3,2,3,0,4,3,2
8D34-EBDF,Male,29,Some Travel,Human Resources,14,4,Technical Degree,Recruiter,46703,No,31-07-2014,Yes,0,0,0,0,18-01-2013,5,2,2,3,1,2,4,4
5B11-3DB3,Female,24,Some Travel,Sales,43,4,Economics,Sales Executive,144335,No,11-10-2018,Yes,0,0,0,0,25-11-2016,4,4,3,2,1,2,5,4
5B11-3DB3,Female,24,Some Travel,Sales,43,4,Economics,Sales Executive,144335,No,11-10-2018,Yes,0,0,0,0,25-11-2017,3,3,2,2,3,2,3,2
17AD-99F5,Female,26,Some Travel,Technology,37,3,Computer Science,Software Engineer,26296,Yes,01-08-2014,Yes,5,2,2,2,01-03-2017,4,4,3,1,2,4,4,3
17AD-99F5,Female,26,Some Travel,Technology,37,3,Computer Science,Software Engineer,26296,Yes,01-08-2014,Yes,5,2,2,2,01-03-2018,5,5,2,3,2,3,3,3
17AD-99F5,Female,26,Some Travel,Technology,37,3,Computer Science,Software Engineer,26296,Yes,01-08-2014,Yes,5,2,2,2,02-03-2014,5,5,5,3,2,2,3,2
6A2B-42DB,Female,21,Frequent Traveller,Technology,41,2,Information Systems,Software Engineer,23612,Yes,28-09-2022,Yes,0,0,0,0,25-11-2016,4,5,5,3,0,3,4,4
6A2B-42DB,Female,21,Frequent Traveller,Technology,41,2,Information Systems,Software Engineer,23612,Yes,28-09-2022,Yes,0,0,0,0,25-11-2017,3,3,2,1,1,5,5,4
F60C-4888,Female,36,Frequent Traveller,Technology,6,4,Information Systems,Data Scientist,51050,Yes,05-08-2014,No,8,6,7,2,08-06-2017,4,5,2,2,2,2,4,3
B5C6-F8D5,Prefer Not To Say,40,Some Travel,Technology,29,2,Business Studies,Analytics Manager,295688,No,05-08-2014,No,8,1,5,8,21-07-2017,3,4,4,1,0,3,3,3
2A20-28CD,Female,38,Frequent Traveller,Technology,2,4,Computer Science,Data Scientist,58828,No,11-08-2014,No,8,7,8,0,15-07-2017,3,2,5,1,0,2,3,3
5A04-0EB4,Female,27,Frequent Traveller,Sales,43,3,Marketing,Sales Representative,24583,Yes,16-08-2014,Yes,7,0,1,6,15-02-2017,3,2,2,3,1,3,4,3
5A04-0EB4,Female,27,Frequent Traveller,Sales,43,3,Marketing,Sales Representative,24583,Yes,16-08-2014,Yes,7,0,1,6,16-02-2014,4,2,5,3,0,2,3,2
5A04-0EB4,Female,27,Frequent Traveller,Sales,43,3,Marketing,Sales Representative,24583,Yes,16-08-2014,Yes,7,0,1,6,15-02-2018,5,4,5,2,2,4,3,3
EEFC-DEC7,Male,44,Some Travel,Technology,4,4,Other,Data Scientist,85523,Yes,18-08-2014,Yes,8,0,4,1,30-01-2017,3,5,4,3,1,3,5,4
EEFC-DEC7,Male,44,Some Travel,Technology,4,4,Other,Data Scientist,85523,Yes,18-08-2014,Yes,8,0,4,1,31-01-2014,5,2,2,3,0,2,4,3
EEFC-DEC7,Male,44,Some Travel,Technology,4,4,Other,Data Scientist,85523,Yes,18-08-2014,Yes,8,0,4,1,30-01-2018,3,3,5,2,0,2,3,3
6C86-3DC0,Male,31,Some Travel,Technology,20,2,Computer Science,Senior Software Engineer,149482,Yes,22-08-2014,No,8,3,7,2,04-10-2017,4,5,3,3,2,5,5,4
0240-4D29,Non-Binary,35,Some Travel,Technology,31,4,Computer Science,Software Engineer,77269,No,13-09-2014,No,8,8,8,6,02-11-2017,5,5,3,2,1,3,3,3
15D4-53C2,Prefer Not To Say,33,Some Travel,Sales,30,3,Economics,Sales Executive,90726,No,17-09-2014,No,8,0,5,1,15-10-2017,3,5,5,2,1,4,5,4
17AE-E715,Male,31,Frequent Traveller,Technology,38,1,Computer Science,Analytics Manager,547204,Yes,28-09-2014,No,8,7,8,5,24-08-2017,4,5,2,3,3,3,4,4
BD70-7DAE,Male,22,Frequent Traveller,Technology,2,3,Business Studies,Software Engineer,37014,Yes,23-10-2020,Yes,1,0,1,0,03-12-2016,4,4,2,1,0,5,5,5
BD70-7DAE,Male,22,Frequent Traveller,Technology,2,3,Business Studies,Software Engineer,37014,Yes,23-10-2020,Yes,1,0,1,0,03-12-2017,5,3,4,1,1,2,4,3
3B90-B998,Male,33,No Travel ,Technology,26,3,Computer Science,Data Scientist,43998,No,29-09-2014,No,8,6,7,2,23-05-2017,4,3,3,3,2,3,3,2
DDAC-D5FD,Male,22,Frequent Traveller,Technology,4,3,Information Systems,Data Scientist,21854,No,18-06-2021,Yes,0,0,0,0,03-12-2016,3,3,4,1,0,2,5,5
DDAC-D5FD,Male,22,Frequent Traveller,Technology,4,3,Information Systems,Data Scientist,21854,No,18-06-2021,Yes,0,0,0,0,03-12-2017,4,5,4,1,1,3,3,2
DCD4-C785,Female,30,Some Travel,Sales,24,4,Marketing ,Sales Representative,38382,Yes,02-10-2014,No,8,7,8,0,12-07-2017,5,5,4,1,2,5,4,4
6661-FA04,Male,44,Some Travel,Technology,28,3,Computer Science,Software Engineer,49447,No,09-10-2014,No,8,7,7,8,17-04-2017,5,4,5,1,0,4,5,4
6661-FA04,Male,44,Some Travel,Technology,28,3,Computer Science,Software Engineer,49447,No,09-10-2014,No,8,7,7,8,17-04-2018,3,5,2,2,2,4,5,4
B975-943A,Male,40,No Travel ,Technology,28,3,Information Systems,Software Engineer,46285,No,23-10-2014,No,8,8,8,3,04-02-2017,3,4,5,2,0,3,4,3
B975-943A,Male,40,No Travel ,Technology,28,3,Information Systems,Software Engineer,46285,No,23-10-2014,No,8,8,8,3,04-02-2018,5,4,2,1,1,2,5,4
C95C-CE06,Male,44,Some Travel,Sales,35,3,Marketing,Sales Representative,75667,No,27-10-2014,No,8,6,6,3,05-04-2017,3,4,2,2,1,5,3,3
C95C-CE06,Male,44,Some Travel,Sales,35,3,Marketing,Sales Representative,75667,No,27-10-2014,No,8,6,6,3,05-04-2018,4,2,4,1,0,2,5,4
7589-66E3,Male,47,Frequent Traveller,Sales,42,3,Marketing,Sales Executive,232155,No,30-10-2014,No,8,7,7,3,10-10-2017,5,5,3,3,2,5,3,3
2ED2-2CEC,Male,44,Frequent Traveller,Technology,18,3,Computer Science,Senior Software Engineer,102708,Yes,03-11-2014,No,8,3,4,7,03-09-2017,3,2,4,2,0,2,5,5
598D-E3B4,Male,19,No Travel ,Technology,9,3,Information Systems,Software Engineer,29798,Yes,19-03-2022,Yes,0,0,0,0,08-12-2016,5,3,5,3,1,4,5,4
598D-E3B4,Male,19,No Travel ,Technology,9,3,Information Systems,Software Engineer,29798,Yes,19-03-2022,Yes,0,0,0,0,08-12-2017,5,4,4,3,1,5,3,2
DEB9-1BBF,Female,30,Some Travel,Technology,32,4,Computer Science,Software Engineer,155259,No,10-11-2014,No,8,3,5,6,24-07-2017,3,4,4,2,2,2,5,5
B98B-4689,Non-Binary,22,Frequent Traveller,Sales,28,4,Marketing ,Sales Executive,39845,No,13-01-2019,Yes,1,0,0,0,08-12-2016,4,2,5,3,3,4,4,3
B98B-4689,Non-Binary,22,Frequent Traveller,Sales,28,4,Marketing ,Sales Executive,39845,No,13-01-2019,Yes,1,0,0,0,08-12-2017,4,3,5,2,1,4,3,2
B312-7192,Female,39,No Travel ,Sales,12,2,Marketing ,Sales Executive,89351,No,11-11-2014,No,8,2,2,0,29-11-2017,4,4,2,1,0,2,3,2
63BF-A86A,Female,39,Frequent Traveller,Human Resources,16,3,Human Resources,HR Executive,201564,Yes,12-10-2022,Yes,0,0,0,0,09-12-2016,3,2,5,1,1,5,5,4
63BF-A86A,Female,39,Frequent Traveller,Human Resources,16,3,Human Resources,HR Executive,201564,Yes,12-10-2022,Yes,0,0,0,0,09-12-2017,3,3,2,3,2,5,5,5
5C48-9106,Male,37,Frequent Traveller,Technology,15,4,Computer Science,Data Scientist,53929,No,15-11-2014,No,8,7,7,5,15-10-2017,5,3,3,2,2,3,4,4
DF63-0D3C,Female,28,Frequent Traveller,Technology,27,2,Information Systems,Analytics Manager,546549,No,18-11-2014,No,8,8,8,2,08-02-2017,5,3,5,1,0,5,4,3
DF63-0D3C,Female,28,Frequent Traveller,Technology,27,2,Information Systems,Analytics Manager,546549,No,18-11-2014,No,8,8,8,2,08-02-2018,5,3,2,3,1,5,3,3
F9C6-39E2,Female,48,Some Travel,Sales,4,3,Marketing,Sales Representative,55880,No,19-11-2014,No,8,1,6,5,21-04-2017,4,5,2,1,3,5,5,5
F9C6-39E2,Female,48,Some Travel,Sales,4,3,Marketing,Sales Representative,55880,No,19-11-2014,No,8,1,6,5,21-04-2018,5,4,5,3,3,2,3,3
D4D5-27FB,Male,29,Some Travel,Technology,36,1,Information Systems,Data Scientist,86428,No,20-11-2014,Yes,6,5,5,5,22-01-2017,4,4,3,2,1,4,4,4
D4D5-27FB,Male,29,Some Travel,Technology,36,1,Information Systems,Data Scientist,86428,No,20-11-2014,Yes,6,5,5,5,23-01-2014,4,2,5,1,2,2,5,4
D4D5-27FB,Male,29,Some Travel,Technology,36,1,Information Systems,Data Scientist,86428,No,20-11-2014,Yes,6,5,5,5,22-01-2018,3,4,2,2,1,5,3,2
E6D9-ADEE,Female,20,No Travel ,Technology,45,2,Computer Science,Software Engineer,28262,No,29-08-2020,Yes,1,0,0,0,13-12-2016,4,5,4,2,1,2,3,2
E6D9-ADEE,Female,20,No Travel ,Technology,45,2,Computer Science,Software Engineer,28262,No,29-08-2020,Yes,1,0,0,0,13-12-2017,5,2,4,2,3,4,5,4
76ED-1CF5,Male,47,Some Travel,Technology,12,4,Information Systems,Software Engineer,105126,No,21-11-2014,No,8,0,7,1,31-05-2017,5,4,2,3,0,4,3,3
380F-A08A,Female,32,Frequent Traveller,Sales,22,3,Marketing,Sales Executive,142488,No,22-11-2014,No,8,0,6,7,09-07-2017,3,3,5,2,1,2,4,3
39FC-7149,Female,27,Some Travel,Technology,1,3,Computer Science,Software Engineer,31450,No,10-01-2015,No,7,3,5,7,13-12-2016,4,3,4,2,2,3,3,3
39FC-7149,Female,27,Some Travel,Technology,1,3,Computer Science,Software Engineer,31450,No,10-01-2015,No,7,3,5,7,13-12-2017,4,5,5,3,0,4,5,4
5E9A-FE30,Female,30,Some Travel,Technology,38,4,Computer Science,Data Scientist,88609,Yes,24-11-2014,No,8,4,4,1,01-07-2017,5,2,4,2,0,4,4,3
E55E-9436,Male,41,No Travel ,Sales,34,3,Marketing ,Sales Executive,326896,Yes,03-02-2020,Yes,2,1,1,1,16-12-2016,5,3,3,2,0,4,4,3
E55E-9436,Male,41,No Travel ,Sales,34,3,Marketing ,Sales Executive,326896,Yes,03-02-2020,Yes,2,1,1,1,16-12-2017,3,2,5,2,0,3,4,4
FBED-F86B,Female,29,Frequent Traveller,Technology,12,3,Information Systems,Software Engineer,72057,No,27-11-2014,No,8,8,8,3,26-01-2017,5,5,5,2,0,5,3,2
FBED-F86B,Female,29,Frequent Traveller,Technology,12,3,Information Systems,Software Engineer,72057,No,27-11-2014,No,8,8,8,3,26-01-2018,3,5,4,3,1,5,3,2
DF94-FD29,Male,22,Frequent Traveller,Sales,4,4,Marketing,Sales Executive,75816,No,24-12-2020,Yes,1,0,0,0,17-12-2016,5,3,4,3,2,2,5,4
DF94-FD29,Male,22,Frequent Traveller,Sales,4,4,Marketing,Sales Executive,75816,No,24-12-2020,Yes,1,0,0,0,17-12-2017,4,5,2,3,0,2,5,4
B063-A2B5,Male,41,Some Travel,Sales,11,1,Marketing,Sales Executive,81654,No,28-11-2014,No,8,3,4,7,17-11-2017,3,4,2,3,1,2,3,3
D676-4ECC,Female,44,Some Travel,Technology,13,3,Information Systems,Software Engineer,57296,No,29-11-2014,No,8,5,7,3,30-06-2017,4,5,2,3,0,4,5,4
AF5D-A8C8,Male,24,Some Travel,Sales,27,4,Marketing ,Sales Executive,86102,Yes,04-05-2021,Yes,0,0,0,0,19-12-2016,5,4,5,1,0,3,4,3
AF5D-A8C8,Male,24,Some Travel,Sales,27,4,Marketing ,Sales Executive,86102,Yes,04-05-2021,Yes,0,0,0,0,19-12-2017,5,3,4,2,1,5,5,5
D4D7-3C3F,Female,28,Some Travel,Technology,27,2,Information Systems,Machine Learning Engineer,117918,No,02-12-2014,No,8,3,8,7,04-10-2017,4,5,4,3,0,2,4,3
DF7E-3233,Male,47,Some Travel,Sales,23,3,Marketing,Sales Representative,44646,No,02-12-2014,No,8,5,5,4,25-09-2017,3,2,3,1,0,5,3,3
13E5-8466,Female,47,Some Travel,Sales,14,4,Marketing ,Manager,410970,No,06-12-2014,No,8,2,5,8,20-12-2017,5,2,5,1,0,3,3,3
41DC-E8B5,Male,47,Some Travel,Sales,17,3,Other,Sales Executive,106840,No,06-12-2014,No,8,3,4,8,16-08-2017,3,4,5,3,2,3,4,3
A7BB-F5A7,Female,37,Some Travel,Sales,17,4,Economics,Manager,476151,No,08-12-2014,No,8,3,4,8,15-03-2017,4,3,2,2,2,4,3,2
A7BB-F5A7,Female,37,Some Travel,Sales,17,4,Economics,Manager,476151,No,08-12-2014,No,8,3,4,8,15-03-2018,4,4,4,3,2,5,5,5
1B7F-73A9,Male,34,Some Travel,Technology,24,3,Computer Science,Software Engineer,42721,No,10-12-2014,No,8,3,3,7,23-05-2017,4,2,5,3,1,2,3,3
13FA-3559,Female,38,Some Travel,Sales,13,3,Marketing,Sales Executive,240248,Yes,14-12-2014,No,8,4,8,0,18-07-2017,5,4,4,2,2,4,5,4
E681-7B57,Male,18,Frequent Traveller,Technology,26,2,Information Systems,Data Scientist,31532,No,22-05-2022,Yes,0,0,0,0,24-12-2016,5,2,4,1,0,2,4,3
E681-7B57,Male,18,Frequent Traveller,Technology,26,2,Information Systems,Data Scientist,31532,No,22-05-2022,Yes,0,0,0,0,24-12-2017,3,4,5,2,3,5,5,5
58F5-C8FC,Female,37,Some Travel,Sales,19,3,Marketing ,Sales Executive,230381,No,19-12-2014,No,8,3,3,7,07-01-2017,3,5,5,1,2,5,3,2
58F5-C8FC,Female,37,Some Travel,Sales,19,3,Marketing ,Sales Executive,230381,No,19-12-2014,No,8,3,3,7,07-01-2018,5,4,2,3,0,4,5,5
6C42-A719,Female,22,Some Travel,Technology,37,3,Computer Science,Data Scientist,30442,Yes,11-03-2020,Yes,0,0,0,0,25-12-2016,4,2,5,2,1,2,3,3
6C42-A719,Female,22,Some Travel,Technology,37,3,Computer Science,Data Scientist,30442,Yes,11-03-2020,Yes,0,0,0,0,25-12-2017,3,2,2,3,1,4,4,4
4CA1-F139,Male,24,Frequent Traveller,Technology,34,2,Computer Science,Software Engineer,28484,Yes,01-05-2019,Yes,1,1,1,1,26-12-2016,4,3,2,2,1,4,3,3
4CA1-F139,Male,24,Frequent Traveller,Technology,34,2,Computer Science,Software Engineer,28484,Yes,01-05-2019,Yes,1,1,1,1,26-12-2017,4,4,3,3,2,5,4,4
C900-9EF9,Non-Binary,30,Some Travel,Sales,11,1,Marketing,Sales Executive,127014,No,26-12-2014,No,8,4,8,0,22-02-2017,3,2,3,1,0,5,3,2
C900-9EF9,Non-Binary,30,Some Travel,Sales,11,1,Marketing,Sales Executive,127014,No,26-12-2014,No,8,4,8,0,22-02-2018,5,3,2,2,2,3,3,3
C900-9EF9,Non-Binary,30,Some Travel,Sales,11,1,Marketing,Sales Executive,127014,No,26-12-2014,No,8,4,8,0,23-02-2014,4,5,4,2,1,2,4,4
63B0-1036,Female,25,Some Travel,Technology,12,3,Business Studies,Software Engineer,52957,No,10-07-2017,No,5,3,5,4,27-12-2016,4,2,4,1,3,5,3,2
63B0-1036,Female,25,Some Travel,Technology,12,3,Business Studies,Software Engineer,52957,No,10-07-2017,No,5,3,5,4,27-12-2017,5,2,5,1,0,4,3,2
1C6C-3B67,Non-Binary,41,Frequent Traveller,Technology,7,3,Computer Science,Software Engineer,96632,No,31-12-2014,No,8,2,8,0,19-06-2017,4,4,4,2,0,5,4,4
2698-A448,Male,43,Some Travel,Technology,40,3,Information Systems,Software Engineer,63511,No,31-12-2014,No,8,5,7,4,27-10-2017,3,5,5,3,1,4,5,4
40BE-EEAF,Male,24,Frequent Traveller,Technology,45,3,Computer Science,Data Scientist,85422,Yes,28-03-2021,Yes,1,0,0,0,31-12-2016,4,4,3,2,3,4,5,5
40BE-EEAF,Male,24,Frequent Traveller,Technology,45,3,Computer Science,Data Scientist,85422,Yes,28-03-2021,Yes,1,0,0,0,01-01-2014,5,5,2,1,2,3,3,3
40BE-EEAF,Male,24,Frequent Traveller,Technology,45,3,Computer Science,Data Scientist,85422,Yes,28-03-2021,Yes,1,0,0,0,31-12-2017,5,4,5,2,1,3,3,3
3120-B11F,Male,28,Frequent Traveller,Technology,7,4,Business Studies,Senior Software Engineer,140538,No,21-01-2015,No,7,3,5,0,24-02-2017,5,2,2,1,0,5,4,3
3120-B11F,Male,28,Frequent Traveller,Technology,7,4,Business Studies,Senior Software Engineer,140538,No,21-01-2015,No,7,3,5,0,24-02-2018,5,5,4,1,0,4,3,3
6227-9D9E,Female,26,Some Travel,Human Resources,5,4,Human Resources,HR Manager,315071,Yes,25-01-2015,No,7,7,7,1,26-01-2017,3,2,2,2,1,5,3,2
6227-9D9E,Female,26,Some Travel,Human Resources,5,4,Human Resources,HR Manager,315071,Yes,25-01-2015,No,7,7,7,1,26-01-2018,4,2,4,3,0,4,3,2
2E7B-43F0,Male,26,Some Travel,Technology,31,2,Computer Science,Engineering Manager,148211,Yes,11-02-2015,No,7,1,6,0,30-01-2018,5,5,3,3,3,5,3,2
E099-3FCC,Male,28,Some Travel,Technology,15,3,Computer Science,Data Scientist,83951,No,12-02-2015,No,7,3,6,5,01-02-2018,3,3,2,1,2,3,5,4
D86B-2E5E,Female,27,Some Travel,Sales,25,3,Technical Degree,Sales Executive,91202,Yes,15-02-2015,No,7,5,7,2,08-03-2018,3,2,3,2,2,5,3,3
155B-42BE,Female,25,Some Travel,Sales,38,2,Marketing ,Sales Executive,57018,No,21-02-2015,Yes,1,0,0,0,05-03-2017,5,5,4,3,0,4,3,2
155B-42BE,Female,25,Some Travel,Sales,38,2,Marketing ,Sales Executive,57018,No,21-02-2015,Yes,1,0,0,0,05-03-2018,4,2,5,2,0,4,3,3
93B1-6510,Male,28,No Travel ,Technology,30,3,Computer Science,Data Scientist,52930,No,23-02-2015,No,7,1,4,2,01-03-2018,4,5,3,3,0,3,4,4
5A0B-7F31,Male,26,Some Travel,Sales,24,3,Marketing,Sales Executive,85982,No,13-03-2015,Yes,5,1,1,0,28-01-2017,3,5,3,1,1,2,4,3
5A0B-7F31,Male,26,Some Travel,Sales,24,3,Marketing,Sales Executive,85982,No,13-03-2015,Yes,5,1,1,0,29-01-2014,3,2,4,3,0,5,5,4
5A0B-7F31,Male,26,Some Travel,Sales,24,3,Marketing,Sales Executive,85982,No,13-03-2015,Yes,5,1,1,0,28-01-2018,3,3,2,3,0,5,4,3
8EA4-9179,Male,25,Some Travel,Technology,23,3,Computer Science,Data Scientist,24626,No,14-03-2015,No,7,7,7,1,09-04-2018,5,5,2,2,1,5,3,2
4563-8637,Male,25,Some Travel,Sales,44,2,Marketing,Sales Executive,75635,No,07-06-2017,No,5,2,2,5,09-01-2017,3,3,5,2,3,5,4,3
4563-8637,Male,25,Some Travel,Sales,44,2,Marketing,Sales Executive,75635,No,07-06-2017,No,5,2,2,5,09-01-2018,4,5,3,3,2,3,5,4
0CF8-1EBD,Female,28,Frequent Traveller,Technology,38,4,Computer Science,Data Scientist,87704,No,28-03-2015,No,7,1,3,6,13-02-2018,5,4,5,2,1,4,4,3
6A8B-EC82,Male,26,Some Travel,Sales,24,1,Marketing ,Sales Executive,82312,Yes,11-04-2015,No,7,2,7,6,18-01-2018,5,3,2,3,1,2,5,4
EB66-D679,Male,20,Some Travel,Sales,8,3,Marketing ,Sales Representative,27060,Yes,04-01-2022,Yes,0,0,0,0,11-01-2017,5,2,4,2,2,3,3,2
EB66-D679,Male,20,Some Travel,Sales,8,3,Marketing ,Sales Representative,27060,Yes,04-01-2022,Yes,0,0,0,0,12-01-2014,3,2,5,3,0,2,5,4
EB66-D679,Male,20,Some Travel,Sales,8,3,Marketing ,Sales Representative,27060,Yes,04-01-2022,Yes,0,0,0,0,11-01-2018,4,4,3,1,1,5,3,2
F968-671C,Male,27,Frequent Traveller,Sales,16,3,Technical Degree,Sales Executive,50559,No,14-04-2015,Yes,6,0,5,5,21-02-2017,4,5,3,2,3,2,4,4
F968-671C,Male,27,Frequent Traveller,Sales,16,3,Technical Degree,Sales Executive,50559,No,14-04-2015,Yes,6,0,5,5,21-02-2018,5,2,5,2,1,2,5,4
F968-671C,Male,27,Frequent Traveller,Sales,16,3,Technical Degree,Sales Executive,50559,No,14-04-2015,Yes,6,0,5,5,22-02-2014,3,4,3,3,1,4,3,2
8941-0BAC,Female,30,Some Travel,Sales,12,3,Marketing,Sales Executive,145929,No,22-06-2021,No,1,0,1,1,11-01-2017,3,4,4,3,0,3,4,3
9412-7AA6,Non-Binary,27,Some Travel,Technology,10,3,Information Systems,Data Scientist,45438,No,19-04-2015,No,7,1,5,5,28-03-2018,4,5,2,1,0,4,5,5
763B-DE6E,Prefer Not To Say,23,Some Travel,Technology,32,4,Computer Science,Software Engineer,23041,Yes,30-06-2017,No,5,1,5,3,12-01-2017,4,4,5,2,0,2,4,3
763B-DE6E,Prefer Not To Say,23,Some Travel,Technology,32,4,Computer Science,Software Engineer,23041,Yes,30-06-2017,No,5,1,5,3,12-01-2018,3,4,2,1,0,2,3,3
920B-7B40,Male,26,Some Travel,Technology,22,3,Information Systems,Software Engineer,52390,Yes,21-04-2015,No,7,4,5,3,23-04-2018,4,3,5,2,0,4,5,5
9E87-533E,Female,27,Some Travel,Sales,16,3,Marketing,Manager,225831,No,25-04-2021,No,1,1,1,0,12-01-2017,5,2,5,2,0,3,3,2
2374-7581,Male,25,Some Travel,Technology,1,4,Information Systems,Senior Software Engineer,72840,No,23-04-2015,No,7,6,6,0,19-01-2018,3,3,3,3,0,2,4,3
D045-B6CA,Female,26,Some Travel,Technology,34,4,Information Systems,Software Engineer,71198,No,07-11-2017,Yes,5,0,0,1,13-01-2017,5,3,4,1,1,4,5,4
D045-B6CA,Female,26,Some Travel,Technology,34,4,Information Systems,Software Engineer,71198,No,07-11-2017,Yes,5,0,0,1,14-01-2013,5,3,3,3,0,5,3,3
D045-B6CA,Female,26,Some Travel,Technology,34,4,Information Systems,Software Engineer,71198,No,07-11-2017,Yes,5,0,0,1,14-01-2014,3,5,4,1,2,5,4,4
D045-B6CA,Female,26,Some Travel,Technology,34,4,Information Systems,Software Engineer,71198,No,07-11-2017,Yes,5,0,0,1,13-01-2018,3,5,3,1,0,4,4,3
41EC-F2AA,Female,26,Frequent Traveller,Technology,42,1,Computer Science,Data Scientist,56966,No,04-05-2015,No,7,4,5,2,01-01-2018,5,5,3,2,2,3,4,3
28EA-A010,Female,26,Some Travel,Sales,2,2,Marketing,Sales Executive,149390,Yes,15-08-2016,Yes,3,1,1,2,15-01-2017,5,3,5,1,1,3,5,4
28EA-A010,Female,26,Some Travel,Sales,2,2,Marketing,Sales Executive,149390,Yes,15-08-2016,Yes,3,1,1,2,16-01-2013,5,4,3,2,2,3,5,4
28EA-A010,Female,26,Some Travel,Sales,2,2,Marketing,Sales Executive,149390,Yes,15-08-2016,Yes,3,1,1,2,16-01-2014,5,4,2,3,2,4,4,3
28EA-A010,Female,26,Some Travel,Sales,2,2,Marketing,Sales Executive,149390,Yes,15-08-2016,Yes,3,1,1,2,15-01-2018,3,3,4,3,2,4,4,4
ACF7-5B99,Female,26,Some Travel,Sales,17,4,Marketing ,Sales Executive,97811,Yes,16-05-2015,No,7,3,6,4,22-04-2018,4,2,5,1,1,2,5,4
59F5-F57D,Female,26,Frequent Traveller,Technology,17,2,Information Systems,Senior Software Engineer,59981,Yes,25-05-2015,No,7,1,5,2,21-03-2018,4,4,3,3,3,5,5,4
6DEB-F440,Non-Binary,21,Some Travel,Technology,41,3,Computer Science,Data Scientist,29793,Yes,22-06-2019,Yes,3,0,0,2,16-01-2017,5,5,2,1,1,5,5,4
6DEB-F440,Non-Binary,21,Some Travel,Technology,41,3,Computer Science,Data Scientist,29793,Yes,22-06-2019,Yes,3,0,0,2,17-01-2014,3,3,5,2,0,2,5,4
6DEB-F440,Non-Binary,21,Some Travel,Technology,41,3,Computer Science,Data Scientist,29793,Yes,22-06-2019,Yes,3,0,0,2,16-01-2018,4,4,4,1,0,3,4,4
32AE-C02F,Male,24,No Travel ,Sales,8,3,Marketing,Sales Executive,82405,Yes,19-06-2016,Yes,5,1,4,1,17-01-2017,3,5,3,1,0,4,5,5
32AE-C02F,Male,24,No Travel ,Sales,8,3,Marketing,Sales Executive,82405,Yes,19-06-2016,Yes,5,1,4,1,18-01-2014,5,2,5,3,1,5,4,3
32AE-C02F,Male,24,No Travel ,Sales,8,3,Marketing,Sales Executive,82405,Yes,19-06-2016,Yes,5,1,4,1,18-01-2013,4,3,2,3,0,5,5,4
32AE-C02F,Male,24,No Travel ,Sales,8,3,Marketing,Sales Executive,82405,Yes,19-06-2016,Yes,5,1,4,1,17-01-2018,3,3,4,2,1,3,3,2
8A6B-AD5C,Female,24,Some Travel,Technology,30,3,Information Systems,Data Scientist,61883,No,02-08-2016,Yes,1,1,1,0,17-01-2017,3,2,3,3,0,5,3,2
8A6B-AD5C,Female,24,Some Travel,Technology,30,3,Information Systems,Data Scientist,61883,No,02-08-2016,Yes,1,1,1,0,18-01-2014,5,4,5,2,3,5,3,2
8A6B-AD5C,Female,24,Some Travel,Technology,30,3,Information Systems,Data Scientist,61883,No,02-08-2016,Yes,1,1,1,0,17-01-2018,5,5,5,1,1,3,4,3
8A6B-AD5C,Female,24,Some Travel,Technology,30,3,Information Systems,Data Scientist,61883,No,02-08-2016,Yes,1,1,1,0,18-01-2013,3,3,2,3,2,5,4,4
5F2E-A68B,Prefer Not To Say,26,Some Travel,Technology,16,4,Other,Software Engineer,60834,No,01-06-2015,No,7,0,0,5,26-03-2018,5,5,4,2,2,2,5,5
EB8F-204D,Male,26,Some Travel,Technology,5,3,Other,Data Scientist,49045,No,13-01-2016,Yes,1,0,0,0,18-01-2017,5,4,2,2,2,3,3,2
EB8F-204D,Male,26,Some Travel,Technology,5,3,Other,Data Scientist,49045,No,13-01-2016,Yes,1,0,0,0,19-01-2014,4,3,2,1,1,5,3,3
EB8F-204D,Male,26,Some Travel,Technology,5,3,Other,Data Scientist,49045,No,13-01-2016,Yes,1,0,0,0,18-01-2018,3,4,4,2,1,4,3,2
B49A-7D79,Non-Binary,27,Some Travel,Technology,20,1,Business Studies,Software Engineer,22986,Yes,02-06-2015,No,7,6,7,0,04-04-2018,4,3,4,1,2,4,5,5
E503-C500,Male,28,Some Travel,Technology,39,5,Computer Science,Software Engineer,81906,No,04-06-2015,No,7,4,4,1,22-04-2018,3,5,5,1,1,3,5,5
388D-DB68,Female,27,Some Travel,Human Resources,40,3,Human Resources,Recruiter,34320,No,07-06-2015,No,7,5,6,5,13-02-2018,5,4,2,3,3,4,5,5
CEE1-DA0F,Female,23,Some Travel,Technology,23,3,Computer Science,Software Engineer,40438,Yes,20-11-2018,No,4,0,0,2,19-01-2017,4,3,4,3,0,2,4,3
A42A-4000,Male,23,No Travel ,Sales,10,2,Marketing ,Sales Executive,94417,No,03-12-2019,No,3,3,3,2,20-01-2017,4,4,3,3,1,3,5,5
468A-E249,Female,26,Some Travel,Technology,22,3,Business Studies,Engineering Manager,206137,No,27-06-2015,No,7,1,1,5,05-03-2018,4,5,5,1,0,4,5,4
6EDB-94B7,Male,25,Some Travel,Technology,6,3,Computer Science,Engineering Manager,195911,No,09-07-2015,No,7,0,3,4,01-03-2018,4,5,5,3,3,3,3,2
9C71-61AE,Male,18,Some Travel,Technology,32,1,Computer Science,Machine Learning Engineer,50660,Yes,17-04-2022,Yes,0,0,0,0,22-01-2017,3,2,4,1,2,5,3,3
9C71-61AE,Male,18,Some Travel,Technology,32,1,Computer Science,Machine Learning Engineer,50660,Yes,17-04-2022,Yes,0,0,0,0,23-01-2014,4,4,3,1,3,2,4,3
9C71-61AE,Male,18,Some Travel,Technology,32,1,Computer Science,Machine Learning Engineer,50660,Yes,17-04-2022,Yes,0,0,0,0,22-01-2018,3,5,3,1,2,2,4,4
8AAD-FAFB,Female,24,Some Travel,Sales,3,3,Marketing,Sales Executive,130774,Yes,15-08-2016,Yes,4,3,3,4,23-01-2017,5,2,5,2,2,2,3,2
8AAD-FAFB,Female,24,Some Travel,Sales,3,3,Marketing,Sales Executive,130774,Yes,15-08-2016,Yes,4,3,3,4,24-01-2014,5,5,2,1,1,4,5,5
8AAD-FAFB,Female,24,Some Travel,Sales,3,3,Marketing,Sales Executive,130774,Yes,15-08-2016,Yes,4,3,3,4,23-01-2018,4,3,4,1,1,2,3,2
C250-AF15,Male,25,Some Travel,Technology,13,5,Computer Science,Engineering Manager,178337,No,16-07-2015,No,7,1,7,2,04-02-2018,5,3,4,2,2,4,5,4
257B-8130,Male,26,Some Travel,Technology,41,3,Computer Science,Senior Software Engineer,47676,No,20-07-2015,No,7,4,6,1,29-01-2018,3,4,2,3,0,3,5,4
20BA-5868,Non-Binary,19,Some Travel,Sales,29,1,Marketing,Sales Representative,29673,No,27-03-2021,Yes,0,0,0,0,23-01-2017,3,4,2,1,1,2,5,5
20BA-5868,Non-Binary,19,Some Travel,Sales,29,1,Marketing,Sales Representative,29673,No,27-03-2021,Yes,0,0,0,0,24-01-2014,4,3,2,1,1,3,4,4
20BA-5868,Non-Binary,19,Some Travel,Sales,29,1,Marketing,Sales Representative,29673,No,27-03-2021,Yes,0,0,0,0,23-01-2018,3,2,5,1,1,2,5,4
6653-BD41,Female,27,Some Travel,Technology,5,3,Computer Science,Engineering Manager,238435,No,07-08-2015,No,7,2,4,1,04-04-2018,5,3,3,2,2,3,4,3
6125-FEC8,Non-Binary,27,No Travel ,Technology,36,4,Business Studies,Software Engineer,50046,No,20-12-2015,No,7,1,6,2,26-01-2017,5,2,5,3,2,4,4,3
6125-FEC8,Non-Binary,27,No Travel ,Technology,36,4,Business Studies,Software Engineer,50046,No,20-12-2015,No,7,1,6,2,27-01-2014,5,4,4,3,2,3,5,4
C251-2A18,Non-Binary,26,Some Travel,Technology,28,4,Computer Science,Data Scientist,29791,No,07-08-2015,No,7,7,7,1,08-01-2018,5,3,4,1,0,3,4,4
62A3-DEA7,Male,25,Some Travel,Technology,8,1,Information Systems,Software Engineer,30931,Yes,13-08-2015,Yes,1,0,0,1,03-02-2017,5,4,4,2,1,2,3,3
62A3-DEA7,Male,25,Some Travel,Technology,8,1,Information Systems,Software Engineer,30931,Yes,13-08-2015,Yes,1,0,0,1,04-02-2014,5,5,3,2,1,2,4,4
62A3-DEA7,Male,25,Some Travel,Technology,8,1,Information Systems,Software Engineer,30931,Yes,13-08-2015,Yes,1,0,0,1,03-02-2018,3,3,2,3,3,2,5,5
1453-D3D8,Non-Binary,27,Some Travel,Technology,4,3,Computer Science,Machine Learning Engineer,60967,No,14-08-2015,No,7,7,7,0,06-02-2018,4,5,2,3,1,5,5,4
98EE-8547,Male,31,Some Travel,Technology,44,3,Information Systems,Analytics Manager,531629,Yes,06-01-2020,Yes,1,0,1,1,29-01-2017,4,5,5,2,1,5,5,5
98EE-8547,Male,31,Some Travel,Technology,44,3,Information Systems,Analytics Manager,531629,Yes,06-01-2020,Yes,1,0,1,1,30-01-2014,4,4,3,2,2,2,5,4
98EE-8547,Male,31,Some Travel,Technology,44,3,Information Systems,Analytics Manager,531629,Yes,06-01-2020,Yes,1,0,1,1,29-01-2018,5,4,2,3,0,5,3,2
7279-6591,Male,41,Some Travel,Sales,25,3,Marketing ,Sales Executive,231843,Yes,01-06-2017,Yes,1,1,1,0,30-01-2017,5,5,2,2,0,3,5,4
7279-6591,Male,41,Some Travel,Sales,25,3,Marketing ,Sales Executive,231843,Yes,01-06-2017,Yes,1,1,1,0,31-01-2014,3,3,3,2,1,3,5,5
7279-6591,Male,41,Some Travel,Sales,25,3,Marketing ,Sales Executive,231843,Yes,01-06-2017,Yes,1,1,1,0,30-01-2018,4,4,2,3,0,4,4,3
AC19-7EE7,Male,25,Some Travel,Sales,38,3,Marketing ,Sales Executive,86485,Yes,07-09-2015,No,7,6,6,0,15-04-2018,5,3,2,3,0,5,5,4
2219-56CA,Non-Binary,28,Some Travel,Sales,38,3,Marketing,Sales Executive,185380,No,21-09-2015,Yes,5,2,5,3,20-02-2017,5,4,5,1,0,3,4,3
2219-56CA,Non-Binary,28,Some Travel,Sales,38,3,Marketing,Sales Executive,185380,No,21-09-2015,Yes,5,2,5,3,20-02-2018,3,4,2,1,1,2,3,2
2219-56CA,Non-Binary,28,Some Travel,Sales,38,3,Marketing,Sales Executive,185380,No,21-09-2015,Yes,5,2,5,3,21-02-2014,5,4,5,3,0,3,5,5
EEA0-C109,Male,26,Some Travel,Sales,3,1,Marketing ,Sales Executive,56892,No,29-09-2015,No,7,1,3,3,17-02-2018,4,2,4,2,2,2,4,3
ABB5-0B95,Non-Binary,28,No Travel ,Technology,26,5,Computer Science,Data Scientist,112175,No,30-09-2015,No,7,1,3,4,02-03-2018,5,4,5,1,0,4,5,4
5F4E-EE5A,Prefer Not To Say,28,No Travel ,Technology,45,4,Information Systems,Machine Learning Engineer,87762,No,02-10-2015,No,7,2,7,2,14-03-2018,4,3,4,3,0,5,3,2
B995-E5CE,Non-Binary,27,Some Travel,Technology,2,4,Computer Science,Data Scientist,39198,No,10-10-2015,No,7,6,7,4,08-02-2018,5,4,4,2,3,4,3,3
AD0D-E79F,Male,22,Some Travel,Sales,16,2,Marketing,Sales Executive,53220,Yes,28-11-2021,Yes,0,0,0,0,04-02-2017,5,4,5,2,0,4,3,2
AD0D-E79F,Male,22,Some Travel,Sales,16,2,Marketing,Sales Executive,53220,Yes,28-11-2021,Yes,0,0,0,0,05-02-2014,5,4,2,3,1,4,4,3
AD0D-E79F,Male,22,Some Travel,Sales,16,2,Marketing,Sales Executive,53220,Yes,28-11-2021,Yes,0,0,0,0,04-02-2018,4,5,5,1,1,5,5,4
D8B3-30D2,Female,22,Some Travel,Technology,40,1,Business Studies,Data Scientist,53080,Yes,24-12-2019,Yes,2,0,1,0,04-02-2017,5,3,4,1,1,4,4,4
D8B3-30D2,Female,22,Some Travel,Technology,40,1,Business Studies,Data Scientist,53080,Yes,24-12-2019,Yes,2,0,1,0,05-02-2014,4,2,3,3,2,3,3,3
D8B3-30D2,Female,22,Some Travel,Technology,40,1,Business Studies,Data Scientist,53080,Yes,24-12-2019,Yes,2,0,1,0,04-02-2018,4,4,2,2,0,5,4,3
B44E-8AEE,Female,28,Some Travel,Sales,7,5,Marketing,Sales Executive,181164,No,01-11-2015,No,7,5,6,1,17-03-2018,3,5,4,1,3,2,4,4
0D1B-DEC2,Non-Binary,24,Some Travel,Technology,23,3,Computer Science,Data Scientist,100586,No,23-04-2017,Yes,4,4,4,4,10-02-2017,3,4,5,1,0,4,5,4
0D1B-DEC2,Non-Binary,24,Some Travel,Technology,23,3,Computer Science,Data Scientist,100586,No,23-04-2017,Yes,4,4,4,4,11-02-2014,5,4,3,1,1,2,4,3
0D1B-DEC2,Non-Binary,24,Some Travel,Technology,23,3,Computer Science,Data Scientist,100586,No,23-04-2017,Yes,4,4,4,4,10-02-2018,3,2,2,1,3,5,5,5
B407-ABCA,Male,26,Some Travel,Sales,2,4,Economics,Sales Executive,60087,Yes,08-11-2016,Yes,4,0,0,3,10-02-2017,3,3,3,1,1,2,3,2
B407-ABCA,Male,26,Some Travel,Sales,2,4,Economics,Sales Executive,60087,Yes,08-11-2016,Yes,4,0,0,3,11-02-2014,3,3,5,2,1,4,5,4
B407-ABCA,Male,26,Some Travel,Sales,2,4,Economics,Sales Executive,60087,Yes,08-11-2016,Yes,4,0,0,3,10-02-2018,3,5,3,3,1,4,5,4
DB6C-3B2F,Female,19,Some Travel,Technology,43,3,Information Systems,Data Scientist,49006,No,18-07-2022,Yes,0,0,0,0,11-02-2017,4,4,2,3,0,2,3,3
DB6C-3B2F,Female,19,Some Travel,Technology,43,3,Information Systems,Data Scientist,49006,No,18-07-2022,Yes,0,0,0,0,12-02-2014,3,2,3,2,1,3,5,5
DB6C-3B2F,Female,19,Some Travel,Technology,43,3,Information Systems,Data Scientist,49006,No,18-07-2022,Yes,0,0,0,0,11-02-2018,5,2,5,2,0,5,5,4
83FD-F920,Male,25,Some Travel,Technology,41,1,Computer Science,Data Scientist,28137,Yes,10-01-2016,Yes,4,3,3,1,12-02-2017,4,2,5,1,0,3,3,2
83FD-F920,Male,25,Some Travel,Technology,41,1,Computer Science,Data Scientist,28137,Yes,10-01-2016,Yes,4,3,3,1,13-02-2014,5,4,4,1,3,5,4,3
83FD-F920,Male,25,Some Travel,Technology,41,1,Computer Science,Data Scientist,28137,Yes,10-01-2016,Yes,4,3,3,1,12-02-2018,5,3,4,1,1,2,5,5
ACD5-5FA2,Female,28,Some Travel,Sales,17,3,Technical Degree,Sales Representative,70787,Yes,26-11-2015,No,7,2,5,5,06-03-2018,3,5,5,3,1,5,4,3
626A-9377,Female,27,No Travel ,Technology,19,2,Business Studies,Senior Software Engineer,89785,No,19-12-2015,Yes,0,0,0,0,13-02-2017,3,5,3,2,1,5,5,4
626A-9377,Female,27,No Travel ,Technology,19,2,Business Studies,Senior Software Engineer,89785,No,19-12-2015,Yes,0,0,0,0,14-02-2014,5,4,2,1,1,2,4,3
626A-9377,Female,27,No Travel ,Technology,19,2,Business Studies,Senior Software Engineer,89785,No,19-12-2015,Yes,0,0,0,0,13-02-2018,5,3,5,3,0,5,5,5
D954-6402,Male,25,Some Travel,Sales,14,3,Marketing ,Sales Executive,123307,Yes,23-12-2015,Yes,7,2,3,1,07-03-2017,5,5,5,3,0,4,4,3
D954-6402,Male,25,Some Travel,Sales,14,3,Marketing ,Sales Executive,123307,Yes,23-12-2015,Yes,7,2,3,1,07-03-2018,5,3,4,3,2,5,5,5
BD97-F94D,Male,26,Some Travel,Technology,8,2,Information Systems,Software Engineer,50614,No,25-12-2015,No,7,7,7,2,01-09-2017,4,2,4,3,0,4,3,3
A590-DF69,Female,28,Some Travel,Technology,24,3,Computer Science,Software Engineer,71553,No,30-12-2015,No,7,6,6,0,12-03-2017,4,3,3,3,1,2,5,5
A590-DF69,Female,28,Some Travel,Technology,24,3,Computer Science,Software Engineer,71553,No,30-12-2015,No,7,6,6,0,12-03-2018,5,5,2,2,2,4,5,5
8FB2-4CE0,Male,27,Some Travel,Technology,14,4,Computer Science,Data Scientist,37545,No,06-12-2016,Yes,2,1,1,1,20-02-2017,3,5,2,2,0,2,3,3
8FB2-4CE0,Male,27,Some Travel,Technology,14,4,Computer Science,Data Scientist,37545,No,06-12-2016,Yes,2,1,1,1,20-02-2018,4,4,2,2,1,5,3,3
8FB2-4CE0,Male,27,Some Travel,Technology,14,4,Computer Science,Data Scientist,37545,No,06-12-2016,Yes,2,1,1,1,21-02-2014,4,2,4,2,2,2,3,2
BAB4-3AC8,Female,25,No Travel ,Technology,24,4,Computer Science,Software Engineer,44146,No,08-01-2016,No,6,1,1,3,08-11-2017,3,2,5,2,1,3,4,4
B24C-18BF,Male,26,No Travel ,Sales,5,2,Marketing,Sales Executive,93170,No,10-01-2016,No,6,3,6,1,15-08-2017,3,5,4,3,2,2,3,2
FD0B-7B0A,Female,27,Some Travel,Sales,21,1,Marketing,Sales Representative,22648,Yes,12-01-2016,Yes,1,0,0,0,03-03-2017,3,2,2,3,0,5,4,4
FD0B-7B0A,Female,27,Some Travel,Sales,21,1,Marketing,Sales Representative,22648,Yes,12-01-2016,Yes,1,0,0,0,03-03-2018,4,5,5,1,0,2,3,2
8A5B-3D6E,Female,24,Some Travel,Sales,25,1,Marketing,Sales Executive,105383,Yes,14-01-2016,No,6,6,6,5,15-03-2017,3,2,1,3,2,3,4,4
8A5B-3D6E,Female,24,Some Travel,Sales,25,1,Marketing,Sales Executive,105383,Yes,14-01-2016,No,6,6,6,5,15-03-2018,4,4,2,2,3,5,3,2
46D6-CA7A,Male,27,Frequent Traveller,Technology,16,4,Information Systems,Senior Software Engineer,75275,No,19-01-2016,No,6,4,5,5,23-09-2017,3,3,5,1,0,4,4,3
A11D-324A,Male,27,Some Travel,Sales,44,4,Marketing,Manager,152147,No,22-01-2016,No,6,6,6,6,23-04-2018,4,3,4,1,1,2,5,4
C016-FA12,Female,25,Some Travel,Sales,22,1,Marketing,Sales Representative,32894,No,14-05-2018,Yes,2,2,2,1,25-02-2017,4,2,3,2,1,2,3,2
C016-FA12,Female,25,Some Travel,Sales,22,1,Marketing,Sales Representative,32894,No,14-05-2018,Yes,2,2,2,1,25-02-2018,4,2,4,1,2,4,4,3
C016-FA12,Female,25,Some Travel,Sales,22,1,Marketing,Sales Representative,32894,No,14-05-2018,Yes,2,2,2,1,26-02-2014,3,2,5,2,1,2,4,3
1914-B934,Female,22,Frequent Traveller,Sales,19,3,Marketing ,Sales Representative,22122,Yes,26-10-2018,Yes,3,2,2,1,26-02-2017,3,3,3,2,1,3,3,2
1914-B934,Female,22,Frequent Traveller,Sales,19,3,Marketing ,Sales Representative,22122,Yes,26-10-2018,Yes,3,2,2,1,26-02-2018,5,5,2,2,1,3,5,4
1914-B934,Female,22,Frequent Traveller,Sales,19,3,Marketing ,Sales Representative,22122,Yes,26-10-2018,Yes,3,2,2,1,27-02-2014,3,3,2,3,2,3,3,2
596B-33F4,Male,26,Some Travel,Technology,2,3,Computer Science,Data Scientist,30207,Yes,01-09-2016,Yes,5,1,3,0,27-02-2017,3,4,4,3,2,3,3,3
596B-33F4,Male,26,Some Travel,Technology,2,3,Computer Science,Data Scientist,30207,Yes,01-09-2016,Yes,5,1,3,0,27-02-2018,4,2,3,3,0,4,5,4
596B-33F4,Male,26,Some Travel,Technology,2,3,Computer Science,Data Scientist,30207,Yes,01-09-2016,Yes,5,1,3,0,28-02-2014,3,5,4,2,2,3,3,3
7749-B277,Male,24,Some Travel,Human Resources,1,5,Human Resources,HR Executive,44634,No,25-04-2017,Yes,4,3,3,2,28-02-2017,5,5,3,2,1,3,3,2
7749-B277,Male,24,Some Travel,Human Resources,1,5,Human Resources,HR Executive,44634,No,25-04-2017,Yes,4,3,3,2,28-02-2018,5,2,2,3,0,4,5,4
7749-B277,Male,24,Some Travel,Human Resources,1,5,Human Resources,HR Executive,44634,No,25-04-2017,Yes,4,3,3,2,01-03-2014,4,3,2,2,2,5,3,3
7823-0217,Non-Binary,25,Frequent Traveller,Sales,43,4,Marketing,Sales Executive,81889,Yes,02-11-2018,Yes,0,0,0,0,28-02-2017,4,2,4,3,0,2,5,5
7823-0217,Non-Binary,25,Frequent Traveller,Sales,43,4,Marketing,Sales Executive,81889,Yes,02-11-2018,Yes,0,0,0,0,28-02-2018,5,5,3,1,0,3,3,3
7823-0217,Non-Binary,25,Frequent Traveller,Sales,43,4,Marketing,Sales Executive,81889,Yes,02-11-2018,Yes,0,0,0,0,01-03-2014,5,4,2,3,1,2,4,4
DE22-FB63,Female,22,Some Travel,Technology,2,1,Information Systems,Software Engineer,24422,No,11-02-2019,Yes,1,0,0,1,01-03-2017,3,4,3,1,2,3,3,2
DE22-FB63,Female,22,Some Travel,Technology,2,1,Information Systems,Software Engineer,24422,No,11-02-2019,Yes,1,0,0,1,01-03-2018,4,4,5,1,0,5,3,2
DE22-FB63,Female,22,Some Travel,Technology,2,1,Information Systems,Software Engineer,24422,No,11-02-2019,Yes,1,0,0,1,02-03-2014,4,3,3,3,1,3,3,3
EACC-D1F6,Male,25,Some Travel,Technology,20,3,Computer Science,Data Scientist,27673,Yes,05-05-2017,Yes,3,2,3,1,02-03-2017,3,2,2,1,2,4,4,4
EACC-D1F6,Male,25,Some Travel,Technology,20,3,Computer Science,Data Scientist,27673,Yes,05-05-2017,Yes,3,2,3,1,02-03-2018,4,3,4,1,1,2,4,3
C57E-6E4F,Male,24,No Travel ,Technology,35,3,Computer Science,Data Scientist,32502,Yes,06-02-2018,Yes,1,1,1,0,03-03-2017,3,2,2,3,0,3,3,2
C57E-6E4F,Male,24,No Travel ,Technology,35,3,Computer Science,Data Scientist,32502,Yes,06-02-2018,Yes,1,1,1,0,03-03-2018,3,5,3,1,0,3,5,4
06B9-B79D,Female,21,Some Travel,Sales,36,3,Marketing,Sales Executive,76057,No,12-12-2020,Yes,1,0,0,0,04-03-2017,3,3,2,3,0,5,4,3
06B9-B79D,Female,21,Some Travel,Sales,36,3,Marketing,Sales Executive,76057,No,12-12-2020,Yes,1,0,0,0,04-03-2018,5,2,5,1,1,3,3,2
EAB1-2EB2,Female,21,Some Travel,Technology,8,3,Business Studies,Data Scientist,36534,No,24-05-2019,Yes,0,0,0,0,06-03-2017,3,5,4,1,0,2,3,2
EAB1-2EB2,Female,21,Some Travel,Technology,8,3,Business Studies,Data Scientist,36534,No,24-05-2019,Yes,0,0,0,0,06-03-2018,5,4,5,1,1,3,3,3
E3B6-49F8,Male,20,Some Travel,Technology,23,3,Business Studies,Software Engineer,33632,No,28-09-2022,Yes,0,0,0,0,07-03-2017,4,5,2,2,3,2,5,4
E3B6-49F8,Male,20,Some Travel,Technology,23,3,Business Studies,Software Engineer,33632,No,28-09-2022,Yes,0,0,0,0,07-03-2018,4,3,2,3,1,4,4,3
B005-602F,Female,19,Some Travel,Technology,11,4,Computer Science,Software Engineer,27760,Yes,06-11-2022,Yes,0,0,0,0,10-03-2017,5,5,2,2,1,5,3,2
B005-602F,Female,19,Some Travel,Technology,11,4,Computer Science,Software Engineer,27760,Yes,06-11-2022,Yes,0,0,0,0,10-03-2018,5,4,5,1,1,5,5,4
4A0E-9958,Male,26,Some Travel,Technology,6,4,Information Systems,Machine Learning Engineer,89771,Yes,04-10-2016,Yes,1,0,0,0,11-03-2017,2,2,3,3,3,1,3,2
4A0E-9958,Male,26,Some Travel,Technology,6,4,Information Systems,Machine Learning Engineer,89771,Yes,04-10-2016,Yes,1,0,0,0,11-03-2018,5,4,3,3,2,3,4,3
CFE3-312D,Male,21,Frequent Traveller,Sales,36,4,Other,Sales Executive,46452,Yes,08-11-2020,Yes,1,1,1,0,11-03-2017,2,1,4,2,0,2,3,3
CFE3-312D,Male,21,Frequent Traveller,Sales,36,4,Other,Sales Executive,46452,Yes,08-11-2020,Yes,1,1,1,0,11-03-2018,4,2,4,2,1,3,5,5
4F28-CFAF,Female,25,Some Travel,Sales,11,3,Marketing,Sales Executive,53930,Yes,13-09-2018,Yes,3,2,3,1,14-03-2017,4,4,3,3,2,4,5,4
4F28-CFAF,Female,25,Some Travel,Sales,11,3,Marketing,Sales Executive,53930,Yes,13-09-2018,Yes,3,2,3,1,14-03-2018,5,5,4,3,3,5,4,3
B8C3-5E0A,Female,26,Some Travel,Technology,18,3,Computer Science,Data Scientist,26414,No,14-05-2017,No,5,5,5,0,25-04-2018,4,2,4,1,2,4,4,4
7623-9AF1,Female,26,Some Travel,Technology,18,3,Information Systems,Data Scientist,46809,No,29-06-2017,No,5,0,0,2,15-09-2017,3,3,3,2,1,2,3,2
9C6C-E5CE,Non-Binary,23,Frequent Traveller,Technology,15,3,Information Systems,Data Scientist,29890,No,24-07-2017,No,5,0,1,1,05-05-2018,4,2,2,3,0,5,5,4
0FE8-B881,Male,25,Some Travel,Sales,12,3,Marketing ,Sales Executive,118048,No,14-09-2018,No,4,4,4,3,04-10-2017,3,4,3,2,0,2,4,4
12A7-AFD6,Non-Binary,24,Some Travel,Sales,22,3,Marketing,Sales Executive,53530,Yes,19-09-2018,No,4,3,3,1,10-10-2017,5,2,3,3,1,3,5,5
7E76-154C,Female,25,Some Travel,Technology,40,3,Business Studies,Machine Learning Engineer,75250,No,20-09-2018,No,4,1,4,0,15-08-2017,3,2,3,1,1,4,4,3
E151-8C7D,Female,25,Some Travel,Technology,24,4,Other,Software Engineer,41243,Yes,31-10-2018,No,4,3,4,4,04-02-2014,4,3,2,1,0,4,3,2
DA17-A31F,Female,23,Some Travel,Technology,15,2,Information Systems,Machine Learning Engineer,78275,No,18-10-2019,No,3,0,3,2,22-07-2017,2,1,3,1,3,2,3,2
1FE3-22BF,Female,25,Some Travel,Technology,20,3,Computer Science,Machine Learning Engineer,65642,No,25-11-2018,No,4,4,4,0,26-02-2014,5,2,5,3,2,5,3,3
4D95-ECAD,Female,23,Some Travel,Technology,32,4,Computer Science,Data Scientist,47294,No,18-12-2019,No,3,0,2,0,02-08-2017,5,2,2,1,1,3,5,5
B347-DA2D,Male,31,Some Travel,Technology,6,1,Information Systems,Analytics Manager,376853,No,10-05-2021,No,1,1,1,0,04-10-2017,3,4,5,2,2,3,5,5
E927-46D7,Female,22,Some Travel,Technology,14,2,Computer Science,Data Scientist,28989,No,09-09-2019,No,3,2,2,3,06-12-2017,3,3,5,3,2,3,5,5
9385-321B,Female,24,Some Travel,Sales,34,1,Economics,Sales Executive,107634,No,15-09-2019,No,3,2,2,2,02-05-2018,5,2,4,1,0,3,3,3
1787-DF90,Male,26,Some Travel,Sales,36,4,Marketing,Sales Representative,70455,Yes,30-03-2021,No,1,1,1,1,25-03-2018,5,5,2,2,2,5,5,4
55FD-42E9,Female,42,Some Travel,Technology,13,3,Computer Science,Machine Learning Engineer,293303,No,25-04-2021,No,1,0,0,1,14-04-2018,5,2,4,1,1,5,5,4
7B47-C915,Female,36,Some Travel,Sales,23,4,Marketing,Sales Executive,195502,No,23-02-2014,No,8,0,3,0,10-05-2018,5,3,2,3,0,4,3,2
A848-F98B,Male,25,Some Travel,Technology,37,2,Computer Science,Data Scientist,38038,No,26-01-2018,Yes,2,1,1,1,11-05-2018,3,5,4,1,1,3,5,5
1C87-44CB,Female,28,Frequent Traveller,Technology,9,3,Computer Science,Software Engineer,48930,Yes,14-03-2012,Yes,7,4,6,2,12-05-2018,5,5,5,2,2,3,5,5
41FE-D257,Male,23,Frequent Traveller,Sales,31,3,Technical Degree,Sales Representative,23505,No,12-07-2017,Yes,1,0,0,0,12-05-2018,3,5,4,1,0,3,3,3
EACC-D1F6,Male,25,Some Travel,Technology,20,3,Computer Science,Data Scientist,27673,Yes,05-05-2017,Yes,3,2,3,1,03-03-2014,5,4,5,3,1,2,4,4
A690-3D5D,Female,35,Some Travel,Technology,7,3,Information Systems,Senior Software Engineer,253952,Yes,02-10-2013,No,9,9,9,4,12-05-2018,5,2,4,2,1,4,5,5
42CC-040A,Female,29,Some Travel,Human Resources,29,2,Technical Degree,Recruiter,49606,No,05-01-2012,Yes,6,1,1,6,13-05-2018,4,3,2,1,1,3,4,3
C9FF-3A25,Male,28,No Travel ,Technology,17,2,Information Systems,Software Engineer,54324,Yes,10-09-2015,Yes,3,3,3,1,13-05-2018,5,4,2,2,0,2,3,3
BE93-0736,Male,35,No Travel ,Technology,17,2,Computer Science,Senior Software Engineer,117151,No,26-03-2012,No,10,3,7,6,13-05-2018,3,3,4,1,0,5,4,3
1F0F-458C,Female,29,Some Travel,Technology,3,3,Business Studies,Data Scientist,60388,Yes,11-04-2013,Yes,5,1,3,1,14-05-2018,5,3,3,1,2,4,3,3
A184-3B30,Male,26,Some Travel,Technology,17,3,Information Systems,Software Engineer,55778,No,05-11-2015,No,7,4,7,6,14-05-2018,4,3,2,3,3,5,4,3
DE6C-86FC,Non-Binary,43,Some Travel,Technology,31,4,Computer Science,Software Engineer,130665,No,10-12-2013,No,9,6,9,6,15-05-2018,4,2,5,1,1,2,5,5
1C57-5F2A,Female,27,Some Travel,Technology,42,3,Computer Science,Software Engineer,33606,No,07-05-2015,No,7,0,0,2,15-05-2018,3,3,3,1,3,5,3,3
FFCF-0BD5,Prefer Not To Say,23,Some Travel,Human Resources,42,1,Marketing ,Recruiter,30683,No,25-06-2017,No,5,5,5,5,15-05-2018,3,2,2,2,1,5,5,5
0A05-3943,Female,26,Some Travel,Technology,20,3,Business Studies,Software Engineer,33273,Yes,20-01-2015,Yes,2,1,1,0,16-05-2018,5,5,3,3,2,2,3,2
C57E-6E4F,Male,24,No Travel ,Technology,35,3,Computer Science,Data Scientist,32502,Yes,06-02-2018,Yes,1,1,1,0,04-03-2014,5,4,5,2,0,2,3,2
9F65-F612,Female,28,Some Travel,Technology,33,3,Computer Science,Data Scientist,54536,No,23-04-2012,Yes,3,3,3,2,16-05-2018,5,5,4,1,1,2,3,3
64D6-0D5F,Non-Binary,37,Some Travel,Technology,28,3,Information Systems,Analytics Manager,368494,Yes,14-05-2012,No,10,8,9,6,16-05-2018,5,5,3,1,1,3,4,3
9D3C-DA45,Male,32,Some Travel,Technology,24,3,Information Systems,Data Scientist,41857,No,12-04-2013,No,9,0,5,2,17-05-2018,3,3,4,1,0,2,3,3
2523-EFD4,Female,34,Some Travel,Technology,14,2,Information Systems,Senior Software Engineer,154405,No,27-05-2013,No,9,7,7,1,18-05-2018,3,3,3,2,0,3,5,4
4D59-B831,Female,25,Some Travel,Human Resources,14,1,Human Resources,Recruiter,22150,No,25-06-2018,Yes,2,0,1,1,19-05-2018,4,5,2,3,0,4,3,2
5060-A677,Male,26,Frequent Traveller,Technology,45,3,Information Systems,Machine Learning Engineer,108865,No,21-01-2016,Yes,1,0,0,1,19-05-2018,5,2,5,2,0,3,4,4
A2D0-E2D2,Female,26,Some Travel,Technology,25,3,Information Systems,Software Engineer,22089,Yes,15-12-2014,Yes,1,0,0,0,19-05-2018,3,2,5,3,1,3,4,3
BE54-8537,Female,26,Frequent Traveller,Technology,14,3,Computer Science,Software Engineer,36794,No,18-11-2015,Yes,5,3,4,3,19-05-2018,5,2,5,3,0,2,5,5
9169-FC4B,Male,28,Some Travel,Human Resources,18,2,Economics,HR Executive,179561,No,09-05-2012,Yes,1,0,0,1,20-05-2018,3,2,2,1,1,3,4,4
00B0-F199,Male,23,Some Travel,Sales,35,1,Marketing ,Sales Executive,97824,Yes,16-03-2020,Yes,1,0,1,0,21-05-2018,3,4,4,2,1,3,3,2
CC2F-670E,Male,29,Frequent Traveller,Technology,26,3,Computer Science,Data Scientist,78541,Yes,23-02-2013,Yes,6,5,5,2,04-03-2014,5,5,5,2,1,3,3,3
5988-3855,Female,43,Some Travel,Technology,31,1,Information Systems,Software Engineer,98693,No,04-07-2014,No,8,5,8,6,21-05-2018,5,4,3,2,1,3,5,5
1705-0DE5,Female,38,Some Travel,Technology,10,3,Business Studies,Engineering Manager,303360,No,16-10-2021,Yes,0,0,0,0,22-05-2018,5,5,4,3,1,3,4,4
8766-F1E7,Male,25,Some Travel,Technology,18,4,Information Systems,Machine Learning Engineer,130434,Yes,26-09-2016,Yes,0,0,0,0,23-05-2018,5,5,3,2,1,4,3,3
45F9-3A37,Male,21,Some Travel,Technology,34,4,Information Systems,Software Engineer,61758,No,22-11-2022,Yes,0,0,0,0,23-05-2018,5,2,4,2,0,5,5,5
BD1B-53A3,Male,43,Some Travel,Sales,27,3,Marketing,Sales Executive,128885,Yes,17-01-2012,No,10,1,10,2,23-05-2018,3,5,3,1,2,5,3,3
81BE-17CD,Male,30,Frequent Traveller,Technology,33,2,Computer Science,Data Scientist,35126,Yes,18-12-2013,No,9,1,5,5,23-05-2018,3,3,2,3,0,4,3,3
1B7F-73A9,Male,34,Some Travel,Technology,24,3,Computer Science,Software Engineer,42721,No,10-12-2014,No,8,3,3,7,23-05-2018,5,2,3,1,0,3,5,4
3B90-B998,Male,33,No Travel ,Technology,26,3,Computer Science,Data Scientist,43998,No,29-09-2014,No,8,6,7,2,23-05-2018,5,2,2,3,1,3,5,4
DF5F-5ED9,Female,46,No Travel ,Technology,21,1,Computer Science,Analytics Manager,281175,Yes,02-06-2014,No,8,1,2,2,23-05-2018,4,3,3,2,1,4,3,3
06DE-E772,Male,34,Frequent Traveller,Sales,45,3,Marketing ,Sales Executive,341971,No,02-09-2020,Yes,1,0,0,0,24-05-2018,3,3,2,1,1,5,3,3
FD0B-7B0A,Female,27,Some Travel,Sales,21,1,Marketing,Sales Representative,22648,Yes,12-01-2016,Yes,1,0,0,0,04-03-2014,4,4,4,1,0,2,3,3
0F83-39C1,Female,30,Some Travel,Technology,33,2,Information Systems,Software Engineer,55485,No,25-12-2013,No,9,8,9,2,24-05-2018,3,4,4,1,0,5,4,4
ED49-73D3,Female,28,Some Travel,Sales,18,4,Marketing,Sales Executive,134427,Yes,28-08-2013,No,9,9,9,2,24-05-2018,4,2,2,1,0,3,4,3
9C24-CD7A,Female,45,Some Travel,Technology,13,2,Other,Analytics Manager,349793,No,10-07-2014,No,8,0,8,6,25-05-2018,4,2,4,3,0,5,3,2
D91C-815B,Female,22,Frequent Traveller,Sales,26,2,Economics,Sales Representative,42250,Yes,23-05-2018,Yes,4,1,3,2,26-05-2018,5,4,5,3,0,3,5,5
29C2-1A3F,Female,30,Some Travel,Technology,32,3,Information Systems,Senior Software Engineer,158656,No,25-12-2019,Yes,2,1,1,2,26-05-2018,3,2,4,1,1,5,5,5
462E-03DF,Female,45,Some Travel,Technology,20,1,Computer Science,Software Engineer,90264,Yes,19-03-2012,No,10,2,4,4,26-05-2018,5,5,4,2,2,5,3,3
2F98-E645,Female,29,Frequent Traveller,Technology,17,3,Computer Science,Data Scientist,105554,Yes,25-02-2014,Yes,5,2,5,2,27-05-2018,3,3,2,2,0,5,4,4
F469-0427,Female,19,Frequent Traveller,Human Resources,31,4,Marketing ,Recruiter,36832,Yes,20-02-2022,Yes,0,0,0,0,27-05-2018,3,2,3,1,2,5,3,3
CACA-0D62,Female,32,Some Travel,Technology,33,3,Information Systems,Data Scientist,121881,No,09-02-2014,No,8,7,8,8,28-05-2018,5,5,5,1,1,2,4,3
C08F-94F9,Male,26,Some Travel,Technology,32,3,Information Systems,Software Engineer,40100,Yes,30-07-2015,Yes,0,0,0,0,29-05-2018,3,4,5,2,1,4,3,3
06B9-B79D,Female,21,Some Travel,Sales,36,3,Marketing,Sales Executive,76057,No,12-12-2020,Yes,1,0,0,0,05-03-2014,3,4,5,1,0,4,5,4
DEBE-1622,Male,28,Frequent Traveller,Technology,22,5,Computer Science,Machine Learning Engineer,205433,No,02-04-2012,Yes,4,1,2,1,29-05-2018,4,2,2,2,1,5,3,2
6965-C170,Female,48,Some Travel,Sales,32,3,Technical Degree,Manager,354336,Yes,18-04-2013,No,9,1,2,9,29-05-2018,3,2,4,3,0,3,5,5
7349-CCE0,Female,32,Some Travel,Technology,7,4,Computer Science,Software Engineer,85568,No,31-07-2013,No,9,7,9,1,29-05-2018,4,2,3,1,3,4,5,5
8FF0-0F7A,Female,26,No Travel ,Technology,18,4,Information Systems,Engineering Manager,153420,Yes,10-08-2015,No,7,5,5,7,30-05-2018,3,2,3,3,1,4,5,5
6313-8E62,Male,23,Frequent Traveller,Sales,41,1,Marketing ,Sales Representative,26508,Yes,01-05-2020,Yes,1,0,0,0,31-05-2018,4,2,5,1,0,4,4,4
F662-DEA5,Male,38,Some Travel,Technology,18,2,Information Systems,Data Scientist,89362,No,01-03-2013,No,9,3,9,7,31-05-2018,4,5,5,2,1,2,4,3
76ED-1CF5,Male,47,Some Travel,Technology,12,4,Information Systems,Software Engineer,105126,No,21-11-2014,No,8,0,7,1,31-05-2018,4,3,4,3,0,3,4,3
B3AF-7E58,Female,45,Some Travel,Human Resources,34,2,Human Resources,Recruiter,54132,Yes,20-01-2012,No,10,10,10,10,01-06-2018,3,3,3,2,1,4,5,4
64BA-99F0,Female,43,Some Travel,Technology,14,3,Computer Science,Engineering Manager,309141,No,19-10-2013,No,9,6,6,9,01-06-2018,5,5,4,1,0,4,4,3
8663-3E02,Male,37,Frequent Traveller,Technology,7,4,Information Systems,Analytics Manager,276322,No,26-11-2013,No,9,0,9,1,01-06-2018,4,4,3,1,0,4,4,3
1054-9C3B,Female,30,Some Travel,Technology,1,4,Other,Data Scientist,40285,Yes,21-03-2013,Yes,1,1,1,0,06-03-2014,3,5,4,1,0,2,3,3
F523-1135,Male,29,Frequent Traveller,Technology,17,2,Computer Science,Machine Learning Engineer,129703,No,25-04-2013,No,9,6,6,3,01-06-2018,5,3,3,2,2,3,4,4
91C6-564B,Male,21,Some Travel,Technology,7,3,Computer Science,Data Scientist,40561,No,09-10-2019,No,3,3,3,1,01-06-2018,3,3,3,1,1,3,5,5
3A2C-ABB8,Male,25,Some Travel,Technology,5,3,Computer Science,Software Engineer,28646,No,02-07-2015,No,7,6,6,3,02-06-2018,3,4,4,1,1,5,4,4
0C7B-2EA6,Male,34,Frequent Traveller,Technology,25,2,Other,Data Scientist,39015,No,15-09-2013,No,9,5,6,4,03-06-2018,3,3,4,2,1,5,5,5
06E8-4FD4,Female,20,Some Travel,Sales,32,2,Marketing,Sales Representative,38532,Yes,03-12-2022,Yes,0,0,0,0,04-06-2018,5,4,3,1,1,4,5,4
9D7B-9B37,Female,28,Some Travel,Sales,8,3,Marketing,Sales Executive,194964,Yes,04-05-2012,No,10,2,2,8,05-06-2018,4,2,2,2,2,2,5,4
DDBF-9C79,Female,26,Some Travel,Sales,10,4,Marketing,Sales Executive,93246,Yes,25-06-2021,Yes,1,0,0,0,06-06-2018,5,5,3,2,1,2,3,3
6CAD-47F0,Male,39,Some Travel,Technology,33,2,Information Systems,Machine Learning Engineer,99602,No,29-10-2013,No,9,5,8,4,06-06-2018,3,5,2,1,1,3,3,2
CD4D-7BBA,Male,43,Some Travel,Technology,38,4,Computer Science,Software Engineer,155786,Yes,29-07-2013,No,9,0,7,5,06-06-2018,3,4,3,3,1,5,5,5
D3F6-A313,Male,27,Some Travel,Technology,34,4,Computer Science,Software Engineer,50949,No,13-08-2015,No,7,6,7,3,07-06-2018,4,5,4,2,1,5,5,5
155B-42BE,Female,25,Some Travel,Sales,38,2,Marketing ,Sales Executive,57018,No,21-02-2015,Yes,1,0,0,0,06-03-2014,5,4,3,3,2,5,5,5
F60C-4888,Female,36,Frequent Traveller,Technology,6,4,Information Systems,Data Scientist,51050,Yes,05-08-2014,No,8,6,7,2,08-06-2018,3,5,2,1,1,3,4,4
B785-D8F8,Male,32,Some Travel,Technology,36,2,Computer Science,Software Engineer,78672,No,29-04-2012,No,10,6,9,5,09-06-2018,4,3,3,1,3,3,4,3
D584-4E31,Female,35,Some Travel,Human Resources,22,1,Economics,Recruiter,67264,No,22-02-2012,No,10,8,8,2,09-06-2018,4,4,4,2,1,5,3,3
8A40-C85A,Female,44,Some Travel,Technology,28,3,Information Systems,Software Engineer,53325,Yes,28-02-2012,No,10,4,8,4,10-06-2018,3,4,3,1,2,4,5,5
19C3-DAE4,Male,30,Some Travel,Technology,19,3,Information Systems,Data Scientist,53336,No,11-06-2014,No,8,3,3,7,10-06-2018,5,3,3,2,1,5,4,4
DFDC-286C,Female,22,Some Travel,Technology,13,4,Information Systems,Machine Learning Engineer,64364,No,09-12-2021,Yes,0,0,0,0,13-06-2018,3,4,4,3,3,5,4,4
3E42-57C8,Male,23,Some Travel,Sales,12,3,Marketing,Sales Executive,84985,No,01-05-2020,Yes,1,0,0,0,14-06-2018,4,5,3,2,2,2,3,2
E9B9-3944,Male,42,Some Travel,Technology,5,1,Computer Science,Data Scientist,47461,No,05-05-2012,No,10,4,7,5,14-06-2018,4,4,2,2,3,5,3,3
A91B-7DC5,Female,42,Some Travel,Technology,43,4,Computer Science,Machine Learning Engineer,110069,No,26-12-2013,No,9,3,8,4,14-06-2018,4,5,3,1,1,2,3,3
5416-F925,Male,43,No Travel ,Technology,14,1,Computer Science,Data Scientist,76331,No,18-06-2014,No,8,2,4,3,15-06-2018,3,4,4,1,1,2,5,4
8567-5B27,Female,28,Frequent Traveller,Sales,32,1,Technical Degree,Sales Representative,53439,Yes,27-04-2012,Yes,3,0,0,1,07-03-2014,4,2,2,2,1,4,3,2
AB5F-244C,Male,36,Some Travel,Technology,7,4,Computer Science,Data Scientist,73643,No,14-04-2012,No,10,0,7,9,16-06-2018,4,5,5,3,0,2,3,3
4F64-A0E2,Non-Binary,48,Frequent Traveller,Sales,9,3,Economics,Sales Executive,288450,Yes,24-05-2014,No,8,2,6,4,16-06-2018,3,2,3,1,0,5,5,5
1E61-70EC,Male,46,Some Travel,Technology,11,4,Information Systems,Software Engineer,56608,Yes,31-03-2012,No,10,3,5,9,17-06-2018,4,4,5,1,0,5,4,4
549F-B3E7,Female,41,No Travel ,Sales,34,2,Marketing ,Sales Executive,109747,No,20-07-2013,No,9,8,9,5,17-06-2018,4,3,2,1,0,2,5,4
6FE3-2270,Non-Binary,31,Frequent Traveller,Sales,35,3,Marketing,Sales Executive,115982,No,03-04-2014,No,8,7,7,4,17-06-2018,4,5,5,3,1,5,5,4
00A3-2445,Male,30,Some Travel,Technology,6,2,Computer Science,Machine Learning Engineer,126238,No,08-03-2012,No,10,3,6,6,19-06-2018,5,2,4,1,0,5,3,3
F4D2-F6F2,Female,47,Some Travel,Technology,8,3,Computer Science,Engineering Manager,287710,No,05-01-2014,No,8,8,8,5,19-06-2018,4,5,5,1,2,2,4,4
1C6C-3B67,Non-Binary,41,Frequent Traveller,Technology,7,3,Computer Science,Software Engineer,96632,No,31-12-2014,No,8,2,8,0,19-06-2018,3,4,2,1,0,3,4,3
BDC5-51CF,Female,25,Frequent Traveller,Sales,3,4,Other,Sales Executive,56163,Yes,26-11-2018,Yes,0,0,0,0,21-06-2018,4,4,5,1,2,5,4,4
5468-EEE1,Male,28,No Travel ,Technology,44,2,Computer Science,Senior Software Engineer,218406,No,17-02-2012,No,10,10,10,10,21-06-2018,4,3,4,1,1,5,5,4
6FE1-C8A8,Male,29,Some Travel,Sales,35,2,Economics,Sales Executive,140962,Yes,13-06-2013,Yes,4,0,2,4,19-01-2013,3,2,2,3,0,5,5,5
D970-9F5E,Female,29,Some Travel,Technology,36,3,Computer Science,Data Scientist,46813,No,29-05-2014,Yes,6,1,1,1,07-03-2014,3,4,4,1,1,2,5,4
2E72-4BF1,Male,44,Some Travel,Sales,21,3,Marketing,Manager,426142,No,07-02-2012,No,10,4,5,4,22-06-2018,3,4,2,1,3,5,5,4
3EB2-9111,Male,48,Some Travel,Technology,26,4,Information Systems,Data Scientist,35749,No,17-05-2012,No,10,7,7,8,23-06-2018,4,3,2,2,1,3,4,3
8822-B9C5,Female,41,Some Travel,Technology,9,3,Computer Science,Machine Learning Engineer,197592,Yes,24-03-2012,No,10,5,10,0,23-06-2018,3,3,5,3,0,5,5,5
5544-4583,Female,41,Some Travel,Sales,42,3,Technical Degree,Sales Executive,142853,No,27-05-2014,No,8,7,8,7,23-06-2018,3,4,3,1,2,5,3,2
9CE9-B0D5,Male,33,Some Travel,Technology,31,1,Information Systems,Data Scientist,60754,No,15-06-2014,No,8,7,8,1,23-06-2018,5,5,4,2,0,5,4,3
9AAD-D3C1,Female,45,Some Travel,Sales,43,2,Other,Sales Executive,106610,Yes,03-05-2012,No,10,0,7,5,24-06-2018,5,2,4,2,0,4,3,2
95CB-4E31,Male,28,No Travel ,Technology,4,3,Business Studies,Software Engineer,57837,No,30-06-2015,No,7,3,3,6,24-06-2018,5,3,5,3,2,4,3,3
AA67-CB22,Male,26,Some Travel,Technology,4,4,Computer Science,Senior Software Engineer,167509,No,19-05-2015,No,7,6,6,0,25-06-2018,1,3,2,2,1,1,4,4
4CCA-B1E6,Male,43,Some Travel,Sales,39,2,Marketing,Sales Executive,176705,No,05-05-2012,No,10,5,7,7,26-06-2018,1,1,1,1,1,1,4,3
E8F5-C47D,Female,30,Some Travel,Human Resources,19,3,Human Resources,HR Executive,97153,No,25-03-2012,No,10,5,6,9,26-06-2018,2,3,1,1,0,3,5,5
EAB1-2EB2,Female,21,Some Travel,Technology,8,3,Business Studies,Data Scientist,36534,No,24-05-2019,Yes,0,0,0,0,07-03-2014,4,3,4,3,0,5,4,4
8026-658D,Male,36,Some Travel,Technology,28,3,Information Systems,Machine Learning Engineer,174019,Yes,07-03-2013,No,9,8,9,1,26-06-2018,2,3,3,3,0,1,4,4
450D-13A9,Female,26,Some Travel,Sales,29,3,Economics,Sales Representative,28024,No,30-11-2015,No,7,0,7,5,26-06-2018,3,1,2,3,1,4,3,3
C0C7-A3EF,Male,48,No Travel ,Sales,9,5,Economics,Sales Executive,125587,No,12-02-2012,No,10,10,10,4,28-06-2018,2,2,1,3,1,3,3,2
C385-CDBE,Female,36,Some Travel,Technology,41,3,Computer Science,Machine Learning Engineer,218940,Yes,14-05-2012,No,10,6,8,5,28-06-2018,1,2,4,2,0,3,3,2
2B7A-9C73,Non-Binary,45,Frequent Traveller,Technology,17,4,Computer Science,Machine Learning Engineer,123619,Yes,01-05-2013,No,9,7,9,2,29-06-2018,2,4,1,3,1,3,3,3
E46A-3676,Male,28,Some Travel,Sales,32,4,Marketing,Sales Executive,128222,No,07-11-2015,No,7,6,7,1,29-06-2018,3,4,5,3,2,3,5,4
6A0D-9C4D,Male,34,Frequent Traveller,Technology,34,2,Information Systems,Machine Learning Engineer,265922,Yes,06-03-2014,No,8,3,3,5,30-06-2018,3,5,4,2,0,3,5,5
D676-4ECC,Female,44,Some Travel,Technology,13,3,Information Systems,Software Engineer,57296,No,29-11-2014,No,8,5,7,3,30-06-2018,3,5,3,1,2,5,3,3
74F3-DF3D,Female,25,Some Travel,Human Resources,22,2,Economics,HR Executive,49131,No,30-05-2015,No,7,2,6,2,30-06-2018,4,5,4,3,2,3,3,3
C026-3E38,Male,28,Some Travel,Technology,2,3,Computer Science,Machine Learning Engineer,220234,Yes,26-10-2015,No,7,5,7,1,30-06-2018,4,3,4,2,1,5,4,3
7EE7-2C43,Female,29,Some Travel,Technology,9,4,Computer Science,Data Scientist,48321,Yes,26-10-2013,Yes,7,2,3,2,08-03-2014,4,2,3,1,1,3,5,4
4C88-27A1,Female,21,Some Travel,Technology,38,1,Information Systems,Senior Software Engineer,63049,Yes,01-03-2021,Yes,0,0,0,0,01-07-2018,4,3,3,1,2,4,4,3
5731-90E6,Non-Binary,35,No Travel ,Technology,27,3,Computer Science,Analytics Manager,542695,No,02-03-2012,No,10,5,5,1,01-07-2018,5,3,3,3,2,4,5,5
FBC2-C5FA,Male,44,Some Travel,Technology,4,3,Computer Science,Data Scientist,74172,No,26-11-2013,No,9,8,9,9,01-07-2018,4,5,3,2,0,4,5,4
5E9A-FE30,Female,30,Some Travel,Technology,38,4,Computer Science,Data Scientist,88609,Yes,24-11-2014,No,8,4,4,1,01-07-2018,5,3,5,3,0,3,4,3
F9B6-C80B,Female,43,Some Travel,Technology,10,3,Computer Science,Software Engineer,43211,No,12-05-2012,No,10,2,6,9,03-07-2018,4,3,3,3,1,2,5,5
2F85-AF81,Non-Binary,42,Some Travel,Technology,12,4,Business Studies,Senior Software Engineer,167089,No,24-05-2012,No,10,7,9,8,05-07-2018,4,4,2,3,2,2,3,3
427A-8C69,Male,32,Some Travel,Technology,15,3,Other,Analytics Manager,393294,No,04-02-2012,No,10,2,2,2,06-07-2018,4,5,5,1,0,4,4,3
8B79-18F1,Female,20,Some Travel,Technology,39,4,Information Systems,Software Engineer,37436,Yes,14-03-2021,Yes,0,0,0,0,08-07-2018,4,3,4,1,2,5,5,4
AF58-5D1B,Female,36,Some Travel,Technology,35,2,Computer Science,Software Engineer,60585,No,05-02-2013,No,9,0,7,9,08-07-2018,4,2,5,1,0,4,3,3
0FC8-561B,Male,29,Frequent Traveller,Technology,14,3,Computer Science,Senior Software Engineer,93591,No,22-02-2012,No,10,4,10,3,09-07-2018,4,3,5,2,1,2,4,3
D954-6402,Male,25,Some Travel,Sales,14,3,Marketing ,Sales Executive,123307,Yes,23-12-2015,Yes,7,2,3,1,08-03-2014,3,5,3,2,0,4,5,5
7B98-EA6F,Male,44,Some Travel,Technology,23,3,Information Systems,Data Scientist,108623,No,13-05-2012,No,10,3,3,8,09-07-2018,4,5,3,3,0,5,3,2
380F-A08A,Female,32,Frequent Traveller,Sales,22,3,Marketing,Sales Executive,142488,No,22-11-2014,No,8,0,6,7,09-07-2018,3,5,3,3,0,4,4,4
58FA-C451,Non-Binary,48,Some Travel,Technology,26,1,Information Systems,Software Engineer,42008,No,24-03-2014,No,8,7,7,0,09-07-2018,3,3,3,1,1,4,4,4
9A87-71F6,Non-Binary,40,Frequent Traveller,Technology,7,3,Computer Science,Software Engineer,95808,No,21-12-2014,No,8,8,8,2,09-07-2018,3,5,3,1,0,2,5,5
E268-61EB,Female,21,Some Travel,Technology,39,4,Computer Science,Software Engineer,54130,Yes,06-02-2019,Yes,2,1,1,2,10-07-2018,5,3,3,1,1,3,4,4
132B-F2B2,Female,35,Some Travel,Technology,36,4,Computer Science,Software Engineer,59086,Yes,04-03-2012,No,10,2,8,4,10-07-2018,4,5,2,2,0,2,4,4
A2B5-823F,Non-Binary,44,Some Travel,Technology,32,3,Computer Science,Machine Learning Engineer,257978,Yes,02-05-2013,No,9,2,4,1,10-07-2018,4,2,2,1,2,4,3,3
9BC9-1288,Female,27,Some Travel,Sales,4,1,Economics,Sales Executive,45046,Yes,03-04-2015,No,7,6,7,0,10-07-2018,4,5,4,2,0,5,3,3
BDE5-385A,Male,26,Some Travel,Technology,39,3,Information Systems,Software Engineer,60494,Yes,22-08-2015,No,7,7,7,7,10-07-2018,5,4,3,3,1,5,5,4
6345-2F33,Non-Binary,46,Some Travel,Technology,36,2,Computer Science,Machine Learning Engineer,102964,No,17-03-2012,No,10,10,10,2,11-07-2018,3,4,4,3,3,3,3,3
73CF-4956,Female,32,Some Travel,Technology,42,4,Computer Science,Data Scientist,102022,No,12-01-2012,No,10,4,5,8,08-03-2014,3,5,4,3,0,3,3,2
9900-1159,Female,28,Frequent Traveller,Sales,40,5,Marketing ,Sales Executive,215327,No,13-04-2014,No,8,1,6,8,11-07-2018,3,2,2,3,2,5,5,4
DCD4-C785,Female,30,Some Travel,Sales,24,4,Marketing ,Sales Representative,38382,Yes,02-10-2014,No,8,7,8,0,12-07-2018,3,2,3,1,1,5,3,3
F220-AAA6,Male,22,Some Travel,Technology,42,4,Business Studies,Software Engineer,51272,Yes,26-03-2021,No,1,0,0,1,12-07-2018,5,2,2,1,1,5,4,3
8583-9174,Female,46,Frequent Traveller,Technology,16,2,Computer Science,Software Engineer,100717,Yes,30-01-2013,No,9,5,9,7,13-07-2018,3,4,4,3,2,5,5,4
29F6-C6CA,Female,35,Frequent Traveller,Sales,43,2,Economics,Sales Representative,46112,No,11-04-2014,No,8,6,7,2,13-07-2018,4,5,5,1,1,2,4,4
5293-AC5C,Male,44,Some Travel,Sales,27,3,Economics,Sales Executive,101906,No,15-03-2014,No,8,3,4,7,14-07-2018,4,5,4,3,2,4,3,2
F961-5A03,Female,27,No Travel ,Technology,12,1,Computer Science,Machine Learning Engineer,105398,No,31-07-2015,No,7,1,7,4,14-07-2018,3,4,5,3,0,3,3,3
E324-1C33,Female,38,Some Travel,Sales,9,4,Economics,Sales Executive,114713,No,17-12-2013,No,9,0,0,1,15-07-2018,5,5,3,3,0,3,3,3
2A20-28CD,Female,38,Frequent Traveller,Technology,2,4,Computer Science,Data Scientist,58828,No,11-08-2014,No,8,7,8,0,15-07-2018,5,2,4,2,3,2,3,3
246E-3383,Male,26,Some Travel,Sales,16,2,Marketing,Sales Executive,113512,No,25-12-2015,No,7,3,7,6,15-07-2018,3,5,4,2,1,2,4,3
E3B6-49F8,Male,20,Some Travel,Technology,23,3,Business Studies,Software Engineer,33632,No,28-09-2022,Yes,0,0,0,0,08-03-2014,4,5,2,2,1,5,4,3
D906-B674,Female,42,No Travel ,Technology,45,3,Information Systems,Engineering Manager,259284,No,09-01-2012,No,10,2,6,6,17-07-2018,4,5,4,3,2,2,4,3
CCAB-4B80,Male,44,Some Travel,Technology,29,3,Information Systems,Analytics Manager,304520,Yes,20-03-2014,No,8,2,2,4,17-07-2018,3,2,2,2,1,3,5,4
DFA2-1B8F,Male,28,Some Travel,Sales,10,1,Marketing ,Sales Executive,83864,No,21-10-2015,No,7,7,7,5,17-07-2018,5,5,4,3,1,3,3,3
D8FC-E2F7,Female,22,Some Travel,Sales,10,3,Economics,Sales Representative,36980,Yes,01-12-2021,Yes,0,0,0,0,18-07-2018,3,5,2,2,1,4,3,3
F0C3-4859,Non-Binary,21,Some Travel,Technology,37,3,Information Systems,Software Engineer,41476,Yes,03-03-2020,Yes,0,0,0,0,18-07-2018,5,2,5,3,0,3,5,5
F4A3-2126,Male,24,Some Travel,Sales,16,2,Marketing,Sales Representative,29128,Yes,31-07-2019,Yes,0,0,0,0,18-07-2018,3,2,3,3,2,2,3,3
13FA-3559,Female,38,Some Travel,Sales,13,3,Marketing,Sales Executive,240248,Yes,14-12-2014,No,8,4,8,0,18-07-2018,5,2,4,1,1,4,5,5
D926-DED9,Male,40,Some Travel,Technology,39,2,Computer Science,Analytics Manager,409998,No,14-04-2014,No,8,3,6,3,18-07-2018,3,3,3,1,1,5,4,4
F83C-CA1D,Male,21,Some Travel,Technology,16,1,Information Systems,Software Engineer,22515,Yes,05-12-2019,Yes,1,0,0,0,19-07-2018,5,3,2,3,0,2,3,3
C0BE-FED0,Male,40,Some Travel,Sales,35,2,Marketing,Sales Representative,63455,Yes,26-01-2012,No,10,4,8,7,19-07-2018,3,5,5,3,1,2,5,5
4B6E-3C21,Female,32,Some Travel,Sales,29,4,Economics,Sales Executive,68043,No,25-09-2013,Yes,8,0,1,6,10-03-2014,4,5,2,2,0,4,3,2
307F-9BFA,Female,43,Some Travel,Technology,21,2,Computer Science,Software Engineer,94499,No,22-06-2013,No,9,0,1,7,19-07-2018,4,3,2,1,2,3,3,2
AA87-13D8,Female,32,Frequent Traveller,Technology,15,2,Information Systems,Data Scientist,44388,No,10-10-2013,No,9,8,9,8,20-07-2018,4,3,3,1,1,2,3,2
95D8-5DC7,Male,48,Some Travel,Technology,19,5,Computer Science,Engineering Manager,241907,No,07-07-2014,No,8,3,3,0,21-07-2018,3,4,3,3,2,4,5,5
B5C6-F8D5,Prefer Not To Say,40,Some Travel,Technology,29,2,Business Studies,Analytics Manager,295688,No,05-08-2014,No,8,1,5,8,21-07-2018,3,2,2,1,2,2,3,2
4316-C080,Male,34,No Travel ,Technology,25,1,Computer Science,Senior Software Engineer,238630,No,05-08-2013,No,9,0,3,6,22-07-2018,3,1,3,1,0,2,4,4
6E64-8D30,Female,32,Some Travel,Sales,42,3,Marketing,Sales Executive,108213,No,10-03-2014,No,8,6,6,4,23-07-2018,1,4,1,2,2,1,5,5
DEB9-1BBF,Female,30,Some Travel,Technology,32,4,Computer Science,Software Engineer,155259,No,10-11-2014,No,8,3,5,6,24-07-2018,2,2,2,1,2,2,4,4
B59D-CA4C,Male,28,Some Travel,Sales,45,2,Marketing,Sales Executive,110057,No,14-08-2015,No,7,5,5,4,24-07-2018,1,2,1,2,1,2,5,5
9DB2-76B3,Male,41,Some Travel,Sales,17,3,Economics,Sales Executive,116966,No,04-03-2012,No,10,4,10,7,25-07-2018,3,2,1,1,2,2,3,3
D565-284D,Female,47,Frequent Traveller,Sales,21,3,Economics,Sales Executive,65626,No,27-01-2012,No,10,2,5,1,25-07-2018,3,2,3,2,0,3,4,3
B005-602F,Female,19,Some Travel,Technology,11,4,Computer Science,Software Engineer,27760,Yes,06-11-2022,Yes,0,0,0,0,11-03-2014,4,4,4,2,3,2,3,3
205B-4D34,Male,41,Frequent Traveller,Human Resources,39,1,Human Resources,HR Executive,79990,No,29-06-2014,No,8,5,5,8,25-07-2018,4,3,2,2,1,1,4,4
4673-EBEC,Male,28,Some Travel,Sales,24,2,Marketing ,Sales Executive,78735,No,23-07-2015,No,7,0,2,4,25-07-2018,3,2,3,1,0,5,4,4
D6BB-FEDF,Male,28,Frequent Traveller,Technology,40,5,Information Systems,Data Scientist,109172,Yes,19-11-2015,No,7,1,3,1,25-07-2018,4,3,4,2,0,4,4,4
7AA0-5766,Female,22,Frequent Traveller,Technology,28,4,Computer Science,Data Scientist,63571,No,28-12-2021,Yes,0,0,0,0,27-07-2018,3,4,3,1,1,4,3,3
6F50-08B6,Male,25,Frequent Traveller,Sales,25,1,Marketing ,Sales Executive,57030,No,20-03-2015,No,7,5,7,6,27-07-2018,4,5,2,1,0,2,3,2
F3A3-10CE,Male,40,Some Travel,Sales,37,4,Marketing,Sales Executive,226512,Yes,08-10-2020,Yes,2,1,1,1,28-07-2018,3,3,5,2,2,5,3,3
D69C-8F84,Female,40,Some Travel,Technology,26,3,Information Systems,Data Scientist,59899,No,06-02-2014,No,8,2,3,6,28-07-2018,4,5,4,3,0,3,5,5
CBCB-9C9D,Male,38,Some Travel,Sales,23,4,Marketing,Sales Executive,157718,Yes,04-01-2012,No,10,6,10,0,30-07-2018,5,2,5,2,0,2,5,5
1217-CE30,Female,45,Some Travel,Sales,34,3,Marketing,Sales Executive,173037,No,26-03-2013,No,9,4,9,3,30-07-2018,3,4,4,1,2,2,3,2
9DB1-8C59,Male,44,Some Travel,Technology,5,3,Business Studies,Software Engineer,48994,No,09-05-2014,No,8,7,7,3,30-07-2018,4,4,2,2,2,5,4,4
4A0E-9958,Male,26,Some Travel,Technology,6,4,Information Systems,Machine Learning Engineer,89771,Yes,04-10-2016,Yes,1,0,0,0,12-03-2014,3,4,5,3,3,5,3,2
AD8F-7539,Female,28,Some Travel,Sales,44,3,Economics,Sales Executive,304858,Yes,01-11-2015,No,7,5,7,2,30-07-2018,5,3,3,1,2,4,4,4
27CD-A6BF,Male,27,Some Travel,Technology,44,3,Computer Science,Software Engineer,45276,Yes,12-12-2015,No,7,6,6,2,31-07-2018,5,4,2,3,1,5,5,5
D825-CC31,Female,25,Some Travel,Technology,5,3,Computer Science,Machine Learning Engineer,44082,No,24-05-2015,No,7,3,4,2,31-07-2018,5,3,5,2,0,2,4,4
7A8C-2DD3,Female,30,Some Travel,Sales,35,3,Other,Sales Executive,160352,No,18-10-2013,No,9,0,5,4,01-08-2018,4,5,2,3,2,3,5,5
07AF-3631,Male,25,No Travel ,Sales,35,4,Marketing ,Sales Executive,149519,Yes,03-02-2016,No,6,2,4,3,02-08-2018,4,3,5,2,1,3,4,3
6EEF-5B17,Non-Binary,28,Some Travel,Technology,1,2,Business Studies,Engineering Manager,339731,No,14-07-2015,No,7,5,7,0,03-08-2018,4,5,3,2,1,5,3,3
CE90-763C,Female,27,Frequent Traveller,Technology,40,3,Information Systems,Data Scientist,31672,No,02-08-2015,No,7,1,3,6,03-08-2018,5,2,2,3,1,2,4,3
66BC-7AC0,Male,22,Frequent Traveller,Sales,33,3,Marketing,Sales Representative,33657,No,23-07-2018,Yes,3,0,2,0,04-08-2018,4,5,4,3,0,2,5,5
55D6-1423,Male,43,No Travel ,Technology,15,2,Other,Machine Learning Engineer,76826,No,14-04-2012,No,10,9,9,7,04-08-2018,5,3,2,1,0,3,5,5
ED73-F078,Female,45,Frequent Traveller,Technology,19,1,Computer Science,Software Engineer,136521,No,18-01-2012,No,10,3,6,1,04-08-2018,4,2,5,1,2,4,3,3
CFE3-312D,Male,21,Frequent Traveller,Sales,36,4,Other,Sales Executive,46452,Yes,08-11-2020,Yes,1,1,1,0,12-03-2014,5,2,4,1,2,5,3,3
AF77-0F6B,Female,36,Some Travel,Technology,21,4,Computer Science,Software Engineer,57327,No,24-04-2014,No,8,5,8,4,04-08-2018,5,3,4,3,2,3,4,3
67D7-9785,Female,38,Frequent Traveller,Technology,6,3,Information Systems,Senior Software Engineer,126515,No,27-02-2013,No,9,7,9,4,06-08-2018,4,5,4,1,2,3,5,4
BFE7-5EA8,Non-Binary,41,Frequent Traveller,Sales,3,3,Marketing ,Sales Executive,248987,No,19-07-2013,No,9,5,9,5,06-08-2018,4,2,4,1,1,3,4,4
5B0E-31FB,Male,37,Some Travel,Technology,22,2,Information Systems,Software Engineer,45927,No,26-08-2013,No,9,5,6,6,09-08-2018,5,3,3,1,3,5,5,4
A1DB-6C34,Female,27,Some Travel,Technology,13,4,Computer Science,Machine Learning Engineer,77039,No,18-06-2015,No,7,3,6,0,09-08-2018,5,5,5,2,0,4,4,3
2B08-7D3D,Male,45,Some Travel,Sales,19,4,Marketing ,Sales Representative,47326,No,29-02-2012,No,10,10,10,10,10-08-2018,5,2,5,3,0,2,5,5
9825-45EF,Non-Binary,36,No Travel ,Sales,31,2,Economics,Sales Representative,56937,No,17-04-2013,No,9,5,8,2,12-08-2018,3,4,3,2,0,3,3,2
69EC-7B13,Female,27,Some Travel,Sales,1,2,Technical Degree,Sales Representative,62496,No,27-10-2015,No,7,6,6,1,12-08-2018,3,4,5,3,0,3,3,2
040C-EDED,Male,22,Frequent Traveller,Technology,45,2,Computer Science,Software Engineer,26782,Yes,08-11-2019,Yes,3,0,2,0,13-08-2018,4,3,2,3,1,4,3,2
46ED-4007,Male,34,Frequent Traveller,Sales,40,3,Economics,Sales Executive,140097,No,27-09-2013,No,9,2,8,6,13-08-2018,3,2,3,1,2,4,4,4
EB8F-204D,Male,26,Some Travel,Technology,5,3,Other,Data Scientist,49045,No,13-01-2016,Yes,1,0,0,0,19-01-2013,3,5,3,2,1,4,5,5
2551-DD9B,Female,33,Some Travel,Technology,40,4,Computer Science,Senior Software Engineer,181244,No,15-01-2014,No,8,4,8,8,14-03-2014,5,5,3,3,1,4,4,4
9811-F345,Male,42,Some Travel,Technology,40,4,Computer Science,Data Scientist,142075,No,15-08-2013,No,9,9,9,4,13-08-2018,3,5,2,2,0,5,3,3
AFA8-5058,Male,20,Some Travel,Human Resources,8,4,Human Resources,Recruiter,26186,Yes,06-03-2020,Yes,2,0,0,0,14-08-2018,3,2,5,1,2,4,4,3
04D7-C8F3,Female,26,Some Travel,Technology,27,2,Computer Science,Data Scientist,42052,No,26-10-2015,No,7,7,7,2,14-08-2018,5,2,4,1,0,3,3,2
6112-8476,Female,43,Some Travel,Technology,18,1,Computer Science,Software Engineer,49882,No,02-02-2014,No,8,3,8,2,15-08-2018,4,3,3,1,1,2,5,4
D13E-E661,Male,36,Some Travel,Sales,38,2,Marketing,Sales Executive,298558,Yes,12-04-2013,No,9,4,4,7,15-08-2018,5,4,5,3,1,4,4,4
B24C-18BF,Male,26,No Travel ,Sales,5,2,Marketing,Sales Executive,93170,No,10-01-2016,No,6,3,6,1,15-08-2018,5,4,4,3,1,3,3,2
7E76-154C,Female,25,Some Travel,Technology,40,3,Business Studies,Machine Learning Engineer,75250,No,20-09-2018,No,4,1,4,0,15-08-2018,4,4,4,1,0,5,3,3
2A89-93B6,Female,24,Some Travel,Technology,13,4,Computer Science,Data Scientist,30117,No,21-08-2018,Yes,3,1,1,2,16-08-2018,5,4,2,2,2,3,4,4
41DC-E8B5,Male,47,Some Travel,Sales,17,3,Other,Sales Executive,106840,No,06-12-2014,No,8,3,4,8,16-08-2018,4,4,5,1,0,3,4,4
CA75-94D1,Male,41,Some Travel,Technology,16,2,Computer Science,Data Scientist,45989,No,17-06-2014,No,8,4,8,4,16-08-2018,3,3,3,3,1,4,5,5
4F28-CFAF,Female,25,Some Travel,Sales,11,3,Marketing,Sales Executive,53930,Yes,13-09-2018,Yes,3,2,3,1,15-03-2014,5,4,2,3,1,4,3,3
37EE-004B,Female,22,Some Travel,Technology,29,3,Information Systems,Data Scientist,28790,No,09-01-2019,Yes,3,1,1,2,17-08-2018,4,3,4,2,0,3,5,5
52DD-757F,Female,48,No Travel ,Technology,40,2,Information Systems,Machine Learning Engineer,92884,No,30-05-2012,No,10,5,9,2,17-08-2018,5,4,2,1,0,4,3,3
B76C-D9CE,Female,22,Some Travel,Human Resources,7,2,Economics,Recruiter,29322,Yes,31-01-2021,Yes,1,0,0,0,18-08-2018,3,2,3,2,1,4,4,4
DF11-9C46,Female,32,Some Travel,Technology,2,2,Computer Science,Software Engineer,152314,Yes,30-03-2013,No,9,4,6,0,18-08-2018,4,4,2,1,0,4,5,4
CDC1-C7CA,Female,25,Frequent Traveller,Sales,6,3,Marketing,Sales Executive,102569,No,12-09-2015,No,7,1,2,5,18-08-2018,5,4,3,2,0,4,4,3
79C5-FE9D,Non-Binary,28,Some Travel,Technology,5,3,Information Systems,Machine Learning Engineer,140377,Yes,02-06-2015,No,7,2,7,5,19-08-2018,3,2,3,3,0,5,5,4
F877-3BF9,Non-Binary,21,Frequent Traveller,Technology,29,4,Information Systems,Software Engineer,61345,No,07-08-2020,Yes,1,0,0,0,21-08-2018,4,4,2,2,0,5,5,4
2962-039F,Female,47,Some Travel,Technology,5,5,Information Systems,Data Scientist,133616,Yes,06-04-2012,No,10,9,9,0,21-08-2018,5,4,3,2,1,3,5,5
60B5-48ED,Male,30,Frequent Traveller,Sales,25,2,Marketing,Sales Executive,135919,No,08-11-2013,No,9,6,6,0,21-08-2018,3,4,4,3,0,2,3,2
267F-F71D,Female,27,Some Travel,Technology,40,4,Information Systems,Senior Software Engineer,112728,No,18-02-2015,No,7,5,6,4,22-08-2018,3,3,4,3,1,5,4,3
4500-37EB,Male,30,Frequent Traveller,Sales,40,2,Marketing,Sales Representative,44632,No,26-03-2013,Yes,1,0,0,0,17-03-2014,3,2,2,3,0,3,4,3
16FB-8835,Female,46,Frequent Traveller,Technology,24,3,Computer Science,Engineering Manager,514945,Yes,05-02-2013,No,9,4,7,7,23-08-2018,5,5,3,3,0,2,3,2
17AE-E715,Male,31,Frequent Traveller,Technology,38,1,Computer Science,Analytics Manager,547204,Yes,28-09-2014,No,8,7,8,5,24-08-2018,4,3,3,2,2,2,5,5
D186-CBF5,Female,19,Some Travel,Sales,21,3,Marketing,Sales Representative,33454,Yes,19-05-2022,Yes,0,0,0,0,25-08-2018,5,5,3,3,1,5,3,2
5605-237E,Female,26,Some Travel,Technology,7,3,Computer Science,Data Scientist,34047,Yes,03-12-2015,No,7,4,4,2,25-08-2018,5,2,2,2,2,4,4,3
65A0-5D04,Female,28,Frequent Traveller,Technology,20,1,Computer Science,Data Scientist,62016,No,02-06-2015,No,7,6,6,4,26-08-2018,3,4,2,3,0,5,5,5
4FD5-CC71,Female,22,Some Travel,Technology,31,4,Information Systems,Software Engineer,75738,Yes,23-02-2019,Yes,3,1,2,0,27-08-2018,4,4,4,1,3,2,4,4
993B-186B,Male,27,Some Travel,Sales,7,3,Marketing,Sales Executive,73918,No,21-10-2015,No,7,3,4,1,29-08-2018,4,5,4,3,1,3,5,4
15B3-F392,Female,39,Some Travel,Sales,37,3,Economics,Sales Representative,65612,No,23-02-2014,No,8,2,8,7,30-08-2018,3,2,2,2,3,2,5,5
E616-CAD8,Female,27,Some Travel,Technology,1,3,Information Systems,Engineering Manager,200409,No,17-09-2015,No,7,5,6,1,31-08-2018,4,2,4,2,0,3,5,4
134B-4157,Male,37,Some Travel,Technology,29,3,Computer Science,Analytics Manager,513608,No,03-09-2013,No,9,4,7,3,01-09-2018,5,4,4,2,0,5,5,5
528C-3E0D,Male,30,Some Travel,Technology,4,1,Information Systems,Data Scientist,42045,Yes,15-10-2013,Yes,6,0,3,3,17-03-2014,3,2,2,3,1,5,4,3
BD97-F94D,Male,26,Some Travel,Technology,8,2,Information Systems,Software Engineer,50614,No,25-12-2015,No,7,7,7,2,01-09-2018,4,4,2,1,2,2,3,3
2DD1-FD7F,Male,22,Some Travel,Technology,3,3,Computer Science,Data Scientist,34753,Yes,18-07-2018,Yes,1,0,0,0,02-09-2018,5,3,5,1,2,2,5,4
C730-6B13,Female,32,Some Travel,Technology,20,4,Computer Science,Data Scientist,85884,No,31-10-2013,No,9,9,9,5,02-09-2018,3,4,3,2,0,3,4,4
D6A7-EF72,Female,40,Some Travel,Human Resources,7,4,Technical Degree,Recruiter,70703,No,04-12-2013,No,9,0,9,7,03-09-2018,3,4,3,1,3,3,5,5
2ED2-2CEC,Male,44,Frequent Traveller,Technology,18,3,Computer Science,Senior Software Engineer,102708,Yes,03-11-2014,No,8,3,4,7,03-09-2018,5,5,3,1,1,5,4,3
39A2-9B0A,Female,19,Frequent Traveller,Sales,35,4,Marketing ,Sales Representative,24959,No,25-10-2022,Yes,0,0,0,0,04-09-2018,3,3,3,1,2,5,3,3
F5C3-07B0,Female,26,Some Travel,Technology,16,3,Computer Science,Software Engineer,25110,No,03-09-2015,No,7,1,5,0,04-09-2018,4,4,4,3,1,4,3,3
71CC-7412,Prefer Not To Say,25,Some Travel,Technology,4,2,Computer Science,Engineering Manager,179602,No,01-03-2015,No,7,6,6,6,05-09-2018,5,2,2,3,0,2,5,4
B09D-DFEC,Male,47,Some Travel,Technology,37,1,Information Systems,Data Scientist,62999,No,06-04-2013,No,9,2,3,7,06-09-2018,5,4,5,2,3,4,3,3
D014-7DB2,Female,20,Some Travel,Sales,16,3,Marketing ,Sales Representative,35754,No,24-08-2020,Yes,0,0,0,0,08-09-2018,4,3,2,1,1,5,5,5
9727-BC84,Male,31,Some Travel,Sales,15,3,Marketing,Sales Executive,187930,No,07-04-2012,Yes,3,2,2,0,19-03-2014,4,4,4,1,1,5,4,3
07F1-62C3,Male,27,Frequent Traveller,Technology,9,4,Computer Science,Software Engineer,39001,Yes,03-03-2015,No,7,7,7,4,08-09-2018,5,2,5,2,3,5,3,3
9F02-0D39,Female,27,Some Travel,Technology,9,2,Computer Science,Analytics Manager,252301,No,30-05-2015,No,7,1,6,5,09-09-2018,3,4,5,2,1,3,4,3
C973-E8E5,Male,26,Some Travel,Technology,2,3,Computer Science,Software Engineer,57722,Yes,30-06-2017,No,5,4,4,0,09-09-2018,4,2,4,2,1,2,5,5
1D35-190A,Female,35,Some Travel,Human Resources,18,4,Marketing ,HR Executive,132563,Yes,22-09-2013,No,9,1,6,9,11-09-2018,3,2,5,1,0,3,3,3
4404-DE5A,Female,32,Some Travel,Technology,39,1,Computer Science,Software Engineer,68256,No,10-05-2012,No,10,7,9,6,12-09-2018,3,4,2,2,1,2,4,4
8F78-4A32,Male,25,No Travel ,Technology,12,3,Information Systems,Data Scientist,31962,No,14-03-2015,No,7,2,7,4,12-09-2018,3,5,5,1,0,5,3,3
BB09-BF7F,Female,27,Some Travel,Sales,45,2,Economics,Sales Executive,57102,No,29-11-2015,No,7,6,6,4,12-09-2018,5,5,3,2,0,5,3,2
6135-885F,Female,18,Frequent Traveller,Technology,8,3,Computer Science,Software Engineer,31894,Yes,31-08-2022,Yes,0,0,0,0,14-09-2018,5,3,3,1,0,4,4,3
7623-9AF1,Female,26,Some Travel,Technology,18,3,Information Systems,Data Scientist,46809,No,29-06-2017,No,5,0,0,2,15-09-2018,4,3,4,1,0,2,4,3
3F19-FC5A,Male,35,Some Travel,Sales,29,5,Marketing,Sales Executive,182764,Yes,10-03-2012,No,10,7,9,9,16-09-2018,5,5,2,1,2,2,4,4
DA8E-9496,Male,27,Some Travel,Technology,22,2,Computer Science,Data Scientist,56449,Yes,04-10-2016,Yes,3,1,1,2,19-03-2014,3,4,5,3,0,4,3,3
A71E-A9DC,Female,31,Frequent Traveller,Sales,21,3,Marketing,Sales Executive,253719,No,12-02-2013,No,9,2,4,3,16-09-2018,5,4,3,1,2,3,4,3
5741-0022,Female,25,Some Travel,Technology,43,1,Computer Science,Engineering Manager,190198,No,18-05-2015,No,7,0,2,3,19-09-2018,5,5,2,1,1,2,4,3
2FC8-999D,Female,27,Some Travel,Technology,30,2,Information Systems,Analytics Manager,240633,No,22-01-2015,No,7,1,6,7,20-09-2018,3,4,2,3,2,2,5,5
3476-CA56,Female,24,Some Travel,Sales,16,3,Economics,Sales Representative,25102,No,05-06-2019,Yes,1,0,0,0,21-09-2018,4,3,5,3,1,2,4,3
80BE-E2B5,Female,29,Some Travel,Technology,29,3,Computer Science,Senior Software Engineer,110744,No,02-03-2014,No,8,8,8,1,21-09-2018,4,3,4,1,2,3,4,3
07F5-A45D,Male,24,Frequent Traveller,Sales,23,2,Economics,Sales Representative,38448,Yes,09-08-2018,Yes,4,3,3,2,22-09-2018,4,5,4,2,0,5,5,5
E430-E462,Male,28,Some Travel,Technology,38,3,Information Systems,Senior Software Engineer,194982,No,25-05-2015,No,7,2,7,2,23-09-2018,4,5,4,2,0,5,3,3
46D6-CA7A,Male,27,Frequent Traveller,Technology,16,4,Information Systems,Senior Software Engineer,75275,No,19-01-2016,No,6,4,5,5,23-09-2018,5,3,4,2,2,4,3,2
E7D3-03C9,Male,42,Some Travel,Sales,26,4,Marketing,Sales Executive,91179,No,30-05-2012,No,10,7,9,0,24-09-2018,3,2,2,2,0,5,4,3
DF7E-3233,Male,47,Some Travel,Sales,23,3,Marketing,Sales Representative,44646,No,02-12-2014,No,8,5,5,4,25-09-2018,4,5,2,1,1,3,5,5
DEC5-9319,Male,23,Some Travel,Technology,5,3,Information Systems,Software Engineer,63709,No,14-04-2017,Yes,1,0,0,0,19-03-2014,3,4,5,3,1,3,4,4
7F61-2397,Non-Binary,41,No Travel ,Technology,26,4,Computer Science,Analytics Manager,283081,Yes,03-09-2018,Yes,4,1,3,2,26-09-2018,3,5,2,2,0,3,3,3
EB81-3E51,Female,41,Some Travel,Technology,18,4,Information Systems,Senior Software Engineer,268964,No,01-07-2019,Yes,3,1,1,0,26-09-2018,5,3,3,3,3,5,4,4
C1B4-46B2,Male,27,No Travel ,Technology,21,4,Information Systems,Senior Software Engineer,73326,No,02-09-2015,No,7,0,5,0,26-09-2018,3,3,5,1,0,2,4,4
469A-8121,Male,30,Some Travel,Technology,36,4,Information Systems,Engineering Manager,328415,No,20-01-2012,No,10,1,10,1,27-09-2018,5,5,2,1,1,5,5,4
1CB3-F7D7,Female,21,No Travel ,Sales,6,4,Other,Sales Executive,43259,No,03-11-2022,Yes,0,0,0,0,28-09-2018,5,3,5,3,3,4,5,4
9085-1FE8,Female,35,Some Travel,Technology,32,2,Business Studies,Data Scientist,119917,Yes,15-05-2012,No,10,5,7,4,28-09-2018,3,3,3,1,1,4,4,3
F890-975A,Female,48,Some Travel,Technology,35,2,Information Systems,Engineering Manager,314656,No,09-07-2013,No,9,7,8,3,28-09-2018,4,2,2,3,1,3,5,4
B990-35DA,Female,47,Some Travel,Technology,7,3,Information Systems,Data Scientist,116165,No,27-10-2013,No,9,0,7,8,29-09-2018,5,5,4,3,0,2,3,2
E62F-4FF7,Male,27,Some Travel,Technology,27,4,Information Systems,Machine Learning Engineer,92522,No,22-02-2015,No,7,4,5,2,29-09-2018,5,4,3,1,1,2,5,5
5C7B-86C0,Female,32,Some Travel,Technology,31,4,Business Studies,Senior Software Engineer,186169,No,26-07-2014,No,8,2,6,0,30-09-2018,5,2,5,3,1,3,3,3
0FC3-2572,Female,24,No Travel ,Sales,30,4,Marketing ,Sales Representative,28898,No,15-11-2019,No,3,0,1,0,21-03-2014,3,2,4,1,2,4,4,4
130F-32AB,Female,20,Some Travel,Technology,6,1,Computer Science,Software Engineer,30714,Yes,05-06-2020,Yes,2,0,1,1,01-10-2018,4,3,3,1,0,2,4,4
B34E-95FF,Male,25,Some Travel,Sales,33,5,Marketing,Sales Executive,87347,Yes,09-11-2019,Yes,2,1,1,0,01-10-2018,3,2,5,3,2,4,5,4
87D2-8B67,Female,45,Some Travel,Technology,34,2,Information Systems,Machine Learning Engineer,152278,Yes,18-04-2012,No,10,8,8,2,01-10-2018,4,3,4,3,2,3,5,4
2C7D-F9F1,Male,30,Some Travel,Technology,45,2,Business Studies,Machine Learning Engineer,262409,No,20-12-2013,No,9,8,9,8,01-10-2018,3,2,5,1,1,3,4,4
B102-5713,Non-Binary,27,Some Travel,Sales,31,5,Marketing ,Manager,205622,No,19-08-2015,No,7,5,5,3,01-10-2018,4,4,3,1,2,2,5,4
277A-A6FA,Female,35,Some Travel,Technology,8,4,Information Systems,Machine Learning Engineer,272175,No,12-01-2012,No,10,7,8,2,03-10-2018,3,4,3,1,2,2,4,4
825E-0B3A,Male,30,Some Travel,Technology,26,3,Information Systems,Machine Learning Engineer,94791,No,27-12-2013,No,9,9,9,0,04-10-2018,3,2,5,2,0,3,3,3
6C86-3DC0,Male,31,Some Travel,Technology,20,2,Computer Science,Senior Software Engineer,149482,Yes,22-08-2014,No,8,3,7,2,04-10-2018,3,5,3,3,1,5,5,4
D4D7-3C3F,Female,28,Some Travel,Technology,27,2,Information Systems,Machine Learning Engineer,117918,No,02-12-2014,No,8,3,8,7,04-10-2018,3,2,2,2,0,5,3,2
3DB7-2942,Female,27,Some Travel,Technology,3,2,Computer Science,Engineering Manager,137012,No,16-08-2015,No,7,6,7,7,04-10-2018,4,2,4,1,1,2,3,2
E1B4-9AA1,Female,46,Some Travel,Sales,36,3,Marketing ,Sales Executive,96188,Yes,26-04-2012,Yes,9,8,9,5,23-03-2014,3,3,5,1,3,4,5,4
0FE8-B881,Male,25,Some Travel,Sales,12,3,Marketing ,Sales Executive,118048,No,14-09-2018,No,4,4,4,3,04-10-2018,3,5,2,1,3,3,3,2
022A-0219,Female,32,Frequent Traveller,Technology,14,3,Business Studies,Software Engineer,86639,No,21-05-2012,No,10,3,9,5,08-10-2018,4,5,4,3,0,2,5,4
817D-28CE,Female,22,Frequent Traveller,Technology,30,3,Computer Science,Data Scientist,40614,Yes,29-07-2020,Yes,0,0,0,0,09-10-2018,3,4,5,2,0,5,5,5
EC6A-DD76,Female,20,Frequent Traveller,Technology,31,3,Information Systems,Data Scientist,37361,No,13-09-2021,Yes,0,0,0,0,09-10-2018,5,5,4,1,0,2,5,4
8365-EB74,Male,40,Frequent Traveller,Technology,14,2,Information Systems,Data Scientist,43854,No,19-08-2013,No,9,4,9,2,09-10-2018,5,3,2,2,2,4,4,4
F401-1B75,Non-Binary,27,Some Travel,Technology,5,2,Computer Science,Software Engineer,26542,No,05-10-2015,No,7,1,7,5,09-10-2018,3,3,4,2,1,3,5,4
7589-66E3,Male,47,Frequent Traveller,Sales,42,3,Marketing,Sales Executive,232155,No,30-10-2014,No,8,7,7,3,10-10-2018,5,3,3,2,2,3,4,3
12A7-AFD6,Non-Binary,24,Some Travel,Sales,22,3,Marketing,Sales Executive,53530,Yes,19-09-2018,No,4,3,3,1,10-10-2018,4,3,5,3,1,4,3,2
FAC0-942B,Male,32,Some Travel,Technology,30,4,Computer Science,Software Engineer,48377,Yes,21-12-2014,No,8,5,5,6,14-10-2018,5,4,4,3,2,3,3,2
278C-D482,Female,26,No Travel ,Technology,20,3,Business Studies,Software Engineer,28751,No,15-06-2015,No,7,6,6,2,14-10-2018,3,5,3,3,1,4,3,3
3CD6-5587,Female,31,Some Travel,Technology,20,2,Computer Science,Software Engineer,59697,Yes,02-02-2012,Yes,7,5,6,0,24-03-2014,4,4,5,1,0,2,3,2
15D4-53C2,Prefer Not To Say,33,Some Travel,Sales,30,3,Economics,Sales Executive,90726,No,17-09-2014,No,8,0,5,1,15-10-2018,4,5,3,2,3,4,4,4
2250-86C5,Prefer Not To Say,41,Some Travel,Sales,33,1,Marketing ,Sales Executive,119592,Yes,06-05-2014,No,8,7,8,2,15-10-2018,5,5,5,1,1,5,3,3
5C48-9106,Male,37,Frequent Traveller,Technology,15,4,Computer Science,Data Scientist,53929,No,15-11-2014,No,8,7,7,5,15-10-2018,3,4,2,1,1,3,5,5
8DA7-0090,Non-Binary,41,Some Travel,Human Resources,11,2,Economics,HR Business Partner,445906,Yes,01-04-2015,No,7,1,5,4,15-10-2018,4,5,3,3,3,2,4,3
30CB-BCD0,Female,38,Frequent Traveller,Technology,31,3,Computer Science,Data Scientist,90187,Yes,27-06-2014,No,8,4,5,2,16-10-2018,4,2,4,2,2,5,3,3
45FF-ACE6,Female,28,Some Travel,Sales,13,3,Marketing ,Sales Executive,207479,No,19-07-2020,Yes,1,0,0,0,17-10-2018,3,3,3,1,2,2,3,3
AA19-95BD,Male,33,Some Travel,Sales,43,4,Marketing,Sales Executive,165988,Yes,08-05-2021,Yes,1,0,0,0,17-10-2018,4,5,4,3,0,3,4,4
FEEC-A663,Non-Binary,27,Some Travel,Technology,1,1,Information Systems,Software Engineer,48442,No,17-04-2015,No,7,3,4,5,17-10-2018,3,2,2,2,1,5,5,5
7269-88EC,Female,28,Frequent Traveller,Technology,31,1,Other,Senior Software Engineer,176282,Yes,23-04-2019,Yes,2,0,1,0,18-10-2018,3,4,4,3,0,3,5,4
465A-91D1,Female,42,Some Travel,Sales,36,1,Marketing ,Sales Representative,43753,No,01-05-2013,No,9,0,1,1,19-10-2018,4,2,5,3,1,2,5,4
606E-A262,Male,28,Some Travel,Technology,27,1,Information Systems,Analytics Manager,277344,Yes,02-07-2013,Yes,3,1,1,1,20-01-2013,4,2,2,3,2,4,5,4
BAFA-86DF,Male,26,No Travel ,Technology,15,4,Business Studies,Software Engineer,35373,Yes,02-08-2017,Yes,4,3,3,0,24-03-2014,4,5,3,1,1,2,5,5
6F3E-2A75,Male,28,Frequent Traveller,Sales,4,4,Other,Sales Executive,110839,No,12-11-2013,No,9,8,8,4,20-10-2018,4,3,2,1,0,5,3,3
CD0F-DE05,Female,28,No Travel ,Technology,43,3,Computer Science,Software Engineer,50175,No,18-07-2013,No,9,9,9,3,20-10-2018,4,5,4,2,1,2,4,4
851C-E7E2,Male,27,Some Travel,Technology,14,2,Information Systems,Machine Learning Engineer,120049,No,07-11-2015,No,7,1,6,1,21-10-2018,5,3,2,1,0,3,4,3
21CB-EF3E,Female,36,Some Travel,Technology,4,3,Information Systems,Senior Software Engineer,208338,No,07-04-2012,No,10,10,10,1,22-10-2018,3,4,5,2,0,3,4,3
31FB-D496,Female,25,Some Travel,Technology,5,4,Other,Software Engineer,51454,No,17-04-2015,No,7,1,6,7,22-10-2018,3,4,4,3,1,3,4,3
A76C-AEB3,Male,25,Some Travel,Technology,10,3,Business Studies,Machine Learning Engineer,145905,Yes,07-06-2015,No,7,3,3,2,24-10-2018,5,2,2,2,1,5,4,4
2E9A-BD2E,Male,36,Some Travel,Sales,13,5,Marketing ,Manager,432191,No,27-09-2013,No,9,1,8,0,25-10-2018,3,4,4,3,0,4,3,2
7378-5351,Female,35,Some Travel,Technology,43,1,Business Studies,Engineering Manager,243863,Yes,04-02-2014,No,8,1,6,6,25-10-2018,4,4,2,3,0,2,5,4
CEE0-94C3,Male,42,Some Travel,Sales,12,1,Technical Degree,Sales Representative,70535,No,29-09-2013,No,9,3,8,5,25-10-2018,4,4,3,1,1,4,4,4
9C7D-E1B1,Male,22,Some Travel,Technology,26,3,Information Systems,Machine Learning Engineer,62509,No,23-10-2019,Yes,1,0,0,0,26-10-2018,4,4,1,2,0,2,3,2
5160-53BD,Non-Binary,29,Some Travel,Technology,24,3,Computer Science,Software Engineer,41307,No,19-08-2014,Yes,0,0,0,0,25-03-2014,5,2,3,2,1,4,5,5
D199-1896,Female,42,Some Travel,Sales,39,3,Economics,Sales Executive,206277,No,02-05-2012,No,10,6,10,1,26-10-2018,1,4,2,3,3,2,5,5
7F91-C628,Non-Binary,36,Frequent Traveller,Technology,14,1,Information Systems,Data Scientist,43358,No,07-05-2013,No,9,0,9,5,26-10-2018,3,1,1,3,3,1,4,3
B341-8D6A,Female,40,No Travel ,Technology,26,1,Business Studies,Software Engineer,48125,No,14-03-2014,No,8,5,8,2,26-10-2018,4,3,2,1,3,4,5,4
2698-A448,Male,43,Some Travel,Technology,40,3,Information Systems,Software Engineer,63511,No,31-12-2014,No,8,5,7,4,27-10-2018,4,3,1,3,1,1,4,3
8C57-8F84,Male,20,Frequent Traveller,Technology,45,2,Information Systems,Software Engineer,22773,Yes,14-04-2021,Yes,1,0,0,0,28-10-2018,2,3,2,3,1,1,5,4
9E22-6287,Non-Binary,48,Some Travel,Technology,37,3,Computer Science,Machine Learning Engineer,145337,No,21-01-2012,No,10,10,10,0,29-10-2018,3,3,5,1,2,5,5,5
8F7F-015D,Male,28,Some Travel,Technology,43,4,Information Systems,Engineering Manager,249071,No,24-08-2015,No,7,5,5,6,29-10-2018,5,4,2,3,0,3,3,2
3012-1A41,Female,30,Some Travel,Sales,27,5,Marketing,Sales Executive,102059,No,03-01-2012,No,10,4,9,7,30-10-2018,5,5,4,3,0,4,5,5
6280-B47F,Male,25,Frequent Traveller,Technology,39,4,Computer Science,Software Engineer,26545,Yes,21-06-2022,Yes,0,0,0,0,31-10-2018,3,4,2,1,1,4,4,3
0868-097F,Non-Binary,33,Some Travel,Technology,26,3,Information Systems,Engineering Manager,267009,No,23-09-2013,No,9,0,1,7,31-10-2018,5,2,2,3,1,5,5,4
81FF-8D6C,Female,24,Some Travel,Sales,13,3,Economics,Sales Representative,24095,No,28-04-2018,Yes,2,2,2,1,25-03-2014,4,2,3,3,0,3,4,4
7B9D-8612,Female,32,Some Travel,Sales,9,2,Marketing ,Sales Executive,133865,Yes,12-03-2013,No,9,3,3,0,31-10-2018,3,2,5,1,1,4,4,4
C1C6-F683,Male,45,Frequent Traveller,Technology,6,4,Information Systems,Software Engineer,92613,Yes,23-11-2013,No,9,6,6,2,01-11-2018,4,3,4,1,0,2,4,3
EBBD-37D4,Non-Binary,35,Some Travel,Sales,26,4,Marketing,Sales Executive,98435,No,23-04-2012,No,10,7,9,9,02-11-2018,5,5,3,1,1,4,3,3
0240-4D29,Non-Binary,35,Some Travel,Technology,31,4,Computer Science,Software Engineer,77269,No,13-09-2014,No,8,8,8,6,02-11-2018,3,5,5,3,0,3,5,5
7FA1-BC64,Male,19,Some Travel,Technology,7,3,Information Systems,Software Engineer,30896,Yes,17-03-2021,Yes,1,0,0,0,03-11-2018,3,2,5,2,0,4,4,4
D245-5D80,Male,26,Some Travel,Technology,10,4,Information Systems,Senior Software Engineer,148080,Yes,03-05-2015,No,7,7,7,1,03-11-2018,5,4,3,2,3,4,3,3
DD78-E811,Female,38,Some Travel,Technology,25,2,Other,Data Scientist,60549,No,05-06-2013,No,9,5,6,6,04-11-2018,3,3,4,3,0,4,5,5
EC6E-7F42,Male,42,Frequent Traveller,Technology,28,3,Computer Science,Senior Software Engineer,264513,No,08-07-2020,Yes,1,0,0,1,05-11-2018,3,3,5,3,0,5,5,5
2407-5A4E,Male,40,Some Travel,Technology,22,1,Business Studies,Data Scientist,38849,No,06-06-2014,No,8,6,6,3,05-11-2018,4,4,5,1,0,3,4,3
1363-6BF9,Male,36,Some Travel,Technology,10,3,Business Studies,Senior Software Engineer,189405,No,23-05-2013,No,9,4,6,7,06-11-2018,3,3,2,2,0,4,5,4
84E7-02D4,Male,26,Some Travel,Technology,41,5,Business Studies,Machine Learning Engineer,161600,No,07-12-2017,Yes,5,0,2,0,26-03-2014,5,3,5,3,0,5,4,3
1C24-233B,Non-Binary,40,Some Travel,Technology,30,4,Computer Science,Machine Learning Engineer,145328,No,09-12-2013,No,9,0,9,9,06-11-2018,5,2,5,3,2,3,5,5
67ED-A630,Male,29,Some Travel,Sales,38,4,Marketing,Sales Executive,102061,No,17-01-2013,No,9,5,9,5,06-11-2018,4,5,2,3,0,5,5,4
CC7A-EE97,Male,31,Some Travel,Technology,10,3,Computer Science,Senior Software Engineer,168087,No,24-06-2014,No,8,4,7,3,06-11-2018,3,2,3,2,1,4,4,4
FD95-9EEB,Male,30,Some Travel,Technology,19,4,Business Studies,Data Scientist,96187,Yes,19-11-2020,Yes,0,0,0,0,07-11-2018,3,2,3,2,0,4,5,5
4C62-5BE8,Non-Binary,39,Frequent Traveller,Technology,4,1,Business Studies,Software Engineer,87879,Yes,25-05-2013,No,9,6,8,9,07-11-2018,5,4,5,2,3,4,4,3
B679-F7C9,Male,29,Some Travel,Technology,36,5,Business Studies,Software Engineer,113448,Yes,31-12-2015,No,7,0,4,1,07-11-2018,5,4,2,3,1,4,3,3
AFDF-3DA8,Male,41,Some Travel,Sales,35,1,Marketing,Manager,314961,No,23-05-2021,Yes,0,0,0,0,08-11-2018,5,4,3,1,0,4,3,2
3642-EEAE,Female,48,Some Travel,Technology,43,3,Information Systems,Data Scientist,56053,No,27-06-2014,No,8,6,8,4,08-11-2018,4,3,5,3,1,2,5,5
BAB4-3AC8,Female,25,No Travel ,Technology,24,4,Computer Science,Software Engineer,44146,No,08-01-2016,No,6,1,1,3,08-11-2018,4,5,3,3,2,4,5,5
BFF3-AADC,Female,31,No Travel ,Human Resources,25,2,Marketing ,Recruiter,55682,No,25-01-2012,No,10,0,2,0,09-11-2018,3,5,5,1,3,3,3,2
6010-A052,Female,20,Some Travel,Technology,26,4,Business Studies,Software Engineer,37094,No,02-03-2020,Yes,1,0,0,0,26-03-2014,3,2,2,2,1,3,4,3
AB4A-E71A,Male,43,Some Travel,Sales,3,3,Marketing,Manager,429939,Yes,05-09-2013,No,9,3,3,7,09-11-2018,4,4,4,1,2,4,3,3
D871-1F74,Female,32,Frequent Traveller,Technology,40,5,Computer Science,Data Scientist,60759,No,22-06-2014,No,8,0,6,3,09-11-2018,3,2,5,3,1,3,3,3
4FC2-A40D,Female,32,No Travel ,Technology,12,3,Computer Science,Engineering Manager,316725,No,02-02-2012,No,10,6,10,2,10-11-2018,5,3,4,3,1,3,4,4
3E4A-F28F,Female,20,Some Travel,Technology,45,2,Information Systems,Senior Software Engineer,41877,No,02-11-2022,Yes,0,0,0,0,11-11-2018,5,2,3,1,3,3,5,5
F578-F0C8,Female,21,Some Travel,Technology,6,5,Business Studies,Software Engineer,25149,No,03-11-2020,Yes,1,1,1,1,11-11-2018,5,3,5,1,1,5,5,5
2A04-49D1,Non-Binary,41,Some Travel,Technology,11,5,Information Systems,Engineering Manager,372980,No,22-08-2013,No,9,1,2,3,11-11-2018,5,3,5,1,0,2,5,5
F9E1-87E9,Female,33,No Travel ,Sales,41,2,Economics,Sales Executive,193190,Yes,22-04-2014,No,8,0,3,4,12-11-2018,4,4,3,2,0,4,4,3
A696-1216,Female,36,Some Travel,Sales,37,3,Marketing ,Sales Executive,192475,No,20-07-2014,No,8,2,2,0,13-11-2018,5,5,2,2,0,4,4,4
9728-1A5B,Male,48,Some Travel,Sales,33,2,Marketing ,Sales Executive,191771,No,17-05-2012,No,10,0,10,4,14-11-2018,5,5,3,3,1,5,5,4
4565-62DE,Male,37,Some Travel,Technology,29,3,Computer Science,Machine Learning Engineer,155506,No,18-03-2014,No,8,8,8,8,15-11-2018,3,3,2,2,3,3,3,3
E9AB-3F99,Prefer Not To Say,45,Some Travel,Technology,5,4,Computer Science,Machine Learning Engineer,241664,No,27-03-2021,No,1,1,1,0,26-03-2014,5,3,4,1,0,3,4,3
C395-8C36,Male,33,Some Travel,Human Resources,3,1,Technical Degree,Recruiter,53616,Yes,19-01-2012,No,10,2,3,7,17-11-2018,3,5,3,3,0,3,4,3
B063-A2B5,Male,41,Some Travel,Sales,11,1,Marketing,Sales Executive,81654,No,28-11-2014,No,8,3,4,7,17-11-2018,4,3,2,1,2,2,5,5
FB5B-C127,Female,25,Some Travel,Technology,42,3,Computer Science,Software Engineer,70068,No,29-12-2015,No,7,4,6,7,17-11-2018,5,2,3,1,0,5,3,3
C25C-C434,Female,35,Frequent Traveller,Technology,39,4,Computer Science,Software Engineer,71257,No,01-05-2012,No,10,1,6,10,18-11-2018,5,3,4,2,0,2,4,3
4DA0-81D7,Male,28,Some Travel,Human Resources,34,2,Marketing ,HR Executive,94534,No,11-05-2013,No,9,3,3,1,18-11-2018,3,2,3,3,1,3,5,5
7DD6-128C,Female,32,No Travel ,Sales,2,4,Marketing,Sales Executive,114246,No,26-07-2014,No,8,3,6,5,18-11-2018,4,2,5,2,0,5,5,4
0145-DBFC,Female,34,No Travel ,Technology,8,4,Information Systems,Data Scientist,104268,No,10-02-2014,No,8,7,7,7,19-11-2018,5,5,3,3,1,4,5,5
8292-6635,Male,26,Some Travel,Sales,14,4,Marketing ,Sales Executive,127450,No,11-07-2015,No,7,0,0,1,19-11-2018,5,4,5,2,0,3,4,3
085C-7FC2,Male,47,No Travel ,Sales,17,4,Other,Sales Executive,176158,No,13-04-2012,No,10,9,10,2,20-11-2018,5,5,5,1,2,5,5,5
7FFD-C810,Female,32,Some Travel,Technology,22,2,Other,Data Scientist,75821,No,30-01-2012,No,10,1,5,1,21-11-2018,4,3,4,3,0,4,4,3
6176-3BEE,Male,29,Some Travel,Sales,20,3,Marketing ,Sales Executive,149688,Yes,04-02-2013,Yes,2,2,2,2,28-03-2014,5,5,2,3,0,4,3,3
9360-3A68,Female,27,No Travel ,Technology,12,3,Information Systems,Data Scientist,41524,No,12-11-2015,No,7,6,6,6,21-11-2018,4,4,3,1,2,3,3,3
C219-6C2E,Male,34,Some Travel,Sales,30,2,Marketing,Sales Executive,133468,No,05-01-2012,No,10,3,7,9,22-11-2018,3,4,2,2,0,3,5,5
1749-81A2,Female,48,Some Travel,Technology,17,3,Information Systems,Software Engineer,65860,No,01-02-2012,No,10,6,7,1,23-11-2018,3,2,2,2,1,4,5,4
C22D-CE5F,Female,42,Frequent Traveller,Sales,37,3,Marketing ,Sales Executive,189256,No,10-07-2014,No,8,1,2,2,24-11-2018,4,3,2,2,2,2,3,3
E523-D168,Male,27,Some Travel,Sales,42,2,Technical Degree,Sales Executive,68638,Yes,10-03-2015,No,7,7,7,0,24-11-2018,5,5,5,2,1,4,5,4
5B11-3DB3,Female,24,Some Travel,Sales,43,4,Economics,Sales Executive,144335,No,11-10-2018,Yes,0,0,0,0,25-11-2018,3,4,4,3,3,3,5,5
6A2B-42DB,Female,21,Frequent Traveller,Technology,41,2,Information Systems,Software Engineer,23612,Yes,28-09-2022,Yes,0,0,0,0,25-11-2018,3,5,2,1,2,3,4,3
F838-C681,Male,32,Some Travel,Technology,22,4,Business Studies,Software Engineer,72688,No,06-05-2013,No,9,3,3,8,25-11-2018,4,2,3,3,0,4,5,4
3994-472A,Male,29,Some Travel,Technology,33,3,Computer Science,Software Engineer,153909,No,23-04-2012,No,10,10,10,2,26-11-2018,5,4,4,2,1,5,5,4
12B5-11CC,Female,30,Some Travel,Technology,8,3,Information Systems,Software Engineer,70771,No,08-03-2012,No,10,9,9,2,27-11-2018,4,4,5,1,1,5,3,2
47A0-559B,Non-Binary,39,Some Travel,Technology,12,3,Computer Science,Engineering Manager,293132,No,05-01-2012,No,10,10,10,0,28-03-2014,3,5,5,1,2,2,5,5
4969-9A35,Non-Binary,39,Frequent Traveller,Technology,8,4,Information Systems,Software Engineer,137427,Yes,04-03-2012,No,10,9,10,8,28-11-2018,5,4,5,1,2,5,3,2
2BEA-43B2,Male,48,Some Travel,Technology,44,1,Computer Science,Software Engineer,103198,No,03-04-2013,No,9,7,9,2,28-11-2018,5,3,5,3,2,5,5,5
C54B-DBC5,Female,33,Frequent Traveller,Sales,33,5,Marketing,Sales Executive,115114,No,12-11-2013,No,9,9,9,6,29-11-2018,3,3,5,3,0,4,5,4
B312-7192,Female,39,No Travel ,Sales,12,2,Marketing ,Sales Executive,89351,No,11-11-2014,No,8,2,2,0,29-11-2018,5,5,2,1,1,5,5,5
296A-A685,Female,27,No Travel ,Technology,34,2,Business Studies,Data Scientist,30783,No,03-02-2015,No,7,7,7,2,30-11-2018,5,2,5,2,1,3,4,3
9FE1-0345,Male,28,Some Travel,Technology,6,1,Information Systems,Data Scientist,87175,No,21-04-2012,No,10,6,10,7,01-12-2018,5,3,3,2,0,2,5,5
F265-79B0,Female,37,Frequent Traveller,Technology,14,4,Computer Science,Machine Learning Engineer,99936,No,01-05-2012,No,10,9,10,6,01-12-2018,4,3,2,1,0,4,3,3
4886-62DF,Female,48,Some Travel,Technology,45,3,Other,Senior Software Engineer,207456,No,18-10-2013,No,9,2,6,4,02-12-2018,3,2,4,2,0,3,4,3
BD70-7DAE,Male,22,Frequent Traveller,Technology,2,3,Business Studies,Software Engineer,37014,Yes,23-10-2020,Yes,1,0,1,0,03-12-2018,4,3,5,3,2,3,5,4
DDAC-D5FD,Male,22,Frequent Traveller,Technology,4,3,Information Systems,Data Scientist,21854,No,18-06-2021,Yes,0,0,0,0,03-12-2018,5,4,2,1,2,3,3,2
00E4-3D60,Female,30,Frequent Traveller,Technology,37,1,Business Studies,Data Scientist,109778,No,23-06-2022,Yes,0,0,0,0,30-03-2014,3,5,2,3,3,2,4,4
3D71-8DC2,Male,38,Some Travel,Sales,20,4,Marketing ,Sales Executive,147098,No,11-01-2012,No,10,5,8,2,05-12-2018,5,2,3,2,0,5,4,4
A923-9EF6,Female,41,Frequent Traveller,Technology,7,1,Business Studies,Machine Learning Engineer,107008,No,05-02-2012,No,10,9,10,9,05-12-2018,4,2,2,1,3,4,5,4
DFA9-990E,Male,43,No Travel ,Sales,34,4,Marketing ,Sales Executive,108315,No,17-01-2012,No,10,9,10,10,05-12-2018,4,5,3,1,0,4,3,3
D39D-4015,Female,30,Frequent Traveller,Technology,28,3,Information Systems,Software Engineer,46388,No,16-01-2014,No,8,6,6,3,05-12-2018,3,2,5,2,1,2,5,5
4A39-E8E6,Male,35,Some Travel,Technology,26,3,Information Systems,Engineering Manager,311475,No,15-04-2014,No,8,0,0,2,05-12-2018,3,4,3,2,3,2,3,3
E927-46D7,Female,22,Some Travel,Technology,14,2,Computer Science,Data Scientist,28989,No,09-09-2019,No,3,2,2,3,06-12-2018,5,5,3,1,1,5,5,5
C6EC-FEB5,Female,38,Some Travel,Sales,1,1,Economics,Sales Executive,151141,No,19-01-2012,No,10,3,6,9,07-12-2018,4,2,3,2,3,3,4,3
1B4A-5D80,Female,26,Some Travel,Technology,37,4,Information Systems,Analytics Manager,107863,Yes,03-01-2016,No,6,3,6,0,07-12-2018,5,5,4,3,1,5,4,4
598D-E3B4,Male,19,No Travel ,Technology,9,3,Information Systems,Software Engineer,29798,Yes,19-03-2022,Yes,0,0,0,0,08-12-2018,4,3,2,1,2,4,4,3
B98B-4689,Non-Binary,22,Frequent Traveller,Sales,28,4,Marketing ,Sales Executive,39845,No,13-01-2019,Yes,1,0,0,0,08-12-2018,5,4,5,2,0,4,3,3
03C5-51AD,Female,25,Some Travel,Technology,1,2,Computer Science,Data Scientist,32354,Yes,06-12-2015,Yes,7,4,6,2,31-03-2014,5,4,4,1,1,3,5,5
63BF-A86A,Female,39,Frequent Traveller,Human Resources,16,3,Human Resources,HR Executive,201564,Yes,12-10-2022,Yes,0,0,0,0,09-12-2018,4,4,2,2,1,2,4,3
58C8-63FA,Male,38,Some Travel,Technology,40,4,Computer Science,Senior Software Engineer,126505,No,15-04-2012,No,10,1,5,8,09-12-2018,4,4,3,1,1,4,4,3
CF8D-7379,Prefer Not To Say,43,Some Travel,Technology,14,4,Information Systems,Engineering Manager,365504,Yes,04-11-2013,No,9,6,7,8,11-12-2018,4,2,4,1,0,4,5,4
533B-938D,Male,28,Some Travel,Sales,43,4,Marketing ,Sales Executive,157549,No,20-10-2015,No,7,0,0,3,12-12-2018,5,4,3,2,0,4,4,3
E6D9-ADEE,Female,20,No Travel ,Technology,45,2,Computer Science,Software Engineer,28262,No,29-08-2020,Yes,1,0,0,0,13-12-2018,4,3,3,2,2,4,5,5
E5C1-B122,Female,36,No Travel ,Sales,33,4,Marketing,Sales Executive,116057,No,19-03-2012,No,10,2,10,2,13-12-2018,4,3,4,3,1,5,4,4
39FC-7149,Female,27,Some Travel,Technology,1,3,Computer Science,Software Engineer,31450,No,10-01-2015,No,7,3,5,7,13-12-2018,4,3,2,2,1,2,4,4
08FC-817E,Female,26,Some Travel,Technology,43,4,Computer Science,Software Engineer,30217,No,04-09-2015,No,7,2,4,0,15-12-2018,5,3,4,2,3,3,4,3
E55E-9436,Male,41,No Travel ,Sales,34,3,Marketing ,Sales Executive,326896,Yes,03-02-2020,Yes,2,1,1,1,16-12-2018,5,2,2,2,0,5,4,4
DF94-FD29,Male,22,Frequent Traveller,Sales,4,4,Marketing,Sales Executive,75816,No,24-12-2020,Yes,1,0,0,0,17-12-2018,4,3,5,2,3,2,5,5
D4D5-27FB,Male,29,Some Travel,Technology,36,1,Information Systems,Data Scientist,86428,No,20-11-2014,Yes,6,5,5,5,23-01-2013,5,4,3,1,2,2,4,3
A807-DE5D,Non-Binary,47,Some Travel,Technology,13,3,Computer Science,Data Scientist,61915,No,07-01-2014,No,8,2,4,7,31-03-2014,3,2,2,3,0,2,3,3
9C71-34AE,Non-Binary,40,Some Travel,Technology,44,2,Computer Science,Software Engineer,69119,No,15-02-2012,No,10,8,10,5,18-12-2018,4,5,2,3,1,4,4,4
8E5B-CBBF,Male,25,Some Travel,Sales,12,4,Marketing,Sales Executive,67814,No,28-03-2015,No,7,6,7,1,18-12-2018,5,3,3,3,2,2,4,4
AF5D-A8C8,Male,24,Some Travel,Sales,27,4,Marketing ,Sales Executive,86102,Yes,04-05-2021,Yes,0,0,0,0,19-12-2018,3,2,5,3,2,3,3,2
DCFE-F601,Male,48,Some Travel,Technology,36,3,Information Systems,Senior Software Engineer,180561,No,01-06-2013,No,9,1,8,7,19-12-2018,5,3,3,2,0,5,3,3
0CED-EE28,Female,48,Some Travel,Technology,25,1,Computer Science,Data Scientist,47464,No,06-03-2012,No,10,4,8,10,20-12-2018,5,5,5,1,0,3,4,3
5C61-8F3A,Female,34,Some Travel,Technology,5,1,Information Systems,Data Scientist,127432,Yes,06-02-2012,No,10,8,9,9,20-12-2018,5,5,5,3,0,5,4,3
13E5-8466,Female,47,Some Travel,Sales,14,4,Marketing ,Manager,410970,No,06-12-2014,No,8,2,5,8,20-12-2018,5,3,2,1,3,2,4,3
10CE-8403,Female,27,Some Travel,Technology,31,4,Computer Science,Senior Software Engineer,120225,No,08-11-2015,No,7,2,5,4,21-12-2018,5,3,3,3,3,5,4,3
A2FB-2D5D,Female,43,Some Travel,Technology,11,5,Information Systems,Analytics Manager,482510,No,17-03-2012,No,10,9,9,1,22-12-2018,3,3,3,1,0,5,5,4
F93D-CB5A,Female,40,Some Travel,Technology,26,3,Information Systems,Senior Software Engineer,120858,No,29-04-2012,No,10,9,9,8,22-12-2018,5,2,5,3,2,2,5,4
8FD9-AA59,Non-Binary,26,Frequent Traveller,Sales,14,4,Marketing ,Sales Executive,71349,No,20-06-2014,Yes,7,2,2,1,01-04-2014,5,4,4,3,0,2,4,3
0697-ADC3,Male,38,No Travel ,Technology,4,3,Information Systems,Software Engineer,45942,Yes,30-01-2014,No,8,4,5,8,22-12-2018,5,4,2,3,2,2,3,2
A896-CDE2,Female,25,Some Travel,Technology,16,5,Information Systems,Software Engineer,28317,Yes,13-05-2015,No,7,4,6,5,22-12-2018,5,2,4,3,1,2,3,2
E681-7B57,Male,18,Frequent Traveller,Technology,26,2,Information Systems,Data Scientist,31532,No,22-05-2022,Yes,0,0,0,0,24-12-2018,3,4,4,1,0,3,3,3
637B-DBAD,Male,44,Some Travel,Technology,31,2,Computer Science,Software Engineer,81297,Yes,14-12-2013,No,9,1,8,9,24-12-2018,4,4,2,1,0,3,5,4
D836-B375,Female,44,Some Travel,Technology,21,2,Computer Science,Software Engineer,91563,No,06-11-2013,No,9,9,9,8,24-12-2018,5,5,5,1,0,2,4,3
63E9-F74A,Male,25,Frequent Traveller,Technology,11,1,Business Studies,Machine Learning Engineer,67708,No,02-11-2015,No,7,7,7,0,24-12-2018,3,3,4,3,1,4,5,4
B492-D447,Male,28,Some Travel,Sales,3,2,Marketing ,Sales Executive,128719,No,21-07-2015,No,7,1,3,6,24-12-2018,5,5,4,2,3,2,4,3
6C42-A719,Female,22,Some Travel,Technology,37,3,Computer Science,Data Scientist,30442,Yes,11-03-2020,Yes,0,0,0,0,25-12-2018,4,2,5,3,2,4,3,3
A9EB-9E41,Female,30,Some Travel,Technology,30,1,Computer Science,Machine Learning Engineer,228438,No,30-04-2012,No,10,6,9,10,25-12-2018,3,4,3,1,2,4,5,4
4CA1-F139,Male,24,Frequent Traveller,Technology,34,2,Computer Science,Software Engineer,28484,Yes,01-05-2019,Yes,1,1,1,1,26-12-2018,3,5,4,2,0,4,5,4
1A6D-AF5D,Male,25,Some Travel,Technology,9,3,Information Systems,Engineering Manager,243908,No,15-05-2017,No,5,4,4,1,02-04-2014,5,2,5,1,2,4,3,2
1609-65E1,Female,33,Frequent Traveller,Technology,34,2,Computer Science,Machine Learning Engineer,91407,No,17-04-2013,No,9,9,9,4,28-12-2018,3,3,4,2,2,2,5,4
4D7E-BDA4,Male,34,Some Travel,Sales,19,3,Marketing ,Sales Representative,46740,No,06-03-2014,No,8,1,6,1,28-12-2018,5,2,4,3,0,5,3,3
03EF-5904,Male,31,Some Travel,Technology,45,3,Other,Machine Learning Engineer,195261,No,09-09-2013,No,9,3,4,5,29-12-2018,5,2,3,3,0,5,4,3
74F2-5C55,Male,47,Some Travel,Technology,40,2,Computer Science,Data Scientist,108798,No,12-04-2012,No,10,0,4,7,30-12-2018,3,5,2,1,2,5,5,5
ACA9-5DC2,Female,46,Frequent Traveller,Sales,14,1,Economics,Sales Executive,205159,No,07-03-2012,No,10,1,9,6,30-12-2018,5,5,5,2,1,5,3,2
211E-BC82,Female,28,Frequent Traveller,Technology,6,1,Information Systems,Software Engineer,47148,No,09-11-2013,No,9,3,8,8,30-12-2018,5,3,5,3,1,4,4,3
E47D-E3C5,Male,26,Some Travel,Technology,14,1,Computer Science,Software Engineer,33180,Yes,10-11-2015,No,7,5,7,3,30-12-2018,4,3,5,1,3,5,4,3
40BE-EEAF,Male,24,Frequent Traveller,Technology,45,3,Computer Science,Data Scientist,85422,Yes,28-03-2021,Yes,1,0,0,0,31-12-2018,3,4,4,1,1,5,5,4
79F3-8AA5,Female,47,Some Travel,Human Resources,21,3,Marketing ,HR Executive,98608,No,14-02-2012,No,10,5,10,4,31-12-2018,3,5,4,2,0,3,4,4
79F7-78EC,Non-Binary,27,Some Travel,Sales,37,4,Marketing ,Sales Executive,141998,Yes,14-12-2013,Yes,5,5,5,1,01-01-2019,4,2,5,3,0,3,5,5
0210-E0D8,Male,36,Some Travel,Sales,7,3,Technical Degree,Sales Executive,243989,Yes,18-07-2020,Yes,1,0,1,1,03-04-2014,3,3,3,3,0,2,5,4
41EC-F2AA,Female,26,Frequent Traveller,Technology,42,1,Computer Science,Data Scientist,56966,No,04-05-2015,No,7,4,5,2,01-01-2019,5,4,3,1,1,5,5,4
8462-E88A,Male,25,Some Travel,Human Resources,18,4,Marketing ,HR Business Partner,190466,No,26-03-2017,No,5,2,2,5,01-01-2019,3,5,2,3,0,4,3,2
B61E-0F26,Male,28,Frequent Traveller,Technology,3,3,Business Studies,Software Engineer,58993,Yes,07-11-2014,Yes,7,2,7,1,02-01-2019,4,4,4,3,0,3,3,3
F5E3-48BB,Female,25,Frequent Traveller,Human Resources,3,3,Human Resources,Recruiter,23547,No,13-01-2015,Yes,3,0,2,1,02-01-2019,3,2,3,3,0,2,3,3
C2DD-9D37,Male,42,Some Travel,Sales,16,4,Marketing ,Sales Executive,106277,No,19-03-2012,No,10,0,5,5,02-01-2019,5,2,3,1,3,2,5,4
DF71-97FB,Male,29,No Travel ,Technology,12,4,Computer Science,Data Scientist,62756,No,14-05-2014,No,8,3,5,8,02-01-2019,4,3,3,3,0,5,5,4
0678-748A,Male,25,Some Travel,Sales,4,2,Economics,Sales Executive,57698,Yes,11-05-2015,Yes,6,5,6,2,03-01-2019,4,5,2,1,1,5,3,2
541F-3E19,Female,27,Some Travel,Technology,30,1,Information Systems,Data Scientist,49374,Yes,02-04-2014,Yes,1,0,0,1,03-01-2019,3,3,2,1,0,3,3,2
89A6-7EF1,Male,26,Some Travel,Human Resources,11,3,Other,HR Executive,70395,No,11-07-2016,No,6,5,6,2,03-01-2019,4,5,4,2,2,2,5,4
C0A1-EB7D,Female,36,Some Travel,Technology,32,3,Computer Science,Senior Software Engineer,111294,No,02-03-2012,No,10,8,8,10,04-01-2019,3,2,5,2,1,5,5,4
B6EC-313E,Male,26,Frequent Traveller,Human Resources,17,3,Human Resources,Recruiter,30502,No,09-08-2014,Yes,0,0,0,0,04-04-2014,5,3,2,2,1,3,3,2
1359-BEE3,Female,41,No Travel ,Technology,22,3,Computer Science,Data Scientist,52581,No,09-12-2013,No,9,8,8,7,05-01-2019,5,3,4,1,1,4,4,4
D5DA-363A,Male,33,Some Travel,Sales,41,2,Marketing,Sales Executive,71201,No,24-01-2012,No,10,8,10,4,06-01-2019,5,2,3,1,1,5,3,3
9E7A-1F70,Female,29,Some Travel,Sales,4,2,Marketing ,Sales Executive,129356,No,02-05-2012,Yes,5,1,1,2,07-01-2019,3,2,4,1,0,5,4,3
58F5-C8FC,Female,37,Some Travel,Sales,19,3,Marketing ,Sales Executive,230381,No,19-12-2014,No,8,3,3,7,07-01-2019,3,2,4,1,2,1,3,2
C251-2A18,Non-Binary,26,Some Travel,Technology,28,4,Computer Science,Data Scientist,29791,No,07-08-2015,No,7,7,7,1,08-01-2019,3,4,4,3,3,2,4,4
79E4-6632,Male,23,Some Travel,Technology,45,2,Computer Science,Software Engineer,37322,No,28-03-2017,No,5,3,3,3,08-01-2019,2,4,4,2,0,2,3,3
05ED-92F1,Non-Binary,27,Frequent Traveller,Sales,41,3,Marketing,Sales Representative,28984,Yes,10-10-2016,Yes,3,1,1,0,09-01-2019,3,3,4,1,1,2,4,3
F72D-261D,Male,28,Frequent Traveller,Technology,5,3,Information Systems,Data Scientist,76133,Yes,06-01-2014,Yes,1,0,1,0,09-01-2019,1,1,2,2,2,2,4,3
38EB-ADBD,Male,48,Some Travel,Technology,20,3,Information Systems,Software Engineer,56546,No,01-11-2013,No,9,4,6,3,09-01-2019,1,4,3,1,0,4,5,4
D106-E487,Female,40,Some Travel,Sales,2,4,Technical Degree,Sales Executive,204005,No,10-06-2014,No,8,7,7,3,09-01-2019,1,1,4,2,0,3,3,3
0D8F-C0F3,Female,29,Some Travel,Technology,44,3,Business Studies,Data Scientist,67578,No,10-06-2013,Yes,1,0,0,0,06-04-2014,3,5,3,2,0,2,5,5
4563-8637,Male,25,Some Travel,Sales,44,2,Marketing,Sales Executive,75635,No,07-06-2017,No,5,2,2,5,09-01-2019,2,3,1,2,1,2,5,4
774E-685D,Male,30,Some Travel,Sales,42,4,Marketing,Sales Executive,148862,Yes,03-11-2013,Yes,2,0,1,1,10-01-2019,5,5,4,1,3,3,5,4
9937-CDF7,Male,28,Some Travel,Sales,19,2,Marketing,Sales Representative,56122,Yes,31-03-2013,Yes,7,5,5,0,10-01-2019,5,3,3,3,0,2,3,2
7839-CA12,Female,23,Some Travel,Sales,16,3,Marketing,Sales Representative,23794,No,25-03-2017,Yes,1,0,0,0,11-01-2019,3,5,4,2,3,2,3,3
EB66-D679,Male,20,Some Travel,Sales,8,3,Marketing ,Sales Representative,27060,Yes,04-01-2022,Yes,0,0,0,0,11-01-2019,4,4,5,3,0,5,4,3
F58A-302D,Male,26,Some Travel,Sales,17,4,Economics,Manager,290774,No,05-11-2016,No,6,5,5,3,12-01-2019,3,4,4,2,2,2,3,3
12F7-BCBB,Female,48,Frequent Traveller,Sales,2,1,Technical Degree,Sales Representative,37124,No,06-12-2013,Yes,9,8,8,7,13-01-2019,3,5,3,3,1,2,4,3
D045-B6CA,Female,26,Some Travel,Technology,34,4,Information Systems,Software Engineer,71198,No,07-11-2017,Yes,5,0,0,1,13-01-2019,3,2,2,1,3,4,3,3
B340-5AD2,Non-Binary,37,Some Travel,Sales,30,3,Marketing,Sales Executive,61117,Yes,10-06-2014,No,8,2,5,0,13-01-2019,3,5,4,1,1,5,5,5
FF14-A43E,Male,47,Some Travel,Technology,41,1,Computer Science,Data Scientist,40786,No,01-02-2012,No,10,3,5,5,14-01-2019,5,5,5,3,1,5,4,4
1799-5B3F,Male,24,Some Travel,Sales,21,4,Marketing,Sales Executive,85118,No,18-03-2019,Yes,0,0,0,0,06-04-2014,4,5,3,1,1,4,4,3
02DA-7A72,Male,29,Frequent Traveller,Sales,42,3,Technical Degree,Sales Representative,78726,No,25-04-2012,Yes,6,0,1,1,15-01-2019,3,3,2,3,1,5,3,2
28EA-A010,Female,26,Some Travel,Sales,2,2,Marketing,Sales Executive,149390,Yes,15-08-2016,Yes,3,1,1,2,15-01-2019,3,4,5,3,2,5,3,3
CBB3-0D7E,Male,26,Some Travel,Sales,44,1,Technical Degree,Sales Representative,40638,Yes,11-01-2014,Yes,2,0,0,1,15-01-2019,3,2,4,1,1,3,5,5
C330-DAF4,Female,34,Some Travel,Sales,16,2,Economics,Sales Executive,100710,Yes,20-05-2012,No,10,10,10,2,15-01-2019,3,5,4,3,1,2,3,2
63B8-CCC0,Female,25,Some Travel,Technology,34,3,Information Systems,Data Scientist,37053,No,05-02-2016,No,6,5,5,0,15-01-2019,5,2,3,3,1,2,5,5
79D0-C935,Female,27,Some Travel,Technology,26,1,Information Systems,Software Engineer,37423,Yes,30-09-2016,No,6,4,4,2,15-01-2019,3,3,5,1,0,4,4,4
B48C-47D0,Male,28,Frequent Traveller,Sales,28,3,Marketing ,Sales Representative,43939,No,29-07-2013,Yes,6,1,4,3,16-01-2019,5,2,2,1,2,5,3,3
6DEB-F440,Non-Binary,21,Some Travel,Technology,41,3,Computer Science,Data Scientist,29793,Yes,22-06-2019,Yes,3,0,0,2,16-01-2019,4,5,2,2,0,5,3,2
32AE-C02F,Male,24,No Travel ,Sales,8,3,Marketing,Sales Executive,82405,Yes,19-06-2016,Yes,5,1,4,1,17-01-2019,3,5,3,1,0,3,5,4
8A6B-AD5C,Female,24,Some Travel,Technology,30,3,Information Systems,Data Scientist,61883,No,02-08-2016,Yes,1,1,1,0,17-01-2019,4,4,5,2,3,2,5,5
3B11-DF28,Female,23,Frequent Traveller,Technology,28,2,Computer Science,Data Scientist,57133,No,23-08-2019,Yes,3,0,0,1,06-04-2014,4,3,2,1,1,5,5,4
8D34-EBDF,Male,29,Some Travel,Human Resources,14,4,Technical Degree,Recruiter,46703,No,31-07-2014,Yes,0,0,0,0,17-01-2019,4,5,2,1,0,5,5,4
8BAB-B4A6,Male,38,Some Travel,Sales,35,3,Marketing ,Manager,340229,Yes,13-01-2012,No,10,7,9,3,17-01-2019,3,2,2,3,0,2,3,3
6FE1-C8A8,Male,29,Some Travel,Sales,35,2,Economics,Sales Executive,140962,Yes,13-06-2013,Yes,4,0,2,4,18-01-2019,5,5,4,2,2,2,3,2
EB8F-204D,Male,26,Some Travel,Technology,5,3,Other,Data Scientist,49045,No,13-01-2016,Yes,1,0,0,0,18-01-2019,4,4,2,2,0,4,4,3
D921-AC35,Female,45,Some Travel,Technology,7,4,Business Studies,Senior Software Engineer,104720,No,29-03-2014,No,8,7,7,0,18-01-2019,3,2,3,2,2,4,4,3
6A8B-EC82,Male,26,Some Travel,Sales,24,1,Marketing ,Sales Executive,82312,Yes,11-04-2015,No,7,2,7,6,18-01-2019,3,4,4,1,1,4,3,2
606E-A262,Male,28,Some Travel,Technology,27,1,Information Systems,Analytics Manager,277344,Yes,02-07-2013,Yes,3,1,1,1,19-01-2019,4,3,2,3,3,2,5,4
2374-7581,Male,25,Some Travel,Technology,1,4,Information Systems,Senior Software Engineer,72840,No,23-04-2015,No,7,6,6,0,19-01-2019,3,5,4,2,3,5,3,2
D3EB-610D,Male,24,Frequent Traveller,Technology,10,4,Computer Science,Data Scientist,67447,Yes,10-10-2016,No,6,2,6,6,19-01-2019,3,5,4,2,0,5,4,4
05B0-755F,Male,44,Some Travel,Technology,29,3,Computer Science,Data Scientist,57890,No,24-05-2013,No,9,8,8,8,20-01-2019,3,4,4,1,1,2,5,5
076F-8AA3,Male,39,Some Travel,Technology,5,2,Computer Science,Data Scientist,58685,No,08-03-2012,Yes,9,6,6,2,07-04-2014,5,2,5,3,0,4,3,2
C1E8-5AAB,Male,25,Some Travel,Sales,5,2,Marketing,Sales Executive,69539,No,13-02-2016,No,6,0,4,4,20-01-2019,4,5,5,1,3,5,3,2
45D2-369E,Male,30,Some Travel,Technology,7,1,Information Systems,Data Scientist,70182,No,07-06-2013,No,9,8,9,8,21-01-2019,3,3,4,3,1,4,4,3
7F1C-20B8,Female,39,Some Travel,Technology,10,2,Information Systems,Data Scientist,65796,No,02-07-2013,No,9,9,9,5,21-01-2019,4,4,5,2,0,4,5,4
F98B-61B3,Female,36,Some Travel,Technology,17,3,Computer Science,Data Scientist,72118,No,04-03-2014,No,8,7,7,8,21-01-2019,4,5,2,1,2,4,5,4
D4D5-27FB,Male,29,Some Travel,Technology,36,1,Information Systems,Data Scientist,86428,No,20-11-2014,Yes,6,5,5,5,22-01-2019,5,4,5,3,3,2,5,5
9C71-61AE,Male,18,Some Travel,Technology,32,1,Computer Science,Machine Learning Engineer,50660,Yes,17-04-2022,Yes,0,0,0,0,22-01-2019,5,3,4,3,1,4,3,2
8AAD-FAFB,Female,24,Some Travel,Sales,3,3,Marketing,Sales Executive,130774,Yes,15-08-2016,Yes,4,3,3,4,23-01-2019,3,4,3,3,1,3,5,5
20BA-5868,Non-Binary,19,Some Travel,Sales,29,1,Marketing,Sales Representative,29673,No,27-03-2021,Yes,0,0,0,0,23-01-2019,3,5,5,2,1,4,3,2
45D7-5C8A,Male,26,Some Travel,Sales,45,3,Technical Degree,Sales Representative,20650,No,10-05-2014,Yes,2,0,0,1,24-01-2019,5,5,2,2,1,5,3,3
AB03-8820,Male,43,Some Travel,Sales,3,1,Economics,Manager,313198,No,28-03-2013,No,9,5,9,2,24-01-2019,4,2,4,1,0,5,3,2
2FC6-7ED5,Female,44,Frequent Traveller,Technology,29,1,Computer Science,Machine Learning Engineer,303779,No,24-08-2018,No,4,0,0,0,07-04-2014,4,2,2,2,3,2,4,3
B4E1-4A3E,Female,28,Some Travel,Technology,12,2,Computer Science,Data Scientist,115895,No,31-03-2014,Yes,4,1,3,2,25-01-2019,5,4,4,2,3,2,4,3
618D-7685,Female,30,Some Travel,Technology,26,3,Information Systems,Data Scientist,96170,No,15-04-2013,No,9,4,9,1,26-01-2019,5,5,4,3,0,2,5,5
FBED-F86B,Female,29,Frequent Traveller,Technology,12,3,Information Systems,Software Engineer,72057,No,27-11-2014,No,8,8,8,3,26-01-2019,5,3,2,1,0,5,3,3
6227-9D9E,Female,26,Some Travel,Human Resources,5,4,Human Resources,HR Manager,315071,Yes,25-01-2015,No,7,7,7,1,26-01-2019,5,5,4,3,0,3,3,2
B529-2745,Male,22,No Travel ,Sales,41,1,Marketing ,Sales Representative,27961,No,15-09-2019,No,3,0,1,0,26-01-2019,3,4,4,2,2,2,4,4
5A0B-7F31,Male,26,Some Travel,Sales,24,3,Marketing,Sales Executive,85982,No,13-03-2015,Yes,5,1,1,0,28-01-2019,4,2,3,2,3,4,4,3
E4F4-11B9,Female,29,Some Travel,Sales,19,2,Marketing ,Sales Executive,122811,Yes,27-02-2012,Yes,2,1,1,1,28-01-2019,3,4,5,1,0,4,4,3
B303-8962,Female,39,Some Travel,Sales,15,3,Marketing ,Sales Executive,136970,No,28-07-2013,No,9,4,8,2,28-01-2019,3,5,3,3,1,3,4,4
98EE-8547,Male,31,Some Travel,Technology,44,3,Information Systems,Analytics Manager,531629,Yes,06-01-2020,Yes,1,0,1,1,29-01-2019,4,3,2,3,0,5,3,2
041A-31B0,Female,34,Some Travel,Technology,41,3,Computer Science,Software Engineer,50386,No,20-05-2012,No,10,8,9,10,29-01-2019,2,2,4,3,1,2,3,2
8AAD-FAFB,Female,24,Some Travel,Sales,3,3,Marketing,Sales Executive,130774,Yes,15-08-2016,Yes,4,3,3,4,24-01-2013,4,2,3,3,0,2,3,3
95D7-1CE9,Male,43,Some Travel,Human Resources,29,4,Marketing ,HR Business Partner,309964,No,04-01-2012,No,10,6,10,8,09-04-2014,5,2,3,1,0,2,4,4
257B-8130,Male,26,Some Travel,Technology,41,3,Computer Science,Senior Software Engineer,47676,No,20-07-2015,No,7,4,6,1,29-01-2019,3,3,2,1,0,3,3,2
7279-6591,Male,41,Some Travel,Sales,25,3,Marketing ,Sales Executive,231843,Yes,01-06-2017,Yes,1,1,1,0,30-01-2019,1,2,4,1,2,3,4,3
EEFC-DEC7,Male,44,Some Travel,Technology,4,4,Other,Data Scientist,85523,Yes,18-08-2014,Yes,8,0,4,1,30-01-2019,1,1,3,1,1,3,5,5
2E7B-43F0,Male,26,Some Travel,Technology,31,2,Computer Science,Engineering Manager,148211,Yes,11-02-2015,No,7,1,6,0,30-01-2019,3,3,3,1,2,3,4,4
4F22-FF67,Male,24,Some Travel,Technology,24,3,Computer Science,Software Engineer,28156,Yes,18-11-2016,No,6,6,6,5,30-01-2019,3,1,3,3,0,3,3,2
1180-BEC9,Male,43,Some Travel,Technology,17,3,Computer Science,Software Engineer,50946,Yes,15-03-2014,Yes,8,6,7,3,31-01-2019,2,1,1,1,2,1,5,4
EE04-1533,Female,47,Frequent Traveller,Sales,19,3,Technical Degree,Sales Representative,46684,No,12-01-2013,No,9,4,9,3,31-01-2019,4,3,4,1,2,4,5,4
B50B-5A18,Female,40,Frequent Traveller,Technology,27,4,Computer Science,Software Engineer,42333,No,19-02-2012,No,10,4,5,5,01-02-2019,4,2,4,3,0,2,5,5
E099-3FCC,Male,28,Some Travel,Technology,15,3,Computer Science,Data Scientist,83951,No,12-02-2015,No,7,3,6,5,01-02-2019,4,3,4,3,3,4,4,3
8CF6-3079,Female,27,Some Travel,Technology,1,4,Computer Science,Data Scientist,40050,Yes,16-07-2013,Yes,1,0,0,0,02-02-2019,3,5,2,1,0,4,4,4
B013-7D0C,Female,28,Some Travel,Technology,24,3,Information Systems,Data Scientist,46313,Yes,30-08-2013,Yes,1,1,1,0,10-04-2014,3,4,5,2,3,4,4,3
D7EE-56FC,Female,39,Frequent Traveller,Sales,17,2,Technical Degree,Sales Executive,107863,Yes,19-01-2012,Yes,8,8,8,5,02-02-2019,3,5,5,1,1,4,4,3
1F12-DDDA,Male,32,No Travel ,Technology,12,4,Information Systems,Software Engineer,111294,No,19-07-2013,No,9,2,9,4,02-02-2019,3,5,3,3,2,5,5,5
9658-7750,Female,37,Some Travel,Technology,40,4,Information Systems,Data Scientist,49550,No,11-07-2014,No,8,2,8,6,02-02-2019,5,5,4,3,3,3,4,3
B0C3-E578,Female,32,Frequent Traveller,Technology,14,1,Computer Science,Machine Learning Engineer,97595,No,20-04-2014,No,8,0,0,1,02-02-2019,4,5,4,3,2,5,5,5
62A3-DEA7,Male,25,Some Travel,Technology,8,1,Information Systems,Software Engineer,30931,Yes,13-08-2015,Yes,1,0,0,1,03-02-2019,3,2,4,3,3,3,5,5
586E-5C14,Male,40,Some Travel,Technology,9,1,Computer Science,Software Engineer,58551,No,27-02-2012,No,10,6,7,3,03-02-2019,5,5,5,2,0,3,3,2
8EE9-E86D,Male,46,Some Travel,Human Resources,45,3,Human Resources,Recruiter,48740,Yes,20-05-2012,Yes,10,8,9,6,04-02-2019,3,4,3,1,1,3,4,3
F3CD-9B5B,Male,29,Some Travel,Sales,12,2,Marketing ,Sales Representative,97794,No,30-05-2013,Yes,2,0,1,0,04-02-2019,3,3,4,1,1,2,4,4
AD0D-E79F,Male,22,Some Travel,Sales,16,2,Marketing,Sales Executive,53220,Yes,28-11-2021,Yes,0,0,0,0,04-02-2019,4,5,2,1,0,5,4,4
D8B3-30D2,Female,22,Some Travel,Technology,40,1,Business Studies,Data Scientist,53080,Yes,24-12-2019,Yes,2,0,1,0,04-02-2019,5,4,3,1,2,2,5,4
531D-788E,Male,21,Frequent Traveller,Technology,16,2,Computer Science,Data Scientist,42569,No,13-04-2022,Yes,0,0,0,0,10-04-2014,5,3,4,1,0,5,5,5
B975-943A,Male,40,No Travel ,Technology,28,3,Information Systems,Software Engineer,46285,No,23-10-2014,No,8,8,8,3,04-02-2019,5,4,4,1,1,5,4,3
C250-AF15,Male,25,Some Travel,Technology,13,5,Computer Science,Engineering Manager,178337,No,16-07-2015,No,7,1,7,2,04-02-2019,4,3,4,2,0,2,4,4
B122-D3D2,Female,26,Some Travel,Technology,21,2,Other,Data Scientist,89366,No,30-01-2017,No,5,5,5,0,04-02-2019,3,2,5,2,1,3,4,4
151D-1FF2,Female,34,Frequent Traveller,Sales,15,2,Marketing ,Sales Executive,173246,Yes,20-02-2012,Yes,9,4,7,7,05-02-2019,4,2,2,2,2,4,4,4
5476-CA0D,Female,31,Frequent Traveller,Technology,4,2,Information Systems,Data Scientist,69747,No,12-01-2012,Yes,6,5,5,1,05-02-2019,3,5,4,2,2,5,3,2
D696-9D82,Male,38,Some Travel,Technology,39,3,Computer Science,Data Scientist,65416,No,25-03-2012,No,10,5,10,7,05-02-2019,3,5,3,2,2,4,5,5
1453-D3D8,Non-Binary,27,Some Travel,Technology,4,3,Computer Science,Machine Learning Engineer,60967,No,14-08-2015,No,7,7,7,0,06-02-2019,4,3,3,3,2,3,3,3
F1A8-7140,Male,24,Some Travel,Technology,7,3,Other,Machine Learning Engineer,121470,No,31-10-2019,No,3,2,2,3,06-02-2019,5,5,5,2,2,5,3,2
C96F-0F3B,Female,41,Some Travel,Sales,16,1,Marketing ,Sales Representative,48147,No,01-03-2012,No,10,8,10,5,08-02-2019,3,2,5,2,1,2,4,4
EE39-C8F2,Female,47,Some Travel,Technology,17,2,Computer Science,Software Engineer,46514,No,12-02-2012,No,10,9,9,2,08-02-2019,5,5,3,3,2,3,5,4
7BD4-7BFB,Male,27,Some Travel,Technology,19,4,Computer Science,Software Engineer,25276,No,22-01-2015,No,7,6,7,1,11-04-2014,3,2,4,2,2,4,5,4
DF63-0D3C,Female,28,Frequent Traveller,Technology,27,2,Information Systems,Analytics Manager,546549,No,18-11-2014,No,8,8,8,2,08-02-2019,4,2,5,2,1,4,5,5
B995-E5CE,Non-Binary,27,Some Travel,Technology,2,4,Computer Science,Data Scientist,39198,No,10-10-2015,No,7,6,7,4,08-02-2019,4,5,3,2,1,3,4,3
9DFE-1FD5,Male,42,Some Travel,Human Resources,4,3,Human Resources,HR Manager,463051,No,01-03-2012,No,10,0,10,7,09-02-2019,4,2,3,2,0,2,3,2
0D1B-DEC2,Non-Binary,24,Some Travel,Technology,23,3,Computer Science,Data Scientist,100586,No,23-04-2017,Yes,4,4,4,4,10-02-2019,4,4,2,1,0,2,4,4
B407-ABCA,Male,26,Some Travel,Sales,2,4,Economics,Sales Executive,60087,Yes,08-11-2016,Yes,4,0,0,3,10-02-2019,3,3,3,3,2,3,3,3
5818-560C,Female,30,Some Travel,Technology,26,1,Computer Science,Senior Software Engineer,159438,No,22-05-2013,No,9,4,4,7,10-02-2019,5,2,2,2,3,3,4,4
DB6C-3B2F,Female,19,Some Travel,Technology,43,3,Information Systems,Data Scientist,49006,No,18-07-2022,Yes,0,0,0,0,11-02-2019,4,4,4,2,2,4,5,5
8ED3-4377,Male,30,Some Travel,Technology,33,3,Computer Science,Software Engineer,78743,No,09-04-2013,No,9,2,7,4,11-02-2019,4,5,3,1,3,4,3,2
279C-7342,Non-Binary,29,Frequent Traveller,Sales,31,4,Marketing,Sales Executive,100925,Yes,08-08-2013,Yes,3,1,1,1,12-02-2019,3,5,4,1,1,3,4,4
83FD-F920,Male,25,Some Travel,Technology,41,1,Computer Science,Data Scientist,28137,Yes,10-01-2016,Yes,4,3,3,1,12-02-2019,3,5,5,1,3,3,4,4
152E-8DB1,Female,31,Some Travel,Technology,14,1,Other,Software Engineer,63482,No,23-04-2012,Yes,1,0,1,1,12-04-2014,4,2,4,2,2,3,5,4
B2D6-A355,Male,38,Some Travel,Technology,4,4,Other,Analytics Manager,361616,Yes,25-06-2014,No,8,1,6,5,12-02-2019,5,2,3,2,2,2,4,3
626A-9377,Female,27,No Travel ,Technology,19,2,Business Studies,Senior Software Engineer,89785,No,19-12-2015,Yes,0,0,0,0,13-02-2019,5,2,4,1,2,3,4,3
0CF8-1EBD,Female,28,Frequent Traveller,Technology,38,4,Computer Science,Data Scientist,87704,No,28-03-2015,No,7,1,3,6,13-02-2019,3,5,4,3,1,5,3,2
388D-DB68,Female,27,Some Travel,Human Resources,40,3,Human Resources,Recruiter,34320,No,07-06-2015,No,7,5,6,5,13-02-2019,5,4,4,3,2,4,5,4
0DBC-596E,Non-Binary,44,Some Travel,Technology,14,2,Computer Science,Data Scientist,92634,Yes,06-04-2013,No,9,8,9,9,14-02-2019,3,5,2,1,0,2,5,4
55B1-3712,Female,26,Some Travel,Technology,36,4,Information Systems,Data Scientist,22162,Yes,15-10-2016,No,6,4,5,6,14-02-2019,4,3,3,3,0,3,4,3
5A04-0EB4,Female,27,Frequent Traveller,Sales,43,3,Marketing,Sales Representative,24583,Yes,16-08-2014,Yes,7,0,1,6,15-02-2019,5,3,2,1,2,3,5,4
111D-E5EF,Non-Binary,37,Some Travel,Technology,3,3,Computer Science,Software Engineer,48395,No,15-01-2012,No,10,2,2,4,15-02-2019,3,5,4,3,0,5,5,5
97F4-0B14,Male,33,Some Travel,Technology,4,4,Other,Senior Software Engineer,97126,No,15-01-2012,No,10,8,10,2,15-02-2019,4,5,2,3,2,5,5,5
3261-373A,Female,26,Frequent Traveller,Technology,5,3,Computer Science,Senior Software Engineer,99203,Yes,28-12-2016,No,6,3,3,4,16-02-2019,5,5,5,1,1,4,4,4
1A7C-19DB,Female,39,Some Travel,Technology,42,4,Computer Science,Engineering Manager,539998,Yes,22-11-2020,Yes,1,0,0,0,12-04-2014,4,3,4,3,1,2,4,3
5021-95FC,Male,29,Some Travel,Sales,44,3,Marketing,Manager,377203,Yes,16-07-2013,Yes,5,4,4,0,17-02-2019,3,3,4,3,2,5,3,2
B97B-73D7,Female,29,Frequent Traveller,Sales,18,3,Marketing,Sales Executive,177402,No,10-07-2014,Yes,6,3,5,3,17-02-2019,3,4,5,1,0,5,3,3
D351-C7E4,Female,42,Some Travel,Technology,9,2,Information Systems,Data Scientist,73577,No,23-01-2013,No,9,9,9,6,17-02-2019,3,2,2,3,3,3,3,2
EEA0-C109,Male,26,Some Travel,Sales,3,1,Marketing ,Sales Executive,56892,No,29-09-2015,No,7,1,3,3,17-02-2019,5,2,4,1,1,4,3,3
3C7D-86ED,Female,40,Some Travel,Sales,3,2,Other,Sales Executive,104426,No,11-01-2012,No,10,3,4,6,18-02-2019,3,5,5,3,2,5,3,3
2219-56CA,Non-Binary,28,Some Travel,Sales,38,3,Marketing,Sales Executive,185380,No,21-09-2015,Yes,5,2,5,3,20-02-2019,3,3,2,3,0,3,4,4
8FB2-4CE0,Male,27,Some Travel,Technology,14,4,Computer Science,Data Scientist,37545,No,06-12-2016,Yes,2,1,1,1,20-02-2019,4,5,2,3,0,2,5,4
B437-FCF8,Female,26,Some Travel,Technology,23,2,Information Systems,Analytics Manager,221954,No,08-03-2017,No,5,0,3,1,20-02-2019,3,4,5,3,1,3,4,3
5237-1B85,Female,28,Some Travel,Technology,9,4,Computer Science,Software Engineer,43578,Yes,27-04-2012,Yes,5,3,5,5,21-02-2019,5,5,2,2,3,2,3,3
F968-671C,Male,27,Frequent Traveller,Sales,16,3,Technical Degree,Sales Executive,50559,No,14-04-2015,Yes,6,0,5,5,21-02-2019,5,5,3,1,2,3,3,3
489B-14EC,Female,21,Some Travel,Technology,15,2,Computer Science,Machine Learning Engineer,62882,Yes,09-01-2021,Yes,0,0,0,0,12-04-2014,5,2,5,3,1,5,5,5
F997-FE6C,Female,40,Some Travel,Technology,17,1,Information Systems,Software Engineer,41601,No,08-03-2013,No,9,8,9,8,21-02-2019,3,3,3,3,2,4,4,4
CED0-8D31,Female,36,Some Travel,Technology,43,3,Computer Science,Analytics Manager,454993,No,24-06-2014,No,8,3,4,0,21-02-2019,4,3,2,3,0,3,4,3
5B08-EF96,Female,36,No Travel ,Technology,28,4,Other,Data Scientist,77136,No,28-05-2012,No,10,10,10,10,22-02-2019,3,5,2,3,0,3,3,2
E348-E12B,Male,36,No Travel ,Technology,36,2,Information Systems,Software Engineer,61298,Yes,19-01-2012,No,10,3,9,3,22-02-2019,5,2,2,3,1,3,5,5
8ACE-C5CE,Female,43,Some Travel,Sales,38,2,Marketing,Sales Executive,121510,No,18-08-2013,No,9,8,8,5,22-02-2019,4,2,5,2,0,5,5,4
C6A8-4E8A,Male,29,Some Travel,Technology,8,2,Computer Science,Machine Learning Engineer,119083,No,25-04-2014,No,8,3,6,4,22-02-2019,3,5,4,3,1,4,5,5
C900-9EF9,Non-Binary,30,Some Travel,Sales,11,1,Marketing,Sales Executive,127014,No,26-12-2014,No,8,4,8,0,22-02-2019,4,3,2,2,2,3,3,3
0F53-9877,Female,24,Some Travel,Technology,5,4,Computer Science,Data Scientist,100576,No,16-12-2019,No,3,0,0,0,22-02-2019,4,4,3,3,0,5,3,2
63DA-AA21,Female,43,Some Travel,Technology,35,3,Computer Science,Engineering Manager,436813,No,07-03-2012,No,10,8,9,7,23-02-2019,3,2,4,2,0,4,5,5
3120-B11F,Male,28,Frequent Traveller,Technology,7,4,Business Studies,Senior Software Engineer,140538,No,21-01-2015,No,7,3,5,0,24-02-2019,5,5,4,3,1,4,4,4
52CC-3E9E,Male,30,Frequent Traveller,Technology,13,4,Computer Science,Software Engineer,40321,Yes,26-08-2013,Yes,5,0,0,3,13-04-2014,5,5,4,2,1,5,5,4
C016-FA12,Female,25,Some Travel,Sales,22,1,Marketing,Sales Representative,32894,No,14-05-2018,Yes,2,2,2,1,25-02-2019,4,2,5,2,0,2,5,5
7816-BF57,Male,37,Some Travel,Sales,22,4,Marketing,Sales Executive,92483,Yes,23-06-2014,No,8,5,5,3,25-02-2019,4,3,5,1,0,5,4,3
3560-C117,Female,28,Frequent Traveller,Technology,4,3,Computer Science,Data Scientist,65659,Yes,09-05-2012,Yes,2,0,0,0,26-02-2019,4,5,3,1,0,4,3,2
1914-B934,Female,22,Frequent Traveller,Sales,19,3,Marketing ,Sales Representative,22122,Yes,26-10-2018,Yes,3,2,2,1,26-02-2019,3,2,4,2,0,5,4,3
596B-33F4,Male,26,Some Travel,Technology,2,3,Computer Science,Data Scientist,30207,Yes,01-09-2016,Yes,5,1,3,0,27-02-2019,4,2,4,2,0,3,3,3
E7A6-33A3,Female,38,Some Travel,Technology,39,4,Information Systems,Data Scientist,83590,No,23-02-2012,No,10,2,3,9,27-02-2019,3,5,3,2,1,5,4,3
00D4-DD53,Female,30,Frequent Traveller,Technology,44,1,Computer Science,Software Engineer,68508,Yes,28-01-2012,Yes,5,4,4,4,28-02-2019,3,2,5,2,0,5,3,3
7749-B277,Male,24,Some Travel,Human Resources,1,5,Human Resources,HR Executive,44634,No,25-04-2017,Yes,4,3,3,2,28-02-2019,3,2,2,3,0,4,5,5
7823-0217,Non-Binary,25,Frequent Traveller,Sales,43,4,Marketing,Sales Executive,81889,Yes,02-11-2018,Yes,0,0,0,0,28-02-2019,3,2,2,1,0,2,4,3
6E7B-D50D,Female,38,Some Travel,Technology,12,1,Other,Senior Software Engineer,253077,No,15-06-2013,No,9,3,3,8,28-02-2019,5,2,4,3,0,2,3,2
C5C2-985F,Male,29,Some Travel,Sales,3,3,Other,Sales Representative,46465,Yes,16-05-2014,Yes,4,3,3,3,14-04-2014,4,2,5,1,0,2,5,4
17AD-99F5,Female,26,Some Travel,Technology,37,3,Computer Science,Software Engineer,26296,Yes,01-08-2014,Yes,5,2,2,2,01-03-2019,3,2,3,2,1,5,3,3
CC8A-0B1F,Female,28,Some Travel,Technology,23,2,Business Studies,Data Scientist,65328,No,27-06-2014,Yes,5,4,4,0,01-03-2019,4,2,5,2,1,5,4,3
DE22-FB63,Female,22,Some Travel,Technology,2,1,Information Systems,Software Engineer,24422,No,11-02-2019,Yes,1,0,0,1,01-03-2019,3,4,2,2,1,5,5,5
A366-C17A,Male,42,Some Travel,Technology,34,4,Business Studies,Machine Learning Engineer,126463,No,04-04-2012,No,10,0,1,8,01-03-2019,5,3,3,2,3,4,5,4
6EDB-94B7,Male,25,Some Travel,Technology,6,3,Computer Science,Engineering Manager,195911,No,09-07-2015,No,7,0,3,4,01-03-2019,4,4,2,3,0,2,4,3
93B1-6510,Male,28,No Travel ,Technology,30,3,Computer Science,Data Scientist,52930,No,23-02-2015,No,7,1,4,2,01-03-2019,5,2,4,2,0,3,4,4
EACC-D1F6,Male,25,Some Travel,Technology,20,3,Computer Science,Data Scientist,27673,Yes,05-05-2017,Yes,3,2,3,1,02-03-2019,5,3,5,1,1,4,3,3
21B3-8491,Male,42,Some Travel,Technology,37,4,Computer Science,Analytics Manager,244114,No,28-05-2013,No,9,6,7,0,02-03-2019,5,4,5,1,3,2,5,4
ABB5-0B95,Non-Binary,28,No Travel ,Technology,26,5,Computer Science,Data Scientist,112175,No,30-09-2015,No,7,1,3,4,02-03-2019,3,3,5,2,2,3,4,3
C57E-6E4F,Male,24,No Travel ,Technology,35,3,Computer Science,Data Scientist,32502,Yes,06-02-2018,Yes,1,1,1,0,03-03-2019,4,3,2,2,2,4,3,3
CDFB-6A08,Male,26,Some Travel,Technology,8,4,Other,Software Engineer,22918,Yes,01-05-2016,Yes,0,0,0,0,14-04-2014,5,4,4,3,1,5,3,3
CC2F-670E,Male,29,Frequent Traveller,Technology,26,3,Computer Science,Data Scientist,78541,Yes,23-02-2013,Yes,6,5,5,2,03-03-2019,4,3,3,3,1,2,3,3
FD0B-7B0A,Female,27,Some Travel,Sales,21,1,Marketing,Sales Representative,22648,Yes,12-01-2016,Yes,1,0,0,0,03-03-2019,4,5,2,1,2,5,4,3
0322-D46B,Male,32,Some Travel,Sales,39,4,Marketing ,Sales Executive,105748,No,28-03-2012,No,10,0,1,8,03-03-2019,3,3,2,3,0,3,5,5
06B9-B79D,Female,21,Some Travel,Sales,36,3,Marketing,Sales Executive,76057,No,12-12-2020,Yes,1,0,0,0,04-03-2019,4,3,2,3,0,3,4,4
1054-9C3B,Female,30,Some Travel,Technology,1,4,Other,Data Scientist,40285,Yes,21-03-2013,Yes,1,1,1,0,05-03-2019,3,2,2,3,0,4,5,5
155B-42BE,Female,25,Some Travel,Sales,38,2,Marketing ,Sales Executive,57018,No,21-02-2015,Yes,1,0,0,0,05-03-2019,5,2,2,1,0,2,4,4
5222-EBE1,Male,30,Some Travel,Technology,14,4,Computer Science,Machine Learning Engineer,194823,No,01-04-2012,No,10,4,9,8,05-03-2019,5,5,4,1,2,2,4,4
B1EC-849B,Female,28,Some Travel,Sales,1,4,Marketing ,Sales Executive,87039,No,13-05-2012,No,10,3,5,4,05-03-2019,3,5,5,1,2,5,4,3
468A-E249,Female,26,Some Travel,Technology,22,3,Business Studies,Engineering Manager,206137,No,27-06-2015,No,7,1,1,5,05-03-2019,5,5,5,1,1,4,5,4
8567-5B27,Female,28,Frequent Traveller,Sales,32,1,Technical Degree,Sales Representative,53439,Yes,27-04-2012,Yes,3,0,0,1,06-03-2019,3,5,4,1,0,3,5,5
45D7-5C8A,Male,26,Some Travel,Sales,45,3,Technical Degree,Sales Representative,20650,No,10-05-2014,Yes,2,0,0,1,25-01-2013,5,3,5,3,0,4,5,5
EE91-1A9C,Male,25,Some Travel,Technology,22,3,Information Systems,Data Scientist,21350,Yes,27-10-2016,Yes,5,3,3,2,15-04-2014,3,5,3,1,0,4,5,5
D970-9F5E,Female,29,Some Travel,Technology,36,3,Computer Science,Data Scientist,46813,No,29-05-2014,Yes,6,1,1,1,06-03-2019,4,5,5,3,0,3,4,3
EAB1-2EB2,Female,21,Some Travel,Technology,8,3,Business Studies,Data Scientist,36534,No,24-05-2019,Yes,0,0,0,0,06-03-2019,4,4,5,2,1,3,3,3
ACD5-5FA2,Female,28,Some Travel,Sales,17,3,Technical Degree,Sales Representative,70787,Yes,26-11-2015,No,7,2,5,5,06-03-2019,3,3,5,1,0,2,5,5
E7F5-0AD1,Male,24,Some Travel,Technology,16,1,Computer Science,Machine Learning Engineer,55814,No,21-03-2017,No,5,3,4,3,06-03-2019,3,2,2,3,0,5,3,2
3044-EB49,Male,23,Some Travel,Sales,44,2,Economics,Sales Executive,100314,Yes,25-09-2019,No,3,2,3,3,06-03-2019,5,2,2,1,1,3,5,4
7EE7-2C43,Female,29,Some Travel,Technology,9,4,Computer Science,Data Scientist,48321,Yes,26-10-2013,Yes,7,2,3,2,07-03-2019,3,5,3,3,3,4,3,3
D954-6402,Male,25,Some Travel,Sales,14,3,Marketing ,Sales Executive,123307,Yes,23-12-2015,Yes,7,2,3,1,07-03-2019,4,3,5,2,1,2,4,3
73CF-4956,Female,32,Some Travel,Technology,42,4,Computer Science,Data Scientist,102022,No,12-01-2012,No,10,4,5,8,07-03-2019,4,5,2,3,0,3,5,4
E3B6-49F8,Male,20,Some Travel,Technology,23,3,Business Studies,Software Engineer,33632,No,28-09-2022,Yes,0,0,0,0,07-03-2019,5,5,5,3,2,4,4,3
D86B-2E5E,Female,27,Some Travel,Sales,25,3,Technical Degree,Sales Executive,91202,Yes,15-02-2015,No,7,5,7,2,08-03-2019,5,5,3,1,1,3,5,5
7CFC-C4DA,Male,21,Some Travel,Technology,44,2,Other,Data Scientist,32676,Yes,20-04-2022,Yes,0,0,0,0,15-04-2014,5,3,4,2,1,5,3,3
4B6E-3C21,Female,32,Some Travel,Sales,29,4,Economics,Sales Executive,68043,No,25-09-2013,Yes,8,0,1,6,09-03-2019,4,2,4,1,1,5,4,3
40A9-8EB0,Female,39,Some Travel,Technology,31,3,Information Systems,Software Engineer,90017,Yes,07-02-2012,No,10,7,7,3,09-03-2019,5,2,4,2,1,4,4,3
0C23-26DD,Female,35,Some Travel,Sales,23,3,Economics,Sales Representative,81389,No,11-03-2013,No,9,3,7,5,09-03-2019,3,5,4,2,0,3,5,5
B005-602F,Female,19,Some Travel,Technology,11,4,Computer Science,Software Engineer,27760,Yes,06-11-2022,Yes,0,0,0,0,10-03-2019,4,2,4,1,1,2,4,3
4A0E-9958,Male,26,Some Travel,Technology,6,4,Information Systems,Machine Learning Engineer,89771,Yes,04-10-2016,Yes,1,0,0,0,11-03-2019,4,4,3,2,1,2,4,3
CFE3-312D,Male,21,Frequent Traveller,Sales,36,4,Other,Sales Executive,46452,Yes,08-11-2020,Yes,1,1,1,0,11-03-2019,3,2,4,1,0,4,5,5
A590-DF69,Female,28,Some Travel,Technology,24,3,Computer Science,Software Engineer,71553,No,30-12-2015,No,7,6,6,0,12-03-2019,5,5,4,1,3,2,4,3
68FB-06A7,Female,43,Frequent Traveller,Sales,1,3,Marketing,Sales Executive,180996,No,10-04-2012,No,10,8,10,9,13-03-2019,4,2,4,3,0,3,4,4
2551-DD9B,Female,33,Some Travel,Technology,40,4,Computer Science,Senior Software Engineer,181244,No,15-01-2014,No,8,4,8,8,13-03-2019,5,2,4,3,3,4,5,4
56A5-271B,Non-Binary,33,Some Travel,Technology,15,4,Other,Senior Software Engineer,108095,Yes,10-10-2013,No,9,8,9,9,13-03-2019,4,5,4,3,1,2,3,3
7A98-768E,Female,18,Some Travel,Sales,20,3,Technical Degree,Sales Executive,58523,No,25-01-2022,Yes,0,0,0,0,17-04-2014,3,4,4,2,2,3,5,4
B3FE-D332,Female,30,Some Travel,Technology,42,5,Computer Science,Software Engineer,93181,No,15-03-2013,No,9,8,9,4,13-03-2019,5,5,3,2,0,2,4,3
4F28-CFAF,Female,25,Some Travel,Sales,11,3,Marketing,Sales Executive,53930,Yes,13-09-2018,Yes,3,2,3,1,14-03-2019,5,4,3,3,1,3,3,2
7C80-94E0,Female,33,Some Travel,Technology,36,3,Computer Science,Machine Learning Engineer,88726,No,01-01-2013,No,9,8,8,6,14-03-2019,4,4,2,2,1,4,4,4
8233-2483,Female,35,Some Travel,Human Resources,7,3,Marketing ,Recruiter,47995,Yes,12-03-2012,No,10,5,6,3,14-03-2019,3,4,5,1,3,2,5,5
5F4E-EE5A,Prefer Not To Say,28,No Travel ,Technology,45,4,Information Systems,Machine Learning Engineer,87762,No,02-10-2015,No,7,2,7,2,14-03-2019,3,3,4,1,0,5,4,4
3C31-30CB,Female,24,Some Travel,Technology,3,3,Business Studies,Software Engineer,41664,No,08-06-2016,No,6,3,4,2,14-03-2019,5,5,5,1,1,5,3,3
A7BB-F5A7,Female,37,Some Travel,Sales,17,4,Economics,Manager,476151,No,08-12-2014,No,8,3,4,8,15-03-2019,3,4,4,2,2,4,3,2
D383-714B,Male,26,Frequent Traveller,Technology,12,3,Other,Data Scientist,29449,No,22-04-2017,No,5,1,3,1,15-03-2019,5,4,4,3,1,3,5,4
4500-37EB,Male,30,Frequent Traveller,Sales,40,2,Marketing,Sales Representative,44632,No,26-03-2013,Yes,1,0,0,0,16-03-2019,4,5,2,2,1,5,5,4
528C-3E0D,Male,30,Some Travel,Technology,4,1,Information Systems,Data Scientist,42045,Yes,15-10-2013,Yes,6,0,3,3,16-03-2019,3,4,4,3,1,3,5,5
C3C0-349E,Male,45,Some Travel,Sales,22,4,Marketing ,Sales Executive,270302,No,13-05-2022,Yes,0,0,0,0,17-04-2014,5,3,2,1,1,5,4,3
D077-169C,Male,46,Some Travel,Sales,20,2,Technical Degree,Sales Executive,150731,No,06-03-2012,No,10,8,9,3,17-03-2019,4,3,5,3,1,2,5,4
B44E-8AEE,Female,28,Some Travel,Sales,7,5,Marketing,Sales Executive,181164,No,01-11-2015,No,7,5,6,1,17-03-2019,4,2,4,1,1,2,3,2
9727-BC84,Male,31,Some Travel,Sales,15,3,Marketing,Sales Executive,187930,No,07-04-2012,Yes,3,2,2,0,18-03-2019,3,5,2,1,0,5,5,4
DA8E-9496,Male,27,Some Travel,Technology,22,2,Computer Science,Data Scientist,56449,Yes,04-10-2016,Yes,3,1,1,2,18-03-2019,3,3,3,3,1,3,4,3
DEC5-9319,Male,23,Some Travel,Technology,5,3,Information Systems,Software Engineer,63709,No,14-04-2017,Yes,1,0,0,0,18-03-2019,4,3,2,3,0,2,5,4
88B8-EB84,Female,34,Some Travel,Technology,41,2,Information Systems,Engineering Manager,357371,No,24-03-2012,No,10,9,9,3,19-03-2019,5,3,5,1,2,4,4,4
9C57-828C,Male,31,Some Travel,Technology,39,3,Computer Science,Senior Software Engineer,242890,No,11-07-2013,No,9,3,3,9,19-03-2019,4,2,5,3,0,5,4,3
7961-A93B,Male,29,Some Travel,Technology,3,3,Computer Science,Analytics Manager,393103,Yes,30-03-2016,No,6,4,4,5,19-03-2019,4,2,4,3,2,2,4,4
59F5-F57D,Female,26,Frequent Traveller,Technology,17,2,Information Systems,Senior Software Engineer,59981,Yes,25-05-2015,No,7,1,5,2,21-03-2019,3,3,2,2,2,5,4,4
25F5-0EAF,Non-Binary,26,Some Travel,Sales,38,3,Technical Degree,Sales Executive,104898,No,16-10-2016,No,6,5,5,1,21-03-2019,4,3,4,3,1,3,4,3
5D69-D350,Male,24,Frequent Traveller,Technology,7,3,Information Systems,Data Scientist,104649,No,23-09-2016,Yes,4,4,4,3,18-04-2014,3,2,3,1,1,4,4,4
40CC-6231,Female,25,Frequent Traveller,Technology,17,3,Computer Science,Software Engineer,54566,No,15-06-2016,No,6,3,6,5,21-03-2019,4,2,3,2,2,5,5,4
8F38-A4DD,Female,27,No Travel ,Technology,25,3,Computer Science,Software Engineer,27369,No,29-11-2016,No,6,4,6,3,21-03-2019,3,3,5,1,0,2,4,4
E1B4-9AA1,Female,46,Some Travel,Sales,36,3,Marketing ,Sales Executive,96188,Yes,26-04-2012,Yes,9,8,9,5,22-03-2019,5,3,5,2,1,2,4,4
3CD6-5587,Female,31,Some Travel,Technology,20,2,Computer Science,Software Engineer,59697,Yes,02-02-2012,Yes,7,5,6,0,23-03-2019,3,4,4,2,2,3,4,4
BAFA-86DF,Male,26,No Travel ,Technology,15,4,Business Studies,Software Engineer,35373,Yes,02-08-2017,Yes,4,3,3,0,23-03-2019,5,3,5,3,1,5,5,5
C6D7-A568,Female,42,No Travel ,Sales,10,2,Marketing ,Sales Representative,48922,No,07-05-2012,No,10,3,9,9,23-03-2019,4,3,3,2,1,4,3,3
5160-53BD,Non-Binary,29,Some Travel,Technology,24,3,Computer Science,Software Engineer,41307,No,19-08-2014,Yes,0,0,0,0,24-03-2019,4,5,4,3,2,2,3,2
81FF-8D6C,Female,24,Some Travel,Sales,13,3,Economics,Sales Representative,24095,No,28-04-2018,Yes,2,2,2,1,24-03-2019,4,3,5,2,1,4,5,5
84E7-02D4,Male,26,Some Travel,Technology,41,5,Business Studies,Machine Learning Engineer,161600,No,07-12-2017,Yes,5,0,2,0,25-03-2019,4,5,4,3,0,2,3,2
6010-A052,Female,20,Some Travel,Technology,26,4,Business Studies,Software Engineer,37094,No,02-03-2020,Yes,1,0,0,0,25-03-2019,3,4,3,2,1,4,4,4
4BE1-4A7B,Male,23,Frequent Traveller,Technology,10,3,Information Systems,Software Engineer,44566,Yes,29-01-2020,Yes,1,0,0,0,18-04-2014,3,2,2,3,0,5,4,3
5634-9D10,Female,25,Some Travel,Technology,23,1,Information Systems,Software Engineer,42656,No,15-07-2018,No,4,1,4,2,25-03-2019,4,5,4,1,0,4,4,4
5F2E-A68B,Prefer Not To Say,26,Some Travel,Technology,16,4,Other,Software Engineer,60834,No,01-06-2015,No,7,0,0,5,26-03-2019,5,3,3,3,2,5,3,2
E442-1FEE,Female,25,Frequent Traveller,Technology,36,2,Information Systems,Data Scientist,31698,No,13-02-2017,No,5,5,5,2,26-03-2019,5,2,3,1,1,2,3,3
6176-3BEE,Male,29,Some Travel,Sales,20,3,Marketing ,Sales Executive,149688,Yes,04-02-2013,Yes,2,2,2,2,27-03-2019,3,2,5,2,3,5,5,5
47A0-559B,Non-Binary,39,Some Travel,Technology,12,3,Computer Science,Engineering Manager,293132,No,05-01-2012,No,10,10,10,0,27-03-2019,4,4,3,3,2,5,3,2
A954-6310,Female,29,Some Travel,Technology,45,3,Computer Science,Machine Learning Engineer,207952,Yes,17-08-2013,No,9,9,9,7,27-03-2019,5,2,2,3,0,2,5,4
C525-8BB9,Male,29,Some Travel,Technology,14,3,Other,Data Scientist,70872,No,10-04-2013,No,9,2,7,9,27-03-2019,4,4,4,1,2,4,4,3
9AAB-DCD0,Female,28,Some Travel,Technology,14,2,Business Studies,Software Engineer,105984,Yes,04-02-2012,No,10,7,9,10,28-03-2019,4,4,4,3,0,4,3,3
9412-7AA6,Non-Binary,27,Some Travel,Technology,10,3,Information Systems,Data Scientist,45438,No,19-04-2015,No,7,1,5,5,28-03-2019,4,5,2,3,1,3,4,3
00E4-3D60,Female,30,Frequent Traveller,Technology,37,1,Business Studies,Data Scientist,109778,No,23-06-2022,Yes,0,0,0,0,29-03-2019,5,5,5,2,2,4,4,4
C661-6A1C,Female,25,Frequent Traveller,Technology,24,1,Business Studies,Software Engineer,40314,No,15-09-2016,Yes,3,1,3,3,21-04-2014,4,3,2,1,2,3,4,4
DD1E-583D,Male,24,Some Travel,Human Resources,36,3,Human Resources,Recruiter,29428,No,02-03-2017,No,5,5,5,0,29-03-2019,4,3,2,1,1,5,4,4
03C5-51AD,Female,25,Some Travel,Technology,1,2,Computer Science,Data Scientist,32354,Yes,06-12-2015,Yes,7,4,6,2,30-03-2019,4,5,4,3,0,3,4,4
A807-DE5D,Non-Binary,47,Some Travel,Technology,13,3,Computer Science,Data Scientist,61915,No,07-01-2014,No,8,2,4,7,30-03-2019,5,4,4,1,1,4,5,4
8BCA-723F,Male,46,Some Travel,Technology,24,4,Computer Science,Data Scientist,43487,No,29-06-2014,No,8,8,8,8,30-03-2019,4,4,4,2,1,2,3,2
8FD9-AA59,Non-Binary,26,Frequent Traveller,Sales,14,4,Marketing ,Sales Executive,71349,No,20-06-2014,Yes,7,2,2,1,31-03-2019,5,3,5,2,0,3,4,4
86E2-73D1,Male,39,Some Travel,Technology,3,3,Computer Science,Machine Learning Engineer,81115,No,24-01-2013,No,9,2,4,0,31-03-2019,3,5,4,3,2,3,4,3
C520-6F2B,Female,25,Some Travel,Technology,34,3,Information Systems,Data Scientist,45286,Yes,14-07-2016,No,6,1,3,1,31-03-2019,3,3,2,2,1,4,5,4
A105-470B,Male,25,Frequent Traveller,Technology,28,1,Information Systems,Software Engineer,23993,Yes,31-05-2016,No,6,3,4,4,01-04-2019,3,4,3,1,0,3,3,3
0210-E0D8,Male,36,Some Travel,Sales,7,3,Technical Degree,Sales Executive,243989,Yes,18-07-2020,Yes,1,0,1,1,02-04-2019,3,2,3,3,0,2,4,4
07B2-D67A,Male,44,Some Travel,Sales,40,2,Economics,Manager,285620,No,30-01-2012,No,10,6,8,4,02-04-2019,4,4,5,1,0,5,5,5
4188-C61D,Female,22,No Travel ,Technology,27,1,Information Systems,Data Scientist,23039,No,08-03-2018,Yes,0,0,0,0,23-04-2014,3,5,3,1,2,3,4,4
819A-2C9C,Male,30,No Travel ,Technology,7,3,Computer Science,Data Scientist,138989,Yes,14-08-2013,No,9,2,4,8,02-04-2019,4,3,5,1,3,5,3,3
2D85-ABDD,Female,33,No Travel ,Sales,29,3,Economics,Sales Executive,65094,No,20-06-2014,No,8,8,8,0,02-04-2019,3,5,5,3,3,3,4,4
B6EC-313E,Male,26,Frequent Traveller,Human Resources,17,3,Human Resources,Recruiter,30502,No,09-08-2014,Yes,0,0,0,0,03-04-2019,5,5,3,2,1,3,5,4
6653-BD41,Female,27,Some Travel,Technology,5,3,Computer Science,Engineering Manager,238435,No,07-08-2015,No,7,2,4,1,04-04-2019,4,5,5,2,0,3,3,2
B49A-7D79,Non-Binary,27,Some Travel,Technology,20,1,Business Studies,Software Engineer,22986,Yes,02-06-2015,No,7,6,7,0,04-04-2019,4,2,2,2,0,4,3,2
20CA-404E,Female,25,Some Travel,Technology,13,3,Information Systems,Analytics Manager,211401,No,17-07-2016,No,6,1,1,3,04-04-2019,4,5,3,2,0,2,4,4
0D8F-C0F3,Female,29,Some Travel,Technology,44,3,Business Studies,Data Scientist,67578,No,10-06-2013,Yes,1,0,0,0,05-04-2019,5,3,5,1,1,3,5,4
1799-5B3F,Male,24,Some Travel,Sales,21,4,Marketing,Sales Executive,85118,No,18-03-2019,Yes,0,0,0,0,05-04-2019,3,3,3,3,2,5,3,3
3B11-DF28,Female,23,Frequent Traveller,Technology,28,2,Computer Science,Data Scientist,57133,No,23-08-2019,Yes,3,0,0,1,05-04-2019,3,3,3,2,2,3,3,3
C95C-CE06,Male,44,Some Travel,Sales,35,3,Marketing,Sales Representative,75667,No,27-10-2014,No,8,6,6,3,05-04-2019,3,5,2,3,1,2,4,4
DFE3-6FA7,Female,43,Frequent Traveller,Sales,5,3,Marketing ,Sales Executive,350525,Yes,27-05-2012,Yes,9,3,9,6,23-04-2014,3,4,5,3,2,4,5,5
076F-8AA3,Male,39,Some Travel,Technology,5,2,Computer Science,Data Scientist,58685,No,08-03-2012,Yes,9,6,6,2,06-04-2019,4,3,5,1,1,2,4,4
95D7-1CE9,Male,43,Some Travel,Human Resources,29,4,Marketing ,HR Business Partner,309964,No,04-01-2012,No,10,6,10,8,08-04-2019,3,4,2,3,0,2,3,3
B013-7D0C,Female,28,Some Travel,Technology,24,3,Information Systems,Data Scientist,46313,Yes,30-08-2013,Yes,1,1,1,0,09-04-2019,3,5,5,2,0,4,5,4
531D-788E,Male,21,Frequent Traveller,Technology,16,2,Computer Science,Data Scientist,42569,No,13-04-2022,Yes,0,0,0,0,09-04-2019,5,3,5,2,1,4,5,4
8EA4-9179,Male,25,Some Travel,Technology,23,3,Computer Science,Data Scientist,24626,No,14-03-2015,No,7,7,7,1,09-04-2019,3,4,4,1,1,3,4,3
AEDB-BB62,Male,39,Some Travel,Technology,34,1,Computer Science,Machine Learning Engineer,264285,No,23-03-2012,No,10,10,10,1,10-04-2019,3,2,4,3,1,2,5,5
F430-0404,Female,32,No Travel ,Sales,23,4,Economics,Sales Executive,237749,No,19-07-2013,No,9,1,6,6,10-04-2019,4,5,4,1,1,4,3,2
8733-BC3C,Male,26,Frequent Traveller,Technology,22,3,Computer Science,Software Engineer,81726,Yes,06-11-2016,No,6,0,6,1,10-04-2019,4,5,3,2,0,2,3,2
152E-8DB1,Female,31,Some Travel,Technology,14,1,Other,Software Engineer,63482,No,23-04-2012,Yes,1,0,1,1,11-04-2019,5,3,4,2,1,3,5,5
1A7C-19DB,Female,39,Some Travel,Technology,42,4,Computer Science,Engineering Manager,539998,Yes,22-11-2020,Yes,1,0,0,0,11-04-2019,3,3,3,2,1,3,5,5
D24B-5AC8,Male,24,Some Travel,Technology,45,4,Information Systems,Data Scientist,38022,No,14-07-2017,No,5,5,5,1,23-04-2014,4,2,5,1,0,2,5,4
489B-14EC,Female,21,Some Travel,Technology,15,2,Computer Science,Machine Learning Engineer,62882,Yes,09-01-2021,Yes,0,0,0,0,11-04-2019,5,3,5,2,0,3,4,3
D7F8-1775,Male,36,Some Travel,Sales,13,3,Marketing ,Sales Executive,121303,No,12-07-2014,No,8,2,3,0,11-04-2019,5,4,2,2,1,2,5,4
52CC-3E9E,Male,30,Frequent Traveller,Technology,13,4,Computer Science,Software Engineer,40321,Yes,26-08-2013,Yes,5,0,0,3,12-04-2019,3,3,2,1,1,5,4,3
A531-8159,Female,37,No Travel ,Technology,16,3,Information Systems,Data Scientist,82099,No,23-02-2012,No,10,1,7,6,12-04-2019,4,3,5,3,2,2,4,3
C5C2-985F,Male,29,Some Travel,Sales,3,3,Other,Sales Representative,46465,Yes,16-05-2014,Yes,4,3,3,3,13-04-2019,3,5,2,1,1,3,3,3
CDFB-6A08,Male,26,Some Travel,Technology,8,4,Other,Software Engineer,22918,Yes,01-05-2016,Yes,0,0,0,0,13-04-2019,4,3,4,2,0,3,5,4
5C03-1009,Female,42,Some Travel,Technology,21,3,Information Systems,Engineering Manager,316208,No,17-01-2012,No,10,8,8,7,13-04-2019,4,5,4,2,0,5,4,4
E899-A860,Male,31,Some Travel,Sales,10,3,Marketing ,Sales Executive,110076,Yes,23-12-2014,No,8,5,8,6,13-04-2019,3,3,2,1,1,2,3,2
EE91-1A9C,Male,25,Some Travel,Technology,22,3,Information Systems,Data Scientist,21350,Yes,27-10-2016,Yes,5,3,3,2,14-04-2019,5,4,5,3,0,5,5,5
7CFC-C4DA,Male,21,Some Travel,Technology,44,2,Other,Data Scientist,32676,Yes,20-04-2022,Yes,0,0,0,0,14-04-2019,5,5,3,2,0,3,4,4
B4E1-4A3E,Female,28,Some Travel,Technology,12,2,Computer Science,Data Scientist,115895,No,31-03-2014,Yes,4,1,3,2,26-01-2013,3,2,5,2,2,3,3,3
51A4-EA6E,Non-Binary,46,Some Travel,Sales,17,3,Marketing ,Sales Executive,223874,No,19-07-2021,Yes,1,0,0,0,25-04-2014,5,3,5,1,0,4,3,2
CF2F-8CA3,Male,45,Some Travel,Sales,20,2,Marketing ,Sales Executive,76693,No,06-02-2012,No,10,2,9,10,14-04-2019,5,4,2,2,1,3,3,3
AC19-7EE7,Male,25,Some Travel,Sales,38,3,Marketing ,Sales Executive,86485,Yes,07-09-2015,No,7,6,6,0,15-04-2019,4,3,5,1,1,4,4,4
7A98-768E,Female,18,Some Travel,Sales,20,3,Technical Degree,Sales Executive,58523,No,25-01-2022,Yes,0,0,0,0,16-04-2019,3,4,4,2,1,3,4,4
C3C0-349E,Male,45,Some Travel,Sales,22,4,Marketing ,Sales Executive,270302,No,13-05-2022,Yes,0,0,0,0,16-04-2019,5,3,4,2,0,3,3,3
96F4-896C,Male,43,No Travel ,Technology,21,4,Information Systems,Analytics Manager,280756,No,05-03-2013,No,9,8,8,3,16-04-2019,5,3,3,1,1,5,4,4
B52E-BF41,Female,30,Some Travel,Technology,26,4,Computer Science,Data Scientist,36280,No,04-12-2013,No,9,9,9,9,16-04-2019,3,5,2,2,0,2,5,4
5D69-D350,Male,24,Frequent Traveller,Technology,7,3,Information Systems,Data Scientist,104649,No,23-09-2016,Yes,4,4,4,3,17-04-2019,5,5,2,1,1,3,4,4
4BE1-4A7B,Male,23,Frequent Traveller,Technology,10,3,Information Systems,Software Engineer,44566,Yes,29-01-2020,Yes,1,0,0,0,17-04-2019,4,3,4,3,1,2,3,3
10E9-4C86,Non-Binary,34,Frequent Traveller,Technology,12,2,Computer Science,Data Scientist,44057,Yes,17-05-2014,No,8,7,7,1,17-04-2019,5,2,3,1,1,3,4,4
6661-FA04,Male,44,Some Travel,Technology,28,3,Computer Science,Software Engineer,49447,No,09-10-2014,No,8,7,7,8,17-04-2019,5,3,5,1,1,2,4,4
BAF9-933D,Male,41,Some Travel,Human Resources,36,3,Human Resources,HR Executive,131047,No,23-12-2014,No,8,4,4,7,25-04-2014,5,5,5,3,0,2,4,4
AB81-A3A0,Male,29,Some Travel,Sales,14,4,Marketing,Sales Executive,96319,No,14-06-2013,No,9,1,4,5,18-04-2019,4,3,3,2,0,4,3,2
9D01-8A02,Male,31,Some Travel,Technology,8,1,Information Systems,Software Engineer,70682,No,24-02-2014,No,8,4,8,2,18-04-2019,5,2,2,3,1,4,4,4
FD3F-5255,Female,45,Some Travel,Technology,2,1,Information Systems,Data Scientist,64795,Yes,03-03-2012,No,10,5,8,10,19-04-2019,4,3,5,1,3,2,3,3
C661-6A1C,Female,25,Frequent Traveller,Technology,24,1,Business Studies,Software Engineer,40314,No,15-09-2016,Yes,3,1,3,3,20-04-2019,3,5,4,2,1,4,3,2
C025-B8B6,Male,44,Some Travel,Sales,29,3,Marketing ,Sales Executive,126073,No,03-01-2014,No,8,0,2,0,20-04-2019,3,5,5,2,0,5,5,4
5BDE-7102,Female,25,Some Travel,Technology,16,2,Computer Science,Engineering Manager,184441,No,13-11-2016,No,6,6,6,3,20-04-2019,5,4,3,3,1,5,3,2
9528-AA17,Female,48,Some Travel,Technology,30,3,Information Systems,Software Engineer,72794,No,14-02-2012,No,10,4,5,3,21-04-2019,5,2,2,2,0,3,4,4
F9C6-39E2,Female,48,Some Travel,Sales,4,3,Marketing,Sales Representative,55880,No,19-11-2014,No,8,1,6,5,21-04-2019,3,2,3,3,0,2,3,3
4188-C61D,Female,22,No Travel ,Technology,27,1,Information Systems,Data Scientist,23039,No,08-03-2018,Yes,0,0,0,0,22-04-2019,3,5,4,3,0,2,4,4
DFE3-6FA7,Female,43,Frequent Traveller,Sales,5,3,Marketing ,Sales Executive,350525,Yes,27-05-2012,Yes,9,3,9,6,22-04-2019,5,5,3,3,0,4,3,3
1147-7E2F,Male,22,Some Travel,Technology,23,3,Computer Science,Data Scientist,37021,No,15-07-2018,Yes,3,0,1,2,26-04-2014,5,5,3,3,0,5,4,3
7335-4656,Female,45,Some Travel,Technology,14,2,Computer Science,Machine Learning Engineer,223124,No,02-10-2013,No,9,2,3,2,22-04-2019,3,4,3,2,1,4,5,4
ACF7-5B99,Female,26,Some Travel,Sales,17,4,Marketing ,Sales Executive,97811,Yes,16-05-2015,No,7,3,6,4,22-04-2019,5,4,2,2,2,4,3,2
E503-C500,Male,28,Some Travel,Technology,39,5,Computer Science,Software Engineer,81906,No,04-06-2015,No,7,4,4,1,22-04-2019,3,3,3,2,3,2,3,3
49B2-0364,Male,45,Frequent Traveller,Sales,1,3,Marketing ,Sales Representative,70487,No,09-05-2012,No,10,0,7,3,23-04-2019,5,2,2,3,2,4,3,2
920B-7B40,Male,26,Some Travel,Technology,22,3,Information Systems,Software Engineer,52390,Yes,21-04-2015,No,7,4,5,3,23-04-2019,3,5,5,2,1,4,3,2
A11D-324A,Male,27,Some Travel,Sales,44,4,Marketing,Manager,152147,No,22-01-2016,No,6,6,6,6,23-04-2019,3,3,2,2,0,3,3,3
D754-4CDF,Male,25,Some Travel,Technology,18,3,Computer Science,Senior Software Engineer,55541,No,08-01-2017,No,5,4,5,4,23-04-2019,5,3,4,3,1,5,5,4
51A4-EA6E,Non-Binary,46,Some Travel,Sales,17,3,Marketing ,Sales Executive,223874,No,19-07-2021,Yes,1,0,0,0,24-04-2019,4,5,3,3,1,3,5,5
A4A4-F49C,Male,34,Some Travel,Technology,40,3,Computer Science,Senior Software Engineer,97542,No,06-05-2012,No,10,10,10,7,24-04-2019,3,4,2,2,1,3,4,4
23FC-93A5,Female,26,Some Travel,Technology,2,4,Information Systems,Software Engineer,55565,No,22-02-2016,No,6,6,6,4,24-04-2019,3,2,5,1,1,4,3,2
4E65-CCD0,Non-Binary,26,Some Travel,Technology,16,1,Computer Science,Senior Software Engineer,54746,Yes,27-01-2015,No,7,2,4,4,27-04-2014,3,2,4,3,3,4,5,4
924E-1035,Male,23,Some Travel,Sales,26,2,Marketing ,Sales Executive,58345,Yes,19-01-2017,No,5,4,4,4,24-04-2019,4,5,2,3,1,3,5,5
1147-7E2F,Male,22,Some Travel,Technology,23,3,Computer Science,Data Scientist,37021,No,15-07-2018,Yes,3,0,1,2,25-04-2019,5,3,3,2,1,4,3,2
A31A-A90C,Male,36,Some Travel,Technology,7,3,Information Systems,Data Scientist,46773,Yes,28-02-2014,No,8,7,8,2,25-04-2019,3,5,4,2,1,5,5,5
B8C3-5E0A,Female,26,Some Travel,Technology,18,3,Computer Science,Data Scientist,26414,No,14-05-2017,No,5,5,5,0,25-04-2019,4,3,2,2,0,3,4,3
D529-0BC2,Female,24,Some Travel,Technology,42,2,Other,Data Scientist,38775,Yes,06-02-2017,No,5,0,5,1,27-04-2019,4,3,2,3,1,2,4,3
1AC8-361F,Male,26,Some Travel,Sales,22,1,Marketing ,Sales Executive,87142,No,11-11-2015,Yes,2,1,1,0,28-04-2019,3,3,3,2,0,3,5,5
D93A-CC98,Female,24,Some Travel,Sales,27,4,Marketing,Sales Executive,208684,Yes,06-03-2018,Yes,2,0,0,0,28-04-2019,4,2,4,1,0,5,3,3
EE63-4E57,Female,24,Frequent Traveller,Technology,26,4,Business Studies,Senior Software Engineer,133949,No,26-10-2016,No,6,4,6,6,28-04-2019,3,5,5,3,3,2,5,5
F1BD-033D,Male,25,Some Travel,Technology,21,5,Information Systems,Software Engineer,46362,Yes,15-03-2016,No,6,0,4,5,28-04-2019,4,4,5,1,1,3,5,5
FB1F-9947,Female,23,Some Travel,Technology,4,3,Business Studies,Machine Learning Engineer,106418,Yes,20-10-2018,No,4,0,3,0,28-04-2019,4,4,3,2,2,3,3,3
7EEF-9A90,Female,23,Some Travel,Sales,18,4,Technical Degree,Sales Executive,83677,Yes,10-07-2017,No,5,0,5,3,27-04-2014,5,4,5,3,1,3,5,4
C79A-E5E1,Female,32,Frequent Traveller,Technology,13,1,Computer Science,Data Scientist,48835,Yes,17-02-2012,Yes,8,5,7,0,29-04-2019,3,5,2,1,0,4,5,4
5D73-961A,Male,27,Some Travel,Technology,1,2,Computer Science,Senior Software Engineer,90487,No,25-05-2016,No,6,4,4,4,29-04-2019,5,4,3,1,2,4,5,4
A1B4-5481,Male,25,Some Travel,Sales,37,3,Economics,Sales Executive,79329,No,22-07-2016,Yes,1,1,1,1,30-04-2019,5,2,2,2,2,4,4,3
D49C-096C,Non-Binary,26,No Travel ,Sales,10,2,Economics,Sales Executive,55537,No,16-03-2014,Yes,4,1,1,1,30-04-2019,3,5,2,1,1,5,5,4
2F04-931F,Male,23,Some Travel,Technology,25,3,Business Studies,Data Scientist,37121,Yes,02-10-2018,Yes,1,0,0,0,30-04-2019,3,3,3,1,1,3,5,4
380E-44B4,Male,21,Some Travel,Technology,19,4,Computer Science,Data Scientist,25255,No,01-08-2022,Yes,0,0,0,0,30-04-2019,3,5,3,1,1,3,4,4
327B-F6D3,Female,37,Some Travel,Technology,6,2,Computer Science,Data Scientist,42188,No,04-10-2013,Yes,8,3,5,6,01-05-2019,5,5,3,1,0,4,5,4
B148-55FB,Male,38,Frequent Traveller,Technology,23,4,Computer Science,Machine Learning Engineer,231699,No,06-11-2018,Yes,1,0,0,0,01-05-2019,3,5,2,1,1,2,5,5
1472-9F69,Male,27,Some Travel,Sales,1,4,Marketing ,Sales Representative,30870,No,28-12-2014,Yes,3,1,2,3,02-05-2019,4,3,2,3,2,4,3,2
59DB-8465,Female,47,Frequent Traveller,Human Resources,3,3,Marketing ,HR Executive,85744,No,02-03-2013,No,9,0,9,8,02-05-2019,4,2,3,1,2,5,3,2
1AC8-361F,Male,26,Some Travel,Sales,22,1,Marketing ,Sales Executive,87142,No,11-11-2015,Yes,2,1,1,0,29-04-2014,3,4,3,3,2,4,4,3
9385-321B,Female,24,Some Travel,Sales,34,1,Economics,Sales Executive,107634,No,15-09-2019,No,3,2,2,2,02-05-2019,5,5,4,3,2,3,3,2
D31B-BEF8,Male,25,Frequent Traveller,Sales,19,4,Marketing ,Sales Representative,28090,No,31-08-2016,Yes,0,0,0,0,03-05-2019,3,5,3,3,3,2,3,2
565B-C207,Female,30,No Travel ,Technology,3,3,Information Systems,Data Scientist,47338,No,08-05-2013,No,9,4,9,1,03-05-2019,5,4,5,2,0,4,5,5
B90D-4BEF,Female,29,Some Travel,Technology,32,3,Information Systems,Engineering Manager,388605,Yes,01-01-2017,No,5,2,5,0,03-05-2019,3,3,4,2,0,4,5,4
13E5-2F17,Male,24,Frequent Traveller,Technology,15,3,Computer Science,Senior Software Engineer,139627,No,27-01-2016,Yes,5,0,4,1,04-05-2019,5,4,5,3,0,2,4,4
ADF8-AD57,Male,27,Some Travel,Technology,28,3,Computer Science,Data Scientist,20387,No,16-08-2016,Yes,0,0,0,0,04-05-2019,4,2,2,2,0,2,4,4
ED5D-E9D8,Female,28,Some Travel,Sales,32,1,Economics,Sales Representative,52528,No,02-07-2014,No,8,2,4,6,04-05-2019,3,5,2,3,0,3,5,4
FE2B-3DC7,Female,28,Some Travel,Technology,23,3,Information Systems,Data Scientist,35606,Yes,07-05-2012,Yes,5,3,4,5,05-05-2019,5,4,4,2,1,4,3,3
F3D0-41D1,Male,20,Some Travel,Technology,34,4,Computer Science,Software Engineer,22925,Yes,13-06-2021,Yes,1,0,0,0,05-05-2019,4,5,4,2,1,3,3,2
11AE-3E4D,Male,39,Some Travel,Sales,38,2,Technical Degree,Manager,300299,Yes,19-02-2012,No,10,7,7,10,05-05-2019,5,4,2,2,0,5,3,2
D93A-CC98,Female,24,Some Travel,Sales,27,4,Marketing,Sales Executive,208684,Yes,06-03-2018,Yes,2,0,0,0,29-04-2014,4,2,4,2,1,2,3,3
9C6C-E5CE,Non-Binary,23,Frequent Traveller,Technology,15,3,Information Systems,Data Scientist,29890,No,24-07-2017,No,5,0,1,1,05-05-2019,4,5,2,2,1,4,5,5
2CA8-4E1B,Non-Binary,23,Some Travel,Technology,7,3,Business Studies,Software Engineer,28753,No,02-05-2017,Yes,2,1,1,0,06-05-2019,5,5,5,3,3,5,4,3
08E4-D3D5,Male,21,Some Travel,Technology,25,4,Computer Science,Data Scientist,34634,No,11-12-2019,Yes,1,1,1,1,06-05-2019,5,3,4,2,0,3,3,2
D2BE-E6F6,Female,31,Frequent Traveller,Sales,28,2,Marketing ,Sales Executive,183189,No,01-01-2014,No,8,3,6,6,06-05-2019,5,2,5,2,0,3,3,3
E8B6-8BAE,Male,29,Some Travel,Sales,18,2,Economics,Sales Executive,225330,No,02-03-2022,Yes,0,0,0,0,07-05-2019,5,3,2,3,0,4,5,5
291F-B604,Male,26,Some Travel,Technology,3,4,Information Systems,Data Scientist,28952,Yes,22-10-2016,Yes,0,0,0,0,08-05-2019,4,5,3,3,0,4,4,4
692B-7152,Male,47,Some Travel,Sales,42,3,Marketing ,Sales Executive,249553,No,20-05-2012,No,10,3,4,9,08-05-2019,3,2,5,2,0,3,5,5
5A65-768A,Female,43,Frequent Traveller,Sales,40,4,Economics,Sales Executive,86038,No,06-07-2014,No,8,1,3,3,08-05-2019,4,5,5,1,3,3,4,3
4657-FE18,Non-Binary,29,Some Travel,Technology,25,2,Information Systems,Senior Software Engineer,145716,No,22-02-2018,Yes,1,0,1,1,09-05-2019,5,4,2,1,1,5,3,3
4C41-7F73,Female,24,Some Travel,Technology,30,3,Computer Science,Machine Learning Engineer,94318,Yes,21-09-2016,No,6,3,6,5,09-05-2019,5,3,5,2,2,3,5,4
C79A-E5E1,Female,32,Frequent Traveller,Technology,13,1,Computer Science,Data Scientist,48835,Yes,17-02-2012,Yes,8,5,7,0,30-04-2014,4,3,3,1,0,4,5,4
E28D-424B,Non-Binary,22,Some Travel,Sales,5,1,Economics,Sales Executive,64689,No,19-01-2020,Yes,1,1,1,1,10-05-2019,3,3,2,1,1,3,5,5
7B47-C915,Female,36,Some Travel,Sales,23,4,Marketing,Sales Executive,195502,No,23-02-2014,No,8,0,3,0,10-05-2019,3,4,4,3,0,2,5,5
28F4-8367,Non-Binary,25,Some Travel,Technology,4,3,Business Studies,Machine Learning Engineer,39456,No,15-04-2017,No,5,1,5,4,10-05-2019,5,2,5,2,0,5,4,3
A848-F98B,Male,25,Some Travel,Technology,37,2,Computer Science,Data Scientist,38038,No,26-01-2018,Yes,2,1,1,1,11-05-2019,3,3,3,3,1,5,5,5
DA4C-7F2E,Female,26,Some Travel,Technology,18,3,Computer Science,Analytics Manager,178836,No,18-04-2016,No,6,4,5,6,11-05-2019,3,2,5,1,0,4,5,4
1C87-44CB,Female,28,Frequent Traveller,Technology,9,3,Computer Science,Software Engineer,48930,Yes,14-03-2012,Yes,7,4,6,2,12-05-2019,5,2,2,3,1,2,3,3
41FE-D257,Male,23,Frequent Traveller,Sales,31,3,Technical Degree,Sales Representative,23505,No,12-07-2017,Yes,1,0,0,0,12-05-2019,4,2,2,1,1,2,5,5
A690-3D5D,Female,35,Some Travel,Technology,7,3,Information Systems,Senior Software Engineer,253952,Yes,02-10-2013,No,9,9,9,4,12-05-2019,5,4,4,3,1,5,5,5
42CC-040A,Female,29,Some Travel,Human Resources,29,2,Technical Degree,Recruiter,49606,No,05-01-2012,Yes,6,1,1,6,13-05-2019,4,5,4,3,0,4,4,3
C9FF-3A25,Male,28,No Travel ,Technology,17,2,Information Systems,Software Engineer,54324,Yes,10-09-2015,Yes,3,3,3,1,13-05-2019,3,2,3,3,2,2,5,5
A1B4-5481,Male,25,Some Travel,Sales,37,3,Economics,Sales Executive,79329,No,22-07-2016,Yes,1,1,1,1,01-05-2014,5,4,4,2,3,5,3,2
BE93-0736,Male,35,No Travel ,Technology,17,2,Computer Science,Senior Software Engineer,117151,No,26-03-2012,No,10,3,7,6,13-05-2019,3,5,5,1,1,2,5,4
1F0F-458C,Female,29,Some Travel,Technology,3,3,Business Studies,Data Scientist,60388,Yes,11-04-2013,Yes,5,1,3,1,14-05-2019,3,4,3,1,0,5,4,4
A184-3B30,Male,26,Some Travel,Technology,17,3,Information Systems,Software Engineer,55778,No,05-11-2015,No,7,4,7,6,14-05-2019,5,4,5,2,3,3,4,3
801C-89BF,Female,24,Some Travel,Technology,5,2,Information Systems,Data Scientist,46151,No,12-11-2016,No,6,4,6,2,14-05-2019,3,2,4,3,1,4,5,4
C8BC-3B77,Female,27,Frequent Traveller,Sales,21,3,Economics,Sales Executive,66488,No,18-07-2016,No,6,5,6,3,14-05-2019,5,2,4,2,0,2,4,4
5AC6-91D4,Female,23,Some Travel,Technology,16,2,Information Systems,Machine Learning Engineer,56946,No,22-11-2018,No,4,2,4,4,14-05-2019,5,4,3,2,0,5,3,2
DE6C-86FC,Non-Binary,43,Some Travel,Technology,31,4,Computer Science,Software Engineer,130665,No,10-12-2013,No,9,6,9,6,15-05-2019,3,3,4,3,0,5,4,4
1C57-5F2A,Female,27,Some Travel,Technology,42,3,Computer Science,Software Engineer,33606,No,07-05-2015,No,7,0,0,2,15-05-2019,5,5,5,2,0,3,5,4
0A05-3943,Female,26,Some Travel,Technology,20,3,Business Studies,Software Engineer,33273,Yes,20-01-2015,Yes,2,1,1,0,16-05-2019,3,5,2,1,1,4,5,4
9F65-F612,Female,28,Some Travel,Technology,33,3,Computer Science,Data Scientist,54536,No,23-04-2012,Yes,3,3,3,2,16-05-2019,5,5,4,3,1,5,5,4
D49C-096C,Non-Binary,26,No Travel ,Sales,10,2,Economics,Sales Executive,55537,No,16-03-2014,Yes,4,1,1,1,01-05-2014,3,4,3,2,1,5,3,3
64D6-0D5F,Non-Binary,37,Some Travel,Technology,28,3,Information Systems,Analytics Manager,368494,Yes,14-05-2012,No,10,8,9,6,16-05-2019,5,2,3,1,2,4,3,2
9D3C-DA45,Male,32,Some Travel,Technology,24,3,Information Systems,Data Scientist,41857,No,12-04-2013,No,9,0,5,2,17-05-2019,5,4,5,2,2,4,3,2
2523-EFD4,Female,34,Some Travel,Technology,14,2,Information Systems,Senior Software Engineer,154405,No,27-05-2013,No,9,7,7,1,18-05-2019,3,3,2,3,2,3,3,2
3A20-7C3E,Male,25,Some Travel,Technology,44,4,Other,Software Engineer,52210,No,01-07-2016,No,6,0,1,0,18-05-2019,3,3,4,3,0,2,4,4
4D59-B831,Female,25,Some Travel,Human Resources,14,1,Human Resources,Recruiter,22150,No,25-06-2018,Yes,2,0,1,1,19-05-2019,5,4,5,3,2,3,5,4
5060-A677,Male,26,Frequent Traveller,Technology,45,3,Information Systems,Machine Learning Engineer,108865,No,21-01-2016,Yes,1,0,0,1,19-05-2019,5,3,2,3,1,2,5,5
A2D0-E2D2,Female,26,Some Travel,Technology,25,3,Information Systems,Software Engineer,22089,Yes,15-12-2014,Yes,1,0,0,0,19-05-2019,4,5,3,2,0,5,3,2
BE54-8537,Female,26,Frequent Traveller,Technology,14,3,Computer Science,Software Engineer,36794,No,18-11-2015,Yes,5,3,4,3,19-05-2019,3,5,4,1,2,5,3,3
9169-FC4B,Male,28,Some Travel,Human Resources,18,2,Economics,HR Executive,179561,No,09-05-2012,Yes,1,0,0,1,20-05-2019,3,2,5,2,0,2,4,3
00B0-F199,Male,23,Some Travel,Sales,35,1,Marketing ,Sales Executive,97824,Yes,16-03-2020,Yes,1,0,1,0,21-05-2019,5,4,3,3,3,5,4,4
6125-FEC8,Non-Binary,27,No Travel ,Technology,36,4,Business Studies,Software Engineer,50046,No,20-12-2015,No,7,1,6,2,27-01-2013,4,5,4,1,1,2,4,3
2F04-931F,Male,23,Some Travel,Technology,25,3,Business Studies,Data Scientist,37121,Yes,02-10-2018,Yes,1,0,0,0,01-05-2014,5,4,2,1,1,2,3,2
5988-3855,Female,43,Some Travel,Technology,31,1,Information Systems,Software Engineer,98693,No,04-07-2014,No,8,5,8,6,21-05-2019,3,2,2,2,1,3,4,4
1705-0DE5,Female,38,Some Travel,Technology,10,3,Business Studies,Engineering Manager,303360,No,16-10-2021,Yes,0,0,0,0,22-05-2019,5,5,2,1,2,4,4,3
8766-F1E7,Male,25,Some Travel,Technology,18,4,Information Systems,Machine Learning Engineer,130434,Yes,26-09-2016,Yes,0,0,0,0,23-05-2019,3,4,4,2,0,4,3,2
45F9-3A37,Male,21,Some Travel,Technology,34,4,Information Systems,Software Engineer,61758,No,22-11-2022,Yes,0,0,0,0,23-05-2019,3,4,2,2,1,5,5,4
BD1B-53A3,Male,43,Some Travel,Sales,27,3,Marketing,Sales Executive,128885,Yes,17-01-2012,No,10,1,10,2,23-05-2019,4,5,3,1,3,2,3,3
81BE-17CD,Male,30,Frequent Traveller,Technology,33,2,Computer Science,Data Scientist,35126,Yes,18-12-2013,No,9,1,5,5,23-05-2019,5,5,5,2,0,3,5,4
1B7F-73A9,Male,34,Some Travel,Technology,24,3,Computer Science,Software Engineer,42721,No,10-12-2014,No,8,3,3,7,23-05-2019,3,4,3,1,1,5,4,3
3B90-B998,Male,33,No Travel ,Technology,26,3,Computer Science,Data Scientist,43998,No,29-09-2014,No,8,6,7,2,23-05-2019,4,4,4,2,2,4,3,3
DF5F-5ED9,Female,46,No Travel ,Technology,21,1,Computer Science,Analytics Manager,281175,Yes,02-06-2014,No,8,1,2,2,23-05-2019,5,5,3,3,0,2,4,3
4FCD-7D65,Female,24,No Travel ,Technology,26,4,Computer Science,Senior Software Engineer,77358,Yes,30-05-2017,No,5,0,0,4,23-05-2019,5,3,3,2,1,5,5,4
380E-44B4,Male,21,Some Travel,Technology,19,4,Computer Science,Data Scientist,25255,No,01-08-2022,Yes,0,0,0,0,01-05-2014,4,2,3,2,1,4,3,3
6A09-C910,Male,24,Some Travel,Technology,19,4,Computer Science,Software Engineer,35270,No,16-08-2016,No,6,0,5,2,23-05-2019,3,4,5,1,0,5,5,5
06DE-E772,Male,34,Frequent Traveller,Sales,45,3,Marketing ,Sales Executive,341971,No,02-09-2020,Yes,1,0,0,0,24-05-2019,5,4,4,2,0,2,4,4
0F83-39C1,Female,30,Some Travel,Technology,33,2,Information Systems,Software Engineer,55485,No,25-12-2013,No,9,8,9,2,24-05-2019,4,4,2,1,1,4,4,4
ED49-73D3,Female,28,Some Travel,Sales,18,4,Marketing,Sales Executive,134427,Yes,28-08-2013,No,9,9,9,2,24-05-2019,4,5,2,1,1,3,3,3
9C24-CD7A,Female,45,Some Travel,Technology,13,2,Other,Analytics Manager,349793,No,10-07-2014,No,8,0,8,6,25-05-2019,4,3,3,2,0,4,5,5
242A-4FA0,Male,25,Some Travel,Technology,2,4,Computer Science,Software Engineer,73825,Yes,02-11-2016,No,6,1,4,4,25-05-2019,3,5,5,1,3,2,4,4
566A-FC64,Female,27,Some Travel,Sales,4,4,Marketing ,Manager,255718,No,15-10-2016,No,6,0,5,4,25-05-2019,3,2,2,2,3,4,4,4
D91C-815B,Female,22,Frequent Traveller,Sales,26,2,Economics,Sales Representative,42250,Yes,23-05-2018,Yes,4,1,3,2,26-05-2019,4,3,4,1,2,4,5,5
29C2-1A3F,Female,30,Some Travel,Technology,32,3,Information Systems,Senior Software Engineer,158656,No,25-12-2019,Yes,2,1,1,2,26-05-2019,5,4,2,2,0,3,5,4
462E-03DF,Female,45,Some Travel,Technology,20,1,Computer Science,Software Engineer,90264,Yes,19-03-2012,No,10,2,4,4,26-05-2019,5,4,5,2,1,4,3,3
327B-F6D3,Female,37,Some Travel,Technology,6,2,Computer Science,Data Scientist,42188,No,04-10-2013,Yes,8,3,5,6,02-05-2014,4,5,2,3,3,5,3,2
2F98-E645,Female,29,Frequent Traveller,Technology,17,3,Computer Science,Data Scientist,105554,Yes,25-02-2014,Yes,5,2,5,2,27-05-2019,5,3,3,1,1,3,4,3
F469-0427,Female,19,Frequent Traveller,Human Resources,31,4,Marketing ,Recruiter,36832,Yes,20-02-2022,Yes,0,0,0,0,27-05-2019,4,5,4,1,0,4,3,2
CACA-0D62,Female,32,Some Travel,Technology,33,3,Information Systems,Data Scientist,121881,No,09-02-2014,No,8,7,8,8,28-05-2019,5,2,2,1,0,5,5,4
C08F-94F9,Male,26,Some Travel,Technology,32,3,Information Systems,Software Engineer,40100,Yes,30-07-2015,Yes,0,0,0,0,29-05-2019,3,4,2,2,3,3,4,3
DEBE-1622,Male,28,Frequent Traveller,Technology,22,5,Computer Science,Machine Learning Engineer,205433,No,02-04-2012,Yes,4,1,2,1,29-05-2019,4,5,5,1,1,2,5,4
6965-C170,Female,48,Some Travel,Sales,32,3,Technical Degree,Manager,354336,Yes,18-04-2013,No,9,1,2,9,29-05-2019,3,2,2,3,1,5,5,4
7349-CCE0,Female,32,Some Travel,Technology,7,4,Computer Science,Software Engineer,85568,No,31-07-2013,No,9,7,9,1,29-05-2019,3,3,3,3,1,4,3,3
8FF0-0F7A,Female,26,No Travel ,Technology,18,4,Information Systems,Engineering Manager,153420,Yes,10-08-2015,No,7,5,5,7,30-05-2019,5,5,5,2,0,5,3,2
259B-6C50,Male,27,Some Travel,Sales,27,5,Marketing,Sales Executive,45880,Yes,03-02-2016,No,6,1,4,0,30-05-2019,3,2,4,2,1,3,4,4
6313-8E62,Male,23,Frequent Traveller,Sales,41,1,Marketing ,Sales Representative,26508,Yes,01-05-2020,Yes,1,0,0,0,31-05-2019,5,5,5,3,2,5,4,4
B148-55FB,Male,38,Frequent Traveller,Technology,23,4,Computer Science,Machine Learning Engineer,231699,No,06-11-2018,Yes,1,0,0,0,02-05-2014,5,4,4,3,2,5,5,4
F662-DEA5,Male,38,Some Travel,Technology,18,2,Information Systems,Data Scientist,89362,No,01-03-2013,No,9,3,9,7,31-05-2019,3,5,5,2,2,2,5,5
76ED-1CF5,Male,47,Some Travel,Technology,12,4,Information Systems,Software Engineer,105126,No,21-11-2014,No,8,0,7,1,31-05-2019,4,4,2,3,1,2,3,3
2FAE-9278,Male,24,Some Travel,Technology,23,5,Computer Science,Senior Software Engineer,92798,Yes,23-05-2016,No,6,4,4,1,31-05-2019,3,2,5,3,0,2,3,2
FC47-1953,Female,25,Frequent Traveller,Technology,15,4,Other,Data Scientist,31931,No,21-04-2016,No,6,1,1,3,31-05-2019,5,5,3,3,3,2,3,3
B3AF-7E58,Female,45,Some Travel,Human Resources,34,2,Human Resources,Recruiter,54132,Yes,20-01-2012,No,10,10,10,10,01-06-2019,5,5,2,3,0,2,4,3
64BA-99F0,Female,43,Some Travel,Technology,14,3,Computer Science,Engineering Manager,309141,No,19-10-2013,No,9,6,6,9,01-06-2019,4,2,2,2,1,4,3,2
8663-3E02,Male,37,Frequent Traveller,Technology,7,4,Information Systems,Analytics Manager,276322,No,26-11-2013,No,9,0,9,1,01-06-2019,5,2,4,3,1,2,4,3
F523-1135,Male,29,Frequent Traveller,Technology,17,2,Computer Science,Machine Learning Engineer,129703,No,25-04-2013,No,9,6,6,3,01-06-2019,4,4,2,2,1,5,3,3
5C87-D7BB,Female,25,Frequent Traveller,Technology,5,4,Computer Science,Software Engineer,67151,Yes,22-04-2017,No,5,4,5,4,01-06-2019,5,3,5,3,1,4,4,3
3A2C-ABB8,Male,25,Some Travel,Technology,5,3,Computer Science,Software Engineer,28646,No,02-07-2015,No,7,6,6,3,02-06-2019,3,2,5,2,0,3,3,3
EB4F-4D97,Female,25,Some Travel,Technology,20,2,Computer Science,Software Engineer,43438,Yes,29-01-2015,No,7,7,7,3,02-05-2014,4,3,4,1,1,3,3,2
0C7B-2EA6,Male,34,Frequent Traveller,Technology,25,2,Other,Data Scientist,39015,No,15-09-2013,No,9,5,6,4,03-06-2019,5,3,3,1,0,5,5,5
06E8-4FD4,Female,20,Some Travel,Sales,32,2,Marketing,Sales Representative,38532,Yes,03-12-2022,Yes,0,0,0,0,04-06-2019,3,2,5,3,1,5,4,3
9D7B-9B37,Female,28,Some Travel,Sales,8,3,Marketing,Sales Executive,194964,Yes,04-05-2012,No,10,2,2,8,05-06-2019,5,3,3,3,2,3,3,3
DDBF-9C79,Female,26,Some Travel,Sales,10,4,Marketing,Sales Executive,93246,Yes,25-06-2021,Yes,1,0,0,0,06-06-2019,3,2,5,1,1,2,5,5
6CAD-47F0,Male,39,Some Travel,Technology,33,2,Information Systems,Machine Learning Engineer,99602,No,29-10-2013,No,9,5,8,4,06-06-2019,4,4,5,1,1,5,3,2
CD4D-7BBA,Male,43,Some Travel,Technology,38,4,Computer Science,Software Engineer,155786,Yes,29-07-2013,No,9,0,7,5,06-06-2019,3,4,5,1,1,2,3,2
D3F6-A313,Male,27,Some Travel,Technology,34,4,Computer Science,Software Engineer,50949,No,13-08-2015,No,7,6,7,3,07-06-2019,3,3,2,1,0,5,4,3
F60C-4888,Female,36,Frequent Traveller,Technology,6,4,Information Systems,Data Scientist,51050,Yes,05-08-2014,No,8,6,7,2,08-06-2019,5,5,5,3,2,4,4,4
B785-D8F8,Male,32,Some Travel,Technology,36,2,Computer Science,Software Engineer,78672,No,29-04-2012,No,10,6,9,5,09-06-2019,4,2,4,3,1,5,5,5
D584-4E31,Female,35,Some Travel,Human Resources,22,1,Economics,Recruiter,67264,No,22-02-2012,No,10,8,8,2,09-06-2019,5,2,3,3,1,4,3,3
1472-9F69,Male,27,Some Travel,Sales,1,4,Marketing ,Sales Representative,30870,No,28-12-2014,Yes,3,1,2,3,03-05-2014,4,5,2,1,3,5,3,3
8A40-C85A,Female,44,Some Travel,Technology,28,3,Information Systems,Software Engineer,53325,Yes,28-02-2012,No,10,4,8,4,10-06-2019,3,3,4,2,1,2,4,3
19C3-DAE4,Male,30,Some Travel,Technology,19,3,Information Systems,Data Scientist,53336,No,11-06-2014,No,8,3,3,7,10-06-2019,3,4,2,1,0,3,4,4
DC67-3B66,Male,25,Some Travel,Technology,33,3,Information Systems,Software Engineer,24417,No,26-02-2016,No,6,2,6,6,11-06-2019,4,4,5,3,1,2,3,2
E81C-A653,Female,27,Some Travel,Sales,34,2,Marketing ,Sales Executive,129366,No,17-11-2016,No,6,0,5,0,12-06-2019,3,5,3,3,0,4,3,3
DFDC-286C,Female,22,Some Travel,Technology,13,4,Information Systems,Machine Learning Engineer,64364,No,09-12-2021,Yes,0,0,0,0,13-06-2019,3,3,4,3,1,3,5,5
3E42-57C8,Male,23,Some Travel,Sales,12,3,Marketing,Sales Executive,84985,No,01-05-2020,Yes,1,0,0,0,14-06-2019,5,2,3,1,2,3,5,5
E9B9-3944,Male,42,Some Travel,Technology,5,1,Computer Science,Data Scientist,47461,No,05-05-2012,No,10,4,7,5,14-06-2019,3,2,2,2,1,2,3,2
A91B-7DC5,Female,42,Some Travel,Technology,43,4,Computer Science,Machine Learning Engineer,110069,No,26-12-2013,No,9,3,8,4,14-06-2019,5,4,2,2,1,4,4,3
B967-D6D3,Female,26,No Travel ,Technology,21,3,Computer Science,Data Scientist,26919,No,04-05-2016,No,6,0,5,3,14-06-2019,4,2,2,2,1,2,4,4
5416-F925,Male,43,No Travel ,Technology,14,1,Computer Science,Data Scientist,76331,No,18-06-2014,No,8,2,4,3,15-06-2019,3,3,2,1,1,2,5,5
D31B-BEF8,Male,25,Frequent Traveller,Sales,19,4,Marketing ,Sales Representative,28090,No,31-08-2016,Yes,0,0,0,0,04-05-2014,5,2,4,1,0,2,3,2
07C3-7429,Male,26,Some Travel,Technology,18,3,Information Systems,Machine Learning Engineer,54470,No,21-07-2016,No,6,0,6,3,15-06-2019,4,3,2,2,1,5,3,2
AB5F-244C,Male,36,Some Travel,Technology,7,4,Computer Science,Data Scientist,73643,No,14-04-2012,No,10,0,7,9,16-06-2019,4,3,5,3,1,3,3,2
4F64-A0E2,Non-Binary,48,Frequent Traveller,Sales,9,3,Economics,Sales Executive,288450,Yes,24-05-2014,No,8,2,6,4,16-06-2019,5,3,2,2,0,3,5,4
1E61-70EC,Male,46,Some Travel,Technology,11,4,Information Systems,Software Engineer,56608,Yes,31-03-2012,No,10,3,5,9,17-06-2019,5,2,2,3,2,5,3,3
549F-B3E7,Female,41,No Travel ,Sales,34,2,Marketing ,Sales Executive,109747,No,20-07-2013,No,9,8,9,5,17-06-2019,4,5,2,1,0,5,3,3
6FE3-2270,Non-Binary,31,Frequent Traveller,Sales,35,3,Marketing,Sales Executive,115982,No,03-04-2014,No,8,7,7,4,17-06-2019,5,3,2,1,0,5,5,4
22FF-9076,Female,27,Some Travel,Sales,36,3,Technical Degree,Sales Executive,173994,No,23-07-2016,No,6,1,5,6,17-06-2019,4,4,4,2,1,2,5,5
B8A5-07A1,Female,24,Some Travel,Technology,27,4,Other,Data Scientist,33554,No,21-05-2016,No,6,1,2,6,17-06-2019,5,2,5,1,0,4,4,3
00A3-2445,Male,30,Some Travel,Technology,6,2,Computer Science,Machine Learning Engineer,126238,No,08-03-2012,No,10,3,6,6,19-06-2019,4,5,3,1,1,3,5,5
F4D2-F6F2,Female,47,Some Travel,Technology,8,3,Computer Science,Engineering Manager,287710,No,05-01-2014,No,8,8,8,5,19-06-2019,4,4,4,2,1,3,4,4
13E5-2F17,Male,24,Frequent Traveller,Technology,15,3,Computer Science,Senior Software Engineer,139627,No,27-01-2016,Yes,5,0,4,1,05-05-2014,3,4,5,1,0,2,3,2
1C6C-3B67,Non-Binary,41,Frequent Traveller,Technology,7,3,Computer Science,Software Engineer,96632,No,31-12-2014,No,8,2,8,0,19-06-2019,5,3,3,1,2,5,3,3
BDC5-51CF,Female,25,Frequent Traveller,Sales,3,4,Other,Sales Executive,56163,Yes,26-11-2018,Yes,0,0,0,0,21-06-2019,3,4,3,1,1,4,5,5
5468-EEE1,Male,28,No Travel ,Technology,44,2,Computer Science,Senior Software Engineer,218406,No,17-02-2012,No,10,10,10,10,21-06-2019,5,3,2,3,0,2,5,4
2E72-4BF1,Male,44,Some Travel,Sales,21,3,Marketing,Manager,426142,No,07-02-2012,No,10,4,5,4,22-06-2019,4,5,2,3,0,3,3,2
3EB2-9111,Male,48,Some Travel,Technology,26,4,Information Systems,Data Scientist,35749,No,17-05-2012,No,10,7,7,8,23-06-2019,3,5,4,3,0,5,3,3
8822-B9C5,Female,41,Some Travel,Technology,9,3,Computer Science,Machine Learning Engineer,197592,Yes,24-03-2012,No,10,5,10,0,23-06-2019,4,5,3,1,2,4,4,3
5544-4583,Female,41,Some Travel,Sales,42,3,Technical Degree,Sales Executive,142853,No,27-05-2014,No,8,7,8,7,23-06-2019,3,4,5,2,1,4,4,4
9CE9-B0D5,Male,33,Some Travel,Technology,31,1,Information Systems,Data Scientist,60754,No,15-06-2014,No,8,7,8,1,23-06-2019,5,5,4,3,1,4,3,2
9AAD-D3C1,Female,45,Some Travel,Sales,43,2,Other,Sales Executive,106610,Yes,03-05-2012,No,10,0,7,5,24-06-2019,5,5,2,1,0,3,4,3
95CB-4E31,Male,28,No Travel ,Technology,4,3,Business Studies,Software Engineer,57837,No,30-06-2015,No,7,3,3,6,24-06-2019,4,4,5,3,2,2,3,3
ADF8-AD57,Male,27,Some Travel,Technology,28,3,Computer Science,Data Scientist,20387,No,16-08-2016,Yes,0,0,0,0,05-05-2014,5,4,2,1,1,3,4,4
AA67-CB22,Male,26,Some Travel,Technology,4,4,Computer Science,Senior Software Engineer,167509,No,19-05-2015,No,7,6,6,0,25-06-2019,5,2,3,3,1,2,3,2
6542-3E93,Male,25,No Travel ,Technology,44,4,Information Systems,Machine Learning Engineer,57765,No,25-10-2018,No,4,1,3,2,25-06-2019,3,4,2,3,2,5,5,4
4CCA-B1E6,Male,43,Some Travel,Sales,39,2,Marketing,Sales Executive,176705,No,05-05-2012,No,10,5,7,7,26-06-2019,4,2,3,2,1,2,3,2
E8F5-C47D,Female,30,Some Travel,Human Resources,19,3,Human Resources,HR Executive,97153,No,25-03-2012,No,10,5,6,9,26-06-2019,3,3,2,1,0,5,5,4
8026-658D,Male,36,Some Travel,Technology,28,3,Information Systems,Machine Learning Engineer,174019,Yes,07-03-2013,No,9,8,9,1,26-06-2019,3,3,4,1,1,4,3,3
450D-13A9,Female,26,Some Travel,Sales,29,3,Economics,Sales Representative,28024,No,30-11-2015,No,7,0,7,5,26-06-2019,3,2,5,3,1,4,4,3
F5CC-33FA,Male,25,Some Travel,Sales,30,4,Marketing,Sales Executive,106738,No,02-04-2016,No,6,4,5,2,26-06-2019,5,2,2,3,2,2,4,4
C0C7-A3EF,Male,48,No Travel ,Sales,9,5,Economics,Sales Executive,125587,No,12-02-2012,No,10,10,10,4,28-06-2019,3,2,2,1,2,5,3,3
C385-CDBE,Female,36,Some Travel,Technology,41,3,Computer Science,Machine Learning Engineer,218940,Yes,14-05-2012,No,10,6,8,5,28-06-2019,5,2,2,3,2,2,3,3
2B7A-9C73,Non-Binary,45,Frequent Traveller,Technology,17,4,Computer Science,Machine Learning Engineer,123619,Yes,01-05-2013,No,9,7,9,2,29-06-2019,4,2,3,3,0,2,5,5
FE2B-3DC7,Female,28,Some Travel,Technology,23,3,Information Systems,Data Scientist,35606,Yes,07-05-2012,Yes,5,3,4,5,06-05-2014,4,5,2,2,3,2,5,4
E46A-3676,Male,28,Some Travel,Sales,32,4,Marketing,Sales Executive,128222,No,07-11-2015,No,7,6,7,1,29-06-2019,4,3,3,1,0,4,5,4
ABDA-F749,Male,27,Some Travel,Technology,42,3,Other,Machine Learning Engineer,49343,No,16-06-2016,No,6,3,3,0,29-06-2019,3,5,5,3,1,2,5,4
6A0D-9C4D,Male,34,Frequent Traveller,Technology,34,2,Information Systems,Machine Learning Engineer,265922,Yes,06-03-2014,No,8,3,3,5,30-06-2019,4,4,5,2,3,5,4,4
D676-4ECC,Female,44,Some Travel,Technology,13,3,Information Systems,Software Engineer,57296,No,29-11-2014,No,8,5,7,3,30-06-2019,3,4,5,3,0,3,3,3
74F3-DF3D,Female,25,Some Travel,Human Resources,22,2,Economics,HR Executive,49131,No,30-05-2015,No,7,2,6,2,30-06-2019,3,5,4,1,0,3,3,2
C026-3E38,Male,28,Some Travel,Technology,2,3,Computer Science,Machine Learning Engineer,220234,Yes,26-10-2015,No,7,5,7,1,30-06-2019,3,3,5,2,3,5,3,3
AF11-04C3,Female,27,Some Travel,Sales,19,4,Marketing,Manager,149813,No,30-08-2016,No,6,0,1,1,30-06-2019,3,3,5,2,0,2,3,3
4C88-27A1,Female,21,Some Travel,Technology,38,1,Information Systems,Senior Software Engineer,63049,Yes,01-03-2021,Yes,0,0,0,0,01-07-2019,5,4,3,3,1,5,3,2
5731-90E6,Non-Binary,35,No Travel ,Technology,27,3,Computer Science,Analytics Manager,542695,No,02-03-2012,No,10,5,5,1,01-07-2019,3,2,5,1,2,4,5,4
FBC2-C5FA,Male,44,Some Travel,Technology,4,3,Computer Science,Data Scientist,74172,No,26-11-2013,No,9,8,9,9,01-07-2019,3,4,4,1,0,4,4,3
5A0B-7F31,Male,26,Some Travel,Sales,24,3,Marketing,Sales Executive,85982,No,13-03-2015,Yes,5,1,1,0,29-01-2013,3,3,3,1,1,2,4,3
F3D0-41D1,Male,20,Some Travel,Technology,34,4,Computer Science,Software Engineer,22925,Yes,13-06-2021,Yes,1,0,0,0,06-05-2014,3,2,3,1,0,3,5,4
5E9A-FE30,Female,30,Some Travel,Technology,38,4,Computer Science,Data Scientist,88609,Yes,24-11-2014,No,8,4,4,1,01-07-2019,3,4,3,1,1,4,5,4
F9B6-C80B,Female,43,Some Travel,Technology,10,3,Computer Science,Software Engineer,43211,No,12-05-2012,No,10,2,6,9,03-07-2019,4,2,3,1,0,3,4,4
0AA2-881A,Male,25,Some Travel,Technology,28,4,Information Systems,Software Engineer,29126,No,18-07-2016,No,6,0,2,3,04-07-2019,5,3,2,1,0,2,3,3
A7F8-24EA,Male,24,Some Travel,Technology,35,3,Information Systems,Machine Learning Engineer,128126,Yes,04-04-2017,No,5,0,0,5,04-07-2019,3,5,5,2,1,3,3,3
2F85-AF81,Non-Binary,42,Some Travel,Technology,12,4,Business Studies,Senior Software Engineer,167089,No,24-05-2012,No,10,7,9,8,05-07-2019,3,3,3,3,3,3,5,5
5395-75A1,Male,26,Some Travel,Sales,41,4,Marketing ,Sales Executive,61238,No,11-04-2016,No,6,4,6,3,05-07-2019,3,2,4,1,1,2,5,5
427A-8C69,Male,32,Some Travel,Technology,15,3,Other,Analytics Manager,393294,No,04-02-2012,No,10,2,2,2,06-07-2019,5,3,3,2,0,5,4,4
C389-FC34,Female,27,Some Travel,Technology,45,3,Business Studies,Software Engineer,28828,No,09-07-2016,No,6,1,6,4,06-07-2019,1,1,2,3,1,3,5,4
8B79-18F1,Female,20,Some Travel,Technology,39,4,Information Systems,Software Engineer,37436,Yes,14-03-2021,Yes,0,0,0,0,08-07-2019,2,1,3,1,0,4,4,3
AF58-5D1B,Female,36,Some Travel,Technology,35,2,Computer Science,Software Engineer,60585,No,05-02-2013,No,9,0,7,9,08-07-2019,2,4,4,2,0,4,4,4
2CA8-4E1B,Non-Binary,23,Some Travel,Technology,7,3,Business Studies,Software Engineer,28753,No,02-05-2017,Yes,2,1,1,0,07-05-2014,3,2,5,1,3,2,4,4
0E79-8257,Male,25,Frequent Traveller,Technology,35,2,Information Systems,Data Scientist,28139,No,23-05-2016,No,6,1,1,5,08-07-2019,1,1,4,2,3,2,5,4
0FC8-561B,Male,29,Frequent Traveller,Technology,14,3,Computer Science,Senior Software Engineer,93591,No,22-02-2012,No,10,4,10,3,09-07-2019,4,4,4,2,1,4,4,4
7B98-EA6F,Male,44,Some Travel,Technology,23,3,Information Systems,Data Scientist,108623,No,13-05-2012,No,10,3,3,8,09-07-2019,1,3,4,3,1,3,5,4
380F-A08A,Female,32,Frequent Traveller,Sales,22,3,Marketing,Sales Executive,142488,No,22-11-2014,No,8,0,6,7,09-07-2019,3,2,1,2,1,2,4,4
58FA-C451,Non-Binary,48,Some Travel,Technology,26,1,Information Systems,Software Engineer,42008,No,24-03-2014,No,8,7,7,0,09-07-2019,4,1,3,3,0,1,3,3
9A87-71F6,Non-Binary,40,Frequent Traveller,Technology,7,3,Computer Science,Software Engineer,95808,No,21-12-2014,No,8,8,8,2,09-07-2019,3,3,2,2,1,5,5,4
E268-61EB,Female,21,Some Travel,Technology,39,4,Computer Science,Software Engineer,54130,Yes,06-02-2019,Yes,2,1,1,2,10-07-2019,5,4,4,3,2,2,4,4
132B-F2B2,Female,35,Some Travel,Technology,36,4,Computer Science,Software Engineer,59086,Yes,04-03-2012,No,10,2,8,4,10-07-2019,4,5,4,1,2,4,4,4
A2B5-823F,Non-Binary,44,Some Travel,Technology,32,3,Computer Science,Machine Learning Engineer,257978,Yes,02-05-2013,No,9,2,4,1,10-07-2019,3,5,4,3,1,2,5,5
9BC9-1288,Female,27,Some Travel,Sales,4,1,Economics,Sales Executive,45046,Yes,03-04-2015,No,7,6,7,0,10-07-2019,4,5,4,3,0,3,4,4
08E4-D3D5,Male,21,Some Travel,Technology,25,4,Computer Science,Data Scientist,34634,No,11-12-2019,Yes,1,1,1,1,07-05-2014,3,2,5,1,0,3,3,2
BDE5-385A,Male,26,Some Travel,Technology,39,3,Information Systems,Software Engineer,60494,Yes,22-08-2015,No,7,7,7,7,10-07-2019,5,2,4,3,0,4,5,5
6345-2F33,Non-Binary,46,Some Travel,Technology,36,2,Computer Science,Machine Learning Engineer,102964,No,17-03-2012,No,10,10,10,2,11-07-2019,4,4,4,3,1,2,5,4
9900-1159,Female,28,Frequent Traveller,Sales,40,5,Marketing ,Sales Executive,215327,No,13-04-2014,No,8,1,6,8,11-07-2019,5,4,3,1,2,2,5,5
6AD1-5EE8,Female,24,Some Travel,Technology,12,3,Information Systems,Data Scientist,47183,No,04-10-2016,No,6,6,6,6,11-07-2019,4,3,4,1,0,4,4,4
DCD4-C785,Female,30,Some Travel,Sales,24,4,Marketing ,Sales Representative,38382,Yes,02-10-2014,No,8,7,8,0,12-07-2019,4,4,3,3,3,2,4,3
8583-9174,Female,46,Frequent Traveller,Technology,16,2,Computer Science,Software Engineer,100717,Yes,30-01-2013,No,9,5,9,7,13-07-2019,4,2,5,3,0,4,5,4
29F6-C6CA,Female,35,Frequent Traveller,Sales,43,2,Economics,Sales Representative,46112,No,11-04-2014,No,8,6,7,2,13-07-2019,5,5,4,2,2,2,4,4
5293-AC5C,Male,44,Some Travel,Sales,27,3,Economics,Sales Executive,101906,No,15-03-2014,No,8,3,4,7,14-07-2019,4,3,2,2,2,4,4,3
F961-5A03,Female,27,No Travel ,Technology,12,1,Computer Science,Machine Learning Engineer,105398,No,31-07-2015,No,7,1,7,4,14-07-2019,5,5,2,3,0,2,5,5
E324-1C33,Female,38,Some Travel,Sales,9,4,Economics,Sales Executive,114713,No,17-12-2013,No,9,0,0,1,15-07-2019,5,2,2,1,3,2,4,3
9BD6-2C43,Non-Binary,27,No Travel ,Sales,2,3,Other,Sales Executive,92022,No,06-01-2015,No,7,7,7,0,07-05-2014,3,5,2,3,1,4,3,3
2A20-28CD,Female,38,Frequent Traveller,Technology,2,4,Computer Science,Data Scientist,58828,No,11-08-2014,No,8,7,8,0,15-07-2019,3,3,3,2,0,4,5,4
61E5-836E,Non-Binary,24,Some Travel,Technology,1,3,Business Studies,Software Engineer,35199,No,16-08-2018,No,4,0,0,1,15-07-2019,3,3,3,3,1,2,3,3
D906-B674,Female,42,No Travel ,Technology,45,3,Information Systems,Engineering Manager,259284,No,09-01-2012,No,10,2,6,6,17-07-2019,5,3,5,3,0,2,4,4
CCAB-4B80,Male,44,Some Travel,Technology,29,3,Information Systems,Analytics Manager,304520,Yes,20-03-2014,No,8,2,2,4,17-07-2019,3,5,2,3,0,2,5,4
DFA2-1B8F,Male,28,Some Travel,Sales,10,1,Marketing ,Sales Executive,83864,No,21-10-2015,No,7,7,7,5,17-07-2019,3,2,5,2,1,2,4,3
D8FC-E2F7,Female,22,Some Travel,Sales,10,3,Economics,Sales Representative,36980,Yes,01-12-2021,Yes,0,0,0,0,18-07-2019,3,2,5,2,1,3,4,3
F0C3-4859,Non-Binary,21,Some Travel,Technology,37,3,Information Systems,Software Engineer,41476,Yes,03-03-2020,Yes,0,0,0,0,18-07-2019,4,2,3,3,0,4,4,4
F4A3-2126,Male,24,Some Travel,Sales,16,2,Marketing,Sales Representative,29128,Yes,31-07-2019,Yes,0,0,0,0,18-07-2019,5,5,3,3,1,2,3,2
13FA-3559,Female,38,Some Travel,Sales,13,3,Marketing,Sales Executive,240248,Yes,14-12-2014,No,8,4,8,0,18-07-2019,4,2,3,3,0,4,5,4
D926-DED9,Male,40,Some Travel,Technology,39,2,Computer Science,Analytics Manager,409998,No,14-04-2014,No,8,3,6,3,18-07-2019,3,5,4,1,1,2,5,5
E8B6-8BAE,Male,29,Some Travel,Sales,18,2,Economics,Sales Executive,225330,No,02-03-2022,Yes,0,0,0,0,08-05-2014,4,3,2,3,0,2,5,5
31E1-001F,Male,21,Frequent Traveller,Technology,33,2,Information Systems,Software Engineer,37954,Yes,07-06-2021,No,1,0,0,1,18-07-2019,5,5,5,1,1,2,3,3
F83C-CA1D,Male,21,Some Travel,Technology,16,1,Information Systems,Software Engineer,22515,Yes,05-12-2019,Yes,1,0,0,0,19-07-2019,3,3,3,3,0,2,4,3
C0BE-FED0,Male,40,Some Travel,Sales,35,2,Marketing,Sales Representative,63455,Yes,26-01-2012,No,10,4,8,7,19-07-2019,4,2,2,2,0,5,4,3
307F-9BFA,Female,43,Some Travel,Technology,21,2,Computer Science,Software Engineer,94499,No,22-06-2013,No,9,0,1,7,19-07-2019,5,3,4,1,1,2,3,2
AA87-13D8,Female,32,Frequent Traveller,Technology,15,2,Information Systems,Data Scientist,44388,No,10-10-2013,No,9,8,9,8,20-07-2019,3,4,5,3,2,4,5,5
806F-B986,Female,24,Some Travel,Technology,26,2,Information Systems,Machine Learning Engineer,93490,Yes,24-11-2016,No,6,4,5,6,20-07-2019,4,2,3,3,3,2,4,3
AE33-DDE7,Male,25,Some Travel,Technology,26,3,Information Systems,Senior Software Engineer,85412,No,23-02-2016,No,6,0,5,6,20-07-2019,3,3,3,1,1,2,5,4
D5B3-425C,Male,26,Some Travel,Sales,7,3,Marketing ,Sales Representative,36101,No,30-06-2016,No,6,6,6,6,20-07-2019,5,5,2,2,2,3,4,4
95D8-5DC7,Male,48,Some Travel,Technology,19,5,Computer Science,Engineering Manager,241907,No,07-07-2014,No,8,3,3,0,21-07-2019,4,3,5,1,1,4,5,4
B5C6-F8D5,Prefer Not To Say,40,Some Travel,Technology,29,2,Business Studies,Analytics Manager,295688,No,05-08-2014,No,8,1,5,8,21-07-2019,4,2,2,3,2,2,4,4
291F-B604,Male,26,Some Travel,Technology,3,4,Information Systems,Data Scientist,28952,Yes,22-10-2016,Yes,0,0,0,0,09-05-2014,4,4,4,3,0,5,4,4
4316-C080,Male,34,No Travel ,Technology,25,1,Computer Science,Senior Software Engineer,238630,No,05-08-2013,No,9,0,3,6,22-07-2019,5,5,2,2,3,4,4,3
6E64-8D30,Female,32,Some Travel,Sales,42,3,Marketing,Sales Executive,108213,No,10-03-2014,No,8,6,6,4,23-07-2019,3,5,3,3,1,4,3,2
F20A-F424,Female,27,Frequent Traveller,Technology,4,3,Other,Data Scientist,27550,No,09-02-2016,No,6,6,6,5,23-07-2019,5,2,4,2,0,5,4,4
4875-109B,Female,23,Some Travel,Sales,40,4,Marketing ,Sales Executive,52039,Yes,03-09-2018,No,4,1,1,0,23-07-2019,5,5,4,2,0,4,4,3
DEB9-1BBF,Female,30,Some Travel,Technology,32,4,Computer Science,Software Engineer,155259,No,10-11-2014,No,8,3,5,6,24-07-2019,4,2,2,2,1,2,5,4
B59D-CA4C,Male,28,Some Travel,Sales,45,2,Marketing,Sales Executive,110057,No,14-08-2015,No,7,5,5,4,24-07-2019,5,5,4,2,2,3,3,2
9DB2-76B3,Male,41,Some Travel,Sales,17,3,Economics,Sales Executive,116966,No,04-03-2012,No,10,4,10,7,25-07-2019,5,4,2,1,0,4,3,2
D565-284D,Female,47,Frequent Traveller,Sales,21,3,Economics,Sales Executive,65626,No,27-01-2012,No,10,2,5,1,25-07-2019,3,2,5,1,2,4,5,5
205B-4D34,Male,41,Frequent Traveller,Human Resources,39,1,Human Resources,HR Executive,79990,No,29-06-2014,No,8,5,5,8,25-07-2019,5,3,4,3,3,5,4,3
4673-EBEC,Male,28,Some Travel,Sales,24,2,Marketing ,Sales Executive,78735,No,23-07-2015,No,7,0,2,4,25-07-2019,5,2,4,3,2,3,4,4
C560-23D6,Non-Binary,23,Some Travel,Technology,20,1,Computer Science,Software Engineer,45995,No,27-09-2019,No,3,1,1,2,09-05-2014,4,3,4,2,1,2,4,4
D6BB-FEDF,Male,28,Frequent Traveller,Technology,40,5,Information Systems,Data Scientist,109172,Yes,19-11-2015,No,7,1,3,1,25-07-2019,4,3,5,2,0,3,3,3
C77A-2348,Male,26,Some Travel,Technology,15,1,Information Systems,Software Engineer,45085,No,17-03-2017,No,5,2,4,2,26-07-2019,3,4,2,2,0,2,5,4
7AA0-5766,Female,22,Frequent Traveller,Technology,28,4,Computer Science,Data Scientist,63571,No,28-12-2021,Yes,0,0,0,0,27-07-2019,5,2,3,3,0,2,3,3
6F50-08B6,Male,25,Frequent Traveller,Sales,25,1,Marketing ,Sales Executive,57030,No,20-03-2015,No,7,5,7,6,27-07-2019,4,2,5,3,2,2,3,3
F3A3-10CE,Male,40,Some Travel,Sales,37,4,Marketing,Sales Executive,226512,Yes,08-10-2020,Yes,2,1,1,1,28-07-2019,3,2,3,3,1,5,5,4
D69C-8F84,Female,40,Some Travel,Technology,26,3,Information Systems,Data Scientist,59899,No,06-02-2014,No,8,2,3,6,28-07-2019,3,2,2,3,0,2,4,4
09D2-46BD,Female,26,Some Travel,Sales,42,3,Marketing,Sales Executive,92364,Yes,12-07-2016,No,6,4,5,6,28-07-2019,5,2,4,1,1,2,3,2
CBCB-9C9D,Male,38,Some Travel,Sales,23,4,Marketing,Sales Executive,157718,Yes,04-01-2012,No,10,6,10,0,30-07-2019,4,3,4,3,2,3,4,3
1217-CE30,Female,45,Some Travel,Sales,34,3,Marketing,Sales Executive,173037,No,26-03-2013,No,9,4,9,3,30-07-2019,5,2,3,1,1,3,4,4
9DB1-8C59,Male,44,Some Travel,Technology,5,3,Business Studies,Software Engineer,48994,No,09-05-2014,No,8,7,7,3,30-07-2019,5,3,5,3,0,3,3,2
4657-FE18,Non-Binary,29,Some Travel,Technology,25,2,Information Systems,Senior Software Engineer,145716,No,22-02-2018,Yes,1,0,1,1,10-05-2014,5,5,2,1,1,2,5,5
AD8F-7539,Female,28,Some Travel,Sales,44,3,Economics,Sales Executive,304858,Yes,01-11-2015,No,7,5,7,2,30-07-2019,5,4,3,1,0,3,5,4
27CD-A6BF,Male,27,Some Travel,Technology,44,3,Computer Science,Software Engineer,45276,Yes,12-12-2015,No,7,6,6,2,31-07-2019,4,4,2,3,2,4,4,3
D825-CC31,Female,25,Some Travel,Technology,5,3,Computer Science,Machine Learning Engineer,44082,No,24-05-2015,No,7,3,4,2,31-07-2019,4,5,2,3,3,4,3,2
7A8C-2DD3,Female,30,Some Travel,Sales,35,3,Other,Sales Executive,160352,No,18-10-2013,No,9,0,5,4,01-08-2019,5,2,4,2,3,3,5,4
5802-2A7E,Prefer Not To Say,27,Some Travel,Technology,37,3,Information Systems,Analytics Manager,130012,No,25-07-2016,No,6,6,6,0,01-08-2019,4,3,2,3,0,4,3,3
07AF-3631,Male,25,No Travel ,Sales,35,4,Marketing ,Sales Executive,149519,Yes,03-02-2016,No,6,2,4,3,02-08-2019,3,2,4,2,1,3,5,5
6EEF-5B17,Non-Binary,28,Some Travel,Technology,1,2,Business Studies,Engineering Manager,339731,No,14-07-2015,No,7,5,7,0,03-08-2019,3,2,3,1,1,4,3,2
CE90-763C,Female,27,Frequent Traveller,Technology,40,3,Information Systems,Data Scientist,31672,No,02-08-2015,No,7,1,3,6,03-08-2019,4,4,2,2,1,4,5,5
66BC-7AC0,Male,22,Frequent Traveller,Sales,33,3,Marketing,Sales Representative,33657,No,23-07-2018,Yes,3,0,2,0,04-08-2019,5,3,4,2,3,4,4,4
55D6-1423,Male,43,No Travel ,Technology,15,2,Other,Machine Learning Engineer,76826,No,14-04-2012,No,10,9,9,7,04-08-2019,5,5,2,3,0,2,4,3
E28D-424B,Non-Binary,22,Some Travel,Sales,5,1,Economics,Sales Executive,64689,No,19-01-2020,Yes,1,1,1,1,11-05-2014,4,4,3,1,1,2,3,2
ED73-F078,Female,45,Frequent Traveller,Technology,19,1,Computer Science,Software Engineer,136521,No,18-01-2012,No,10,3,6,1,04-08-2019,4,2,4,1,1,5,3,3
AF77-0F6B,Female,36,Some Travel,Technology,21,4,Computer Science,Software Engineer,57327,No,24-04-2014,No,8,5,8,4,04-08-2019,5,3,4,1,1,3,3,3
7486-A1B6,Male,23,Some Travel,Technology,25,2,Information Systems,Data Scientist,50570,No,01-03-2017,No,5,2,3,2,04-08-2019,5,4,2,2,2,2,5,5
67D7-9785,Female,38,Frequent Traveller,Technology,6,3,Information Systems,Senior Software Engineer,126515,No,27-02-2013,No,9,7,9,4,06-08-2019,4,4,2,2,0,2,3,2
BFE7-5EA8,Non-Binary,41,Frequent Traveller,Sales,3,3,Marketing ,Sales Executive,248987,No,19-07-2013,No,9,5,9,5,06-08-2019,5,2,2,2,1,4,3,3
8EAF-4F79,Female,27,Frequent Traveller,Technology,20,3,Information Systems,Senior Software Engineer,167879,Yes,15-10-2016,No,6,6,6,3,06-08-2019,4,4,2,2,2,2,5,5
5B0E-31FB,Male,37,Some Travel,Technology,22,2,Information Systems,Software Engineer,45927,No,26-08-2013,No,9,5,6,6,09-08-2019,3,4,3,1,2,2,5,5
A1DB-6C34,Female,27,Some Travel,Technology,13,4,Computer Science,Machine Learning Engineer,77039,No,18-06-2015,No,7,3,6,0,09-08-2019,5,3,2,3,0,4,4,4
6925-864E,Female,25,No Travel ,Technology,30,2,Computer Science,Senior Software Engineer,43644,No,02-06-2017,No,5,3,3,5,09-08-2019,5,2,3,2,0,3,3,3
2B08-7D3D,Male,45,Some Travel,Sales,19,4,Marketing ,Sales Representative,47326,No,29-02-2012,No,10,10,10,10,10-08-2019,5,3,3,1,1,3,4,4
A848-F98B,Male,25,Some Travel,Technology,37,2,Computer Science,Data Scientist,38038,No,26-01-2018,Yes,2,1,1,1,12-05-2014,4,2,2,1,3,3,4,3
9825-45EF,Non-Binary,36,No Travel ,Sales,31,2,Economics,Sales Representative,56937,No,17-04-2013,No,9,5,8,2,12-08-2019,4,5,3,1,1,3,4,3
69EC-7B13,Female,27,Some Travel,Sales,1,2,Technical Degree,Sales Representative,62496,No,27-10-2015,No,7,6,6,1,12-08-2019,5,5,3,1,0,4,3,3
4294-03D1,Female,43,Some Travel,Sales,12,4,Marketing ,Manager,513262,No,30-06-2016,No,6,1,3,1,12-08-2019,4,5,3,2,1,4,4,4
040C-EDED,Male,22,Frequent Traveller,Technology,45,2,Computer Science,Software Engineer,26782,Yes,08-11-2019,Yes,3,0,2,0,13-08-2019,4,5,3,2,0,2,3,2
46ED-4007,Male,34,Frequent Traveller,Sales,40,3,Economics,Sales Executive,140097,No,27-09-2013,No,9,2,8,6,13-08-2019,4,2,2,2,1,5,4,4
9811-F345,Male,42,Some Travel,Technology,40,4,Computer Science,Data Scientist,142075,No,15-08-2013,No,9,9,9,4,13-08-2019,3,4,4,3,1,5,3,3
AFA8-5058,Male,20,Some Travel,Human Resources,8,4,Human Resources,Recruiter,26186,Yes,06-03-2020,Yes,2,0,0,0,14-08-2019,4,3,4,3,2,4,4,3
04D7-C8F3,Female,26,Some Travel,Technology,27,2,Computer Science,Data Scientist,42052,No,26-10-2015,No,7,7,7,2,14-08-2019,3,3,5,2,0,4,4,4
6B20-FFDF,Female,24,No Travel ,Sales,39,2,Marketing,Sales Executive,151986,Yes,09-07-2016,No,6,5,6,3,14-08-2019,4,2,4,2,2,5,3,3
6112-8476,Female,43,Some Travel,Technology,18,1,Computer Science,Software Engineer,49882,No,02-02-2014,No,8,3,8,2,15-08-2019,3,4,5,1,1,2,3,2
E4F4-11B9,Female,29,Some Travel,Sales,19,2,Marketing ,Sales Executive,122811,Yes,27-02-2012,Yes,2,1,1,1,29-01-2013,5,4,5,3,0,3,5,5
1C87-44CB,Female,28,Frequent Traveller,Technology,9,3,Computer Science,Software Engineer,48930,Yes,14-03-2012,Yes,7,4,6,2,13-05-2014,4,5,3,3,0,2,5,4
D13E-E661,Male,36,Some Travel,Sales,38,2,Marketing,Sales Executive,298558,Yes,12-04-2013,No,9,4,4,7,15-08-2019,5,3,5,2,3,5,5,4
B24C-18BF,Male,26,No Travel ,Sales,5,2,Marketing,Sales Executive,93170,No,10-01-2016,No,6,3,6,1,15-08-2019,4,4,3,1,0,5,3,3
7E76-154C,Female,25,Some Travel,Technology,40,3,Business Studies,Machine Learning Engineer,75250,No,20-09-2018,No,4,1,4,0,15-08-2019,3,4,3,2,1,4,4,4
2A89-93B6,Female,24,Some Travel,Technology,13,4,Computer Science,Data Scientist,30117,No,21-08-2018,Yes,3,1,1,2,16-08-2019,4,5,4,2,0,4,4,4
41DC-E8B5,Male,47,Some Travel,Sales,17,3,Other,Sales Executive,106840,No,06-12-2014,No,8,3,4,8,16-08-2019,5,2,5,1,0,4,5,5
CA75-94D1,Male,41,Some Travel,Technology,16,2,Computer Science,Data Scientist,45989,No,17-06-2014,No,8,4,8,4,16-08-2019,3,5,4,1,0,2,4,3
6D3B-AD28,Female,25,Frequent Traveller,Sales,33,3,Marketing,Sales Executive,94810,No,18-01-2017,No,5,0,0,3,16-08-2019,5,5,4,2,1,3,4,3
AE51-5502,Male,23,Some Travel,Technology,19,4,Business Studies,Data Scientist,25986,No,08-02-2017,No,5,4,4,3,16-08-2019,4,4,3,1,0,5,3,2
37EE-004B,Female,22,Some Travel,Technology,29,3,Information Systems,Data Scientist,28790,No,09-01-2019,Yes,3,1,1,2,17-08-2019,3,2,2,2,1,3,4,4
52DD-757F,Female,48,No Travel ,Technology,40,2,Information Systems,Machine Learning Engineer,92884,No,30-05-2012,No,10,5,9,2,17-08-2019,1,4,1,1,2,4,5,4
41FE-D257,Male,23,Frequent Traveller,Sales,31,3,Technical Degree,Sales Representative,23505,No,12-07-2017,Yes,1,0,0,0,13-05-2014,3,2,3,3,0,4,3,3
B76C-D9CE,Female,22,Some Travel,Human Resources,7,2,Economics,Recruiter,29322,Yes,31-01-2021,Yes,1,0,0,0,18-08-2019,4,1,4,1,0,2,5,4
DF11-9C46,Female,32,Some Travel,Technology,2,2,Computer Science,Software Engineer,152314,Yes,30-03-2013,No,9,4,6,0,18-08-2019,1,2,1,2,1,1,4,3
CDC1-C7CA,Female,25,Frequent Traveller,Sales,6,3,Marketing,Sales Executive,102569,No,12-09-2015,No,7,1,2,5,18-08-2019,2,4,2,1,1,3,3,3
79C5-FE9D,Non-Binary,28,Some Travel,Technology,5,3,Information Systems,Machine Learning Engineer,140377,Yes,02-06-2015,No,7,2,7,5,19-08-2019,3,3,3,3,0,3,5,4
C7C8-43D9,Female,27,Some Travel,Technology,25,4,Information Systems,Data Scientist,24571,No,17-04-2016,No,6,5,5,6,20-08-2019,1,1,1,3,3,3,4,3
F877-3BF9,Non-Binary,21,Frequent Traveller,Technology,29,4,Information Systems,Software Engineer,61345,No,07-08-2020,Yes,1,0,0,0,21-08-2019,1,1,3,2,0,4,4,4
2962-039F,Female,47,Some Travel,Technology,5,5,Information Systems,Data Scientist,133616,Yes,06-04-2012,No,10,9,9,0,21-08-2019,3,4,4,3,2,4,5,4
60B5-48ED,Male,30,Frequent Traveller,Sales,25,2,Marketing,Sales Executive,135919,No,08-11-2013,No,9,6,6,0,21-08-2019,5,5,2,1,0,4,5,4
7A5A-CC91,Female,23,Some Travel,Sales,12,4,Marketing,Sales Executive,45024,No,17-10-2018,No,4,0,1,0,21-08-2019,5,3,5,3,0,3,4,4
267F-F71D,Female,27,Some Travel,Technology,40,4,Information Systems,Senior Software Engineer,112728,No,18-02-2015,No,7,5,6,4,22-08-2019,5,3,4,2,2,4,5,5
42CC-040A,Female,29,Some Travel,Human Resources,29,2,Technical Degree,Recruiter,49606,No,05-01-2012,Yes,6,1,1,6,14-05-2014,4,5,4,2,3,5,5,5
16FB-8835,Female,46,Frequent Traveller,Technology,24,3,Computer Science,Engineering Manager,514945,Yes,05-02-2013,No,9,4,7,7,23-08-2019,4,2,4,1,3,2,3,3
17AE-E715,Male,31,Frequent Traveller,Technology,38,1,Computer Science,Analytics Manager,547204,Yes,28-09-2014,No,8,7,8,5,24-08-2019,5,5,2,3,1,4,4,4
1D87-3372,Prefer Not To Say,34,Some Travel,Technology,18,3,Computer Science,Engineering Manager,323488,No,01-02-2017,No,5,0,1,1,24-08-2019,3,2,5,1,1,3,5,5
D186-CBF5,Female,19,Some Travel,Sales,21,3,Marketing,Sales Representative,33454,Yes,19-05-2022,Yes,0,0,0,0,25-08-2019,5,3,5,1,2,4,4,4
65A0-5D04,Female,28,Frequent Traveller,Technology,20,1,Computer Science,Data Scientist,62016,No,02-06-2015,No,7,6,6,4,26-08-2019,5,3,5,2,0,5,5,5
4FD5-CC71,Female,22,Some Travel,Technology,31,4,Information Systems,Software Engineer,75738,Yes,23-02-2019,Yes,3,1,2,0,27-08-2019,3,3,3,3,2,3,5,4
993B-186B,Male,27,Some Travel,Sales,7,3,Marketing,Sales Executive,73918,No,21-10-2015,No,7,3,4,1,29-08-2019,4,5,4,1,2,5,5,5
15B3-F392,Female,39,Some Travel,Sales,37,3,Economics,Sales Representative,65612,No,23-02-2014,No,8,2,8,7,30-08-2019,3,4,3,1,2,3,3,3
E616-CAD8,Female,27,Some Travel,Technology,1,3,Information Systems,Engineering Manager,200409,No,17-09-2015,No,7,5,6,1,31-08-2019,4,3,5,3,1,3,3,2
134B-4157,Male,37,Some Travel,Technology,29,3,Computer Science,Analytics Manager,513608,No,03-09-2013,No,9,4,7,3,01-09-2019,5,3,2,2,3,4,3,3
C9FF-3A25,Male,28,No Travel ,Technology,17,2,Information Systems,Software Engineer,54324,Yes,10-09-2015,Yes,3,3,3,1,14-05-2014,5,5,3,2,0,3,3,2
BD97-F94D,Male,26,Some Travel,Technology,8,2,Information Systems,Software Engineer,50614,No,25-12-2015,No,7,7,7,2,01-09-2019,4,4,2,2,3,3,4,4
2DD1-FD7F,Male,22,Some Travel,Technology,3,3,Computer Science,Data Scientist,34753,Yes,18-07-2018,Yes,1,0,0,0,02-09-2019,3,4,5,3,0,2,3,2
C730-6B13,Female,32,Some Travel,Technology,20,4,Computer Science,Data Scientist,85884,No,31-10-2013,No,9,9,9,5,02-09-2019,4,2,5,1,1,3,3,2
11C2-2B5B,Female,26,Frequent Traveller,Technology,14,3,Computer Science,Machine Learning Engineer,92778,No,09-11-2016,No,6,6,6,1,02-09-2019,3,2,5,3,2,3,5,5
D6A7-EF72,Female,40,Some Travel,Human Resources,7,4,Technical Degree,Recruiter,70703,No,04-12-2013,No,9,0,9,7,03-09-2019,4,2,3,3,1,3,3,2
2ED2-2CEC,Male,44,Frequent Traveller,Technology,18,3,Computer Science,Senior Software Engineer,102708,Yes,03-11-2014,No,8,3,4,7,03-09-2019,5,5,3,3,1,2,4,4
2546-1312,Male,25,Frequent Traveller,Technology,20,3,Information Systems,Data Scientist,61054,No,24-06-2017,No,5,0,1,0,03-09-2019,5,2,2,2,1,2,5,4
6E61-A2BA,Non-Binary,24,Some Travel,Sales,41,2,Marketing ,Sales Executive,111750,No,10-06-2016,No,6,4,6,2,03-09-2019,4,2,2,1,0,2,3,3
9075-A294,Male,27,No Travel ,Sales,17,4,Marketing,Sales Executive,71832,No,23-05-2016,No,6,6,6,1,03-09-2019,3,3,3,3,1,5,4,3
39A2-9B0A,Female,19,Frequent Traveller,Sales,35,4,Marketing ,Sales Representative,24959,No,25-10-2022,Yes,0,0,0,0,04-09-2019,3,3,3,1,0,4,3,2
1F0F-458C,Female,29,Some Travel,Technology,3,3,Business Studies,Data Scientist,60388,Yes,11-04-2013,Yes,5,1,3,1,15-05-2014,3,3,2,2,2,2,4,3
F5C3-07B0,Female,26,Some Travel,Technology,16,3,Computer Science,Software Engineer,25110,No,03-09-2015,No,7,1,5,0,04-09-2019,4,5,4,2,2,4,5,4
7845-EF8F,Male,27,Some Travel,Technology,6,3,Information Systems,Engineering Manager,292500,No,25-09-2016,No,6,5,6,2,04-09-2019,4,2,3,2,3,3,4,3
71CC-7412,Prefer Not To Say,25,Some Travel,Technology,4,2,Computer Science,Engineering Manager,179602,No,01-03-2015,No,7,6,6,6,05-09-2019,3,5,5,1,2,4,5,4
B09D-DFEC,Male,47,Some Travel,Technology,37,1,Information Systems,Data Scientist,62999,No,06-04-2013,No,9,2,3,7,06-09-2019,3,3,3,2,3,4,5,4
D014-7DB2,Female,20,Some Travel,Sales,16,3,Marketing ,Sales Representative,35754,No,24-08-2020,Yes,0,0,0,0,08-09-2019,4,3,5,1,1,2,3,2
07F1-62C3,Male,27,Frequent Traveller,Technology,9,4,Computer Science,Software Engineer,39001,Yes,03-03-2015,No,7,7,7,4,08-09-2019,5,3,5,2,0,3,3,2
9F02-0D39,Female,27,Some Travel,Technology,9,2,Computer Science,Analytics Manager,252301,No,30-05-2015,No,7,1,6,5,09-09-2019,5,2,4,2,2,2,5,4
1D35-190A,Female,35,Some Travel,Human Resources,18,4,Marketing ,HR Executive,132563,Yes,22-09-2013,No,9,1,6,9,11-09-2019,4,2,3,3,0,4,5,4
B268-1642,Female,26,No Travel ,Sales,8,2,Technical Degree,Sales Executive,61686,Yes,14-03-2017,No,5,0,0,1,11-09-2019,5,3,5,3,0,2,4,4
4404-DE5A,Female,32,Some Travel,Technology,39,1,Computer Science,Software Engineer,68256,No,10-05-2012,No,10,7,9,6,12-09-2019,4,3,2,3,1,3,5,5
0A05-3943,Female,26,Some Travel,Technology,20,3,Business Studies,Software Engineer,33273,Yes,20-01-2015,Yes,2,1,1,0,17-05-2014,3,2,3,1,1,4,4,3
8F78-4A32,Male,25,No Travel ,Technology,12,3,Information Systems,Data Scientist,31962,No,14-03-2015,No,7,2,7,4,12-09-2019,3,4,3,1,3,2,5,5
BB09-BF7F,Female,27,Some Travel,Sales,45,2,Economics,Sales Executive,57102,No,29-11-2015,No,7,6,6,4,12-09-2019,4,4,3,3,1,2,4,3
F7B0-E6B2,Male,24,Frequent Traveller,Technology,15,2,Computer Science,Data Scientist,63078,No,17-07-2017,No,5,5,5,2,13-09-2019,3,5,2,3,0,5,3,3
6135-885F,Female,18,Frequent Traveller,Technology,8,3,Computer Science,Software Engineer,31894,Yes,31-08-2022,Yes,0,0,0,0,14-09-2019,4,2,3,1,2,2,3,3
411F-6325,Male,27,Frequent Traveller,Technology,45,2,Information Systems,Data Scientist,34579,No,17-06-2016,No,6,4,4,4,14-09-2019,3,2,4,2,1,4,4,4
1E61-B76A,Female,24,Some Travel,Technology,26,2,Other,Data Scientist,39048,No,05-04-2016,No,6,1,4,1,15-09-2019,3,5,2,3,3,2,5,5
7623-9AF1,Female,26,Some Travel,Technology,18,3,Information Systems,Data Scientist,46809,No,29-06-2017,No,5,0,0,2,15-09-2019,3,4,2,2,2,3,5,4
3F19-FC5A,Male,35,Some Travel,Sales,29,5,Marketing,Sales Executive,182764,Yes,10-03-2012,No,10,7,9,9,16-09-2019,4,2,5,3,1,4,5,4
A71E-A9DC,Female,31,Frequent Traveller,Sales,21,3,Marketing,Sales Executive,253719,No,12-02-2013,No,9,2,4,3,16-09-2019,3,5,4,2,1,2,3,3
5741-0022,Female,25,Some Travel,Technology,43,1,Computer Science,Engineering Manager,190198,No,18-05-2015,No,7,0,2,3,19-09-2019,4,4,3,3,2,5,5,4
9F65-F612,Female,28,Some Travel,Technology,33,3,Computer Science,Data Scientist,54536,No,23-04-2012,Yes,3,3,3,2,17-05-2014,5,3,4,3,0,3,4,3
CECC-60FF,Female,27,Some Travel,Technology,16,1,Information Systems,Software Engineer,54379,No,04-10-2016,No,6,1,2,2,19-09-2019,4,3,5,1,0,5,3,3
2FC8-999D,Female,27,Some Travel,Technology,30,2,Information Systems,Analytics Manager,240633,No,22-01-2015,No,7,1,6,7,20-09-2019,5,5,5,2,2,4,5,5
CD7F-377F,Male,25,Frequent Traveller,Sales,25,3,Marketing ,Sales Executive,46283,No,24-08-2016,No,6,5,6,1,20-09-2019,4,3,2,3,2,4,3,2
3476-CA56,Female,24,Some Travel,Sales,16,3,Economics,Sales Representative,25102,No,05-06-2019,Yes,1,0,0,0,21-09-2019,4,5,5,3,1,4,5,4
80BE-E2B5,Female,29,Some Travel,Technology,29,3,Computer Science,Senior Software Engineer,110744,No,02-03-2014,No,8,8,8,1,21-09-2019,4,4,2,3,2,5,4,4
07F5-A45D,Male,24,Frequent Traveller,Sales,23,2,Economics,Sales Representative,38448,Yes,09-08-2018,Yes,4,3,3,2,22-09-2019,4,2,2,3,1,2,5,4
E430-E462,Male,28,Some Travel,Technology,38,3,Information Systems,Senior Software Engineer,194982,No,25-05-2015,No,7,2,7,2,23-09-2019,5,4,3,2,3,4,3,3
46D6-CA7A,Male,27,Frequent Traveller,Technology,16,4,Information Systems,Senior Software Engineer,75275,No,19-01-2016,No,6,4,5,5,23-09-2019,3,2,5,3,1,3,3,2
E7D3-03C9,Male,42,Some Travel,Sales,26,4,Marketing,Sales Executive,91179,No,30-05-2012,No,10,7,9,0,24-09-2019,3,2,5,3,2,4,4,4
DF7E-3233,Male,47,Some Travel,Sales,23,3,Marketing,Sales Representative,44646,No,02-12-2014,No,8,5,5,4,25-09-2019,5,3,5,2,1,3,4,4
4D59-B831,Female,25,Some Travel,Human Resources,14,1,Human Resources,Recruiter,22150,No,25-06-2018,Yes,2,0,1,1,20-05-2014,4,3,4,2,1,2,3,3
7F61-2397,Non-Binary,41,No Travel ,Technology,26,4,Computer Science,Analytics Manager,283081,Yes,03-09-2018,Yes,4,1,3,2,26-09-2019,5,3,4,2,1,2,4,3
EB81-3E51,Female,41,Some Travel,Technology,18,4,Information Systems,Senior Software Engineer,268964,No,01-07-2019,Yes,3,1,1,0,26-09-2019,3,4,5,1,0,3,5,5
C1B4-46B2,Male,27,No Travel ,Technology,21,4,Information Systems,Senior Software Engineer,73326,No,02-09-2015,No,7,0,5,0,26-09-2019,5,2,2,3,0,5,5,4
469A-8121,Male,30,Some Travel,Technology,36,4,Information Systems,Engineering Manager,328415,No,20-01-2012,No,10,1,10,1,27-09-2019,4,3,3,1,0,5,5,4
1CB3-F7D7,Female,21,No Travel ,Sales,6,4,Other,Sales Executive,43259,No,03-11-2022,Yes,0,0,0,0,28-09-2019,5,2,5,3,0,5,5,4
9085-1FE8,Female,35,Some Travel,Technology,32,2,Business Studies,Data Scientist,119917,Yes,15-05-2012,No,10,5,7,4,28-09-2019,5,5,5,1,1,3,5,5
F890-975A,Female,48,Some Travel,Technology,35,2,Information Systems,Engineering Manager,314656,No,09-07-2013,No,9,7,8,3,28-09-2019,4,2,3,2,0,2,5,5
B990-35DA,Female,47,Some Travel,Technology,7,3,Information Systems,Data Scientist,116165,No,27-10-2013,No,9,0,7,8,29-09-2019,3,2,5,1,1,2,5,4
E62F-4FF7,Male,27,Some Travel,Technology,27,4,Information Systems,Machine Learning Engineer,92522,No,22-02-2015,No,7,4,5,2,29-09-2019,4,3,2,2,0,3,3,2
5C7B-86C0,Female,32,Some Travel,Technology,31,4,Business Studies,Senior Software Engineer,186169,No,26-07-2014,No,8,2,6,0,30-09-2019,4,5,2,3,0,3,3,2
5060-A677,Male,26,Frequent Traveller,Technology,45,3,Information Systems,Machine Learning Engineer,108865,No,21-01-2016,Yes,1,0,0,1,20-05-2014,4,2,2,1,0,3,4,3
130F-32AB,Female,20,Some Travel,Technology,6,1,Computer Science,Software Engineer,30714,Yes,05-06-2020,Yes,2,0,1,1,01-10-2019,5,4,2,2,3,5,4,4
B34E-95FF,Male,25,Some Travel,Sales,33,5,Marketing,Sales Executive,87347,Yes,09-11-2019,Yes,2,1,1,0,01-10-2019,5,2,5,2,3,2,5,4
87D2-8B67,Female,45,Some Travel,Technology,34,2,Information Systems,Machine Learning Engineer,152278,Yes,18-04-2012,No,10,8,8,2,01-10-2019,5,3,4,2,0,4,4,4
2C7D-F9F1,Male,30,Some Travel,Technology,45,2,Business Studies,Machine Learning Engineer,262409,No,20-12-2013,No,9,8,9,8,01-10-2019,4,4,3,1,1,5,3,3
B102-5713,Non-Binary,27,Some Travel,Sales,31,5,Marketing ,Manager,205622,No,19-08-2015,No,7,5,5,3,01-10-2019,3,3,3,1,1,3,4,3
4C06-7031,Female,43,Some Travel,Technology,35,5,Computer Science,Engineering Manager,286660,No,26-04-2021,No,1,0,0,1,02-10-2019,3,4,4,1,0,4,3,2
277A-A6FA,Female,35,Some Travel,Technology,8,4,Information Systems,Machine Learning Engineer,272175,No,12-01-2012,No,10,7,8,2,03-10-2019,3,4,5,1,3,4,5,5
825E-0B3A,Male,30,Some Travel,Technology,26,3,Information Systems,Machine Learning Engineer,94791,No,27-12-2013,No,9,9,9,0,04-10-2019,4,3,4,3,1,2,5,5
6C86-3DC0,Male,31,Some Travel,Technology,20,2,Computer Science,Senior Software Engineer,149482,Yes,22-08-2014,No,8,3,7,2,04-10-2019,4,3,3,1,2,2,3,3
D4D7-3C3F,Female,28,Some Travel,Technology,27,2,Information Systems,Machine Learning Engineer,117918,No,02-12-2014,No,8,3,8,7,04-10-2019,4,5,4,3,0,5,3,2
A2D0-E2D2,Female,26,Some Travel,Technology,25,3,Information Systems,Software Engineer,22089,Yes,15-12-2014,Yes,1,0,0,0,20-05-2014,3,4,3,1,0,4,3,2
3DB7-2942,Female,27,Some Travel,Technology,3,2,Computer Science,Engineering Manager,137012,No,16-08-2015,No,7,6,7,7,04-10-2019,3,3,5,3,1,4,5,4
0FE8-B881,Male,25,Some Travel,Sales,12,3,Marketing ,Sales Executive,118048,No,14-09-2018,No,4,4,4,3,04-10-2019,5,2,5,2,3,4,5,4
022A-0219,Female,32,Frequent Traveller,Technology,14,3,Business Studies,Software Engineer,86639,No,21-05-2012,No,10,3,9,5,08-10-2019,5,5,2,1,2,2,3,2
817D-28CE,Female,22,Frequent Traveller,Technology,30,3,Computer Science,Data Scientist,40614,Yes,29-07-2020,Yes,0,0,0,0,09-10-2019,4,4,2,2,1,4,4,3
EC6A-DD76,Female,20,Frequent Traveller,Technology,31,3,Information Systems,Data Scientist,37361,No,13-09-2021,Yes,0,0,0,0,09-10-2019,4,5,4,3,3,2,4,3
8365-EB74,Male,40,Frequent Traveller,Technology,14,2,Information Systems,Data Scientist,43854,No,19-08-2013,No,9,4,9,2,09-10-2019,3,4,2,3,0,3,4,4
F401-1B75,Non-Binary,27,Some Travel,Technology,5,2,Computer Science,Software Engineer,26542,No,05-10-2015,No,7,1,7,5,09-10-2019,3,4,2,2,1,2,5,4
7589-66E3,Male,47,Frequent Traveller,Sales,42,3,Marketing,Sales Executive,232155,No,30-10-2014,No,8,7,7,3,10-10-2019,3,3,2,3,2,5,3,3
12A7-AFD6,Non-Binary,24,Some Travel,Sales,22,3,Marketing,Sales Executive,53530,Yes,19-09-2018,No,4,3,3,1,10-10-2019,5,3,4,3,0,3,3,2
FAC0-942B,Male,32,Some Travel,Technology,30,4,Computer Science,Software Engineer,48377,Yes,21-12-2014,No,8,5,5,6,14-10-2019,4,2,5,1,1,4,3,3
7279-6591,Male,41,Some Travel,Sales,25,3,Marketing ,Sales Executive,231843,Yes,01-06-2017,Yes,1,1,1,0,31-01-2013,3,3,2,2,1,5,3,2
BE54-8537,Female,26,Frequent Traveller,Technology,14,3,Computer Science,Software Engineer,36794,No,18-11-2015,Yes,5,3,4,3,20-05-2014,5,3,4,2,1,4,4,3
278C-D482,Female,26,No Travel ,Technology,20,3,Business Studies,Software Engineer,28751,No,15-06-2015,No,7,6,6,2,14-10-2019,4,3,3,1,2,3,4,3
15D4-53C2,Prefer Not To Say,33,Some Travel,Sales,30,3,Economics,Sales Executive,90726,No,17-09-2014,No,8,0,5,1,15-10-2019,3,2,5,1,3,2,4,4
2250-86C5,Prefer Not To Say,41,Some Travel,Sales,33,1,Marketing ,Sales Executive,119592,Yes,06-05-2014,No,8,7,8,2,15-10-2019,5,3,5,2,1,2,4,4
5C48-9106,Male,37,Frequent Traveller,Technology,15,4,Computer Science,Data Scientist,53929,No,15-11-2014,No,8,7,7,5,15-10-2019,3,5,2,2,0,4,5,4
8DA7-0090,Non-Binary,41,Some Travel,Human Resources,11,2,Economics,HR Business Partner,445906,Yes,01-04-2015,No,7,1,5,4,15-10-2019,3,4,2,2,2,5,3,2
30CB-BCD0,Female,38,Frequent Traveller,Technology,31,3,Computer Science,Data Scientist,90187,Yes,27-06-2014,No,8,4,5,2,16-10-2019,3,2,2,3,0,5,5,5
45FF-ACE6,Female,28,Some Travel,Sales,13,3,Marketing ,Sales Executive,207479,No,19-07-2020,Yes,1,0,0,0,17-10-2019,3,5,4,2,1,4,4,4
AA19-95BD,Male,33,Some Travel,Sales,43,4,Marketing,Sales Executive,165988,Yes,08-05-2021,Yes,1,0,0,0,17-10-2019,3,4,3,1,0,4,4,4
FEEC-A663,Non-Binary,27,Some Travel,Technology,1,1,Information Systems,Software Engineer,48442,No,17-04-2015,No,7,3,4,5,17-10-2019,3,2,4,2,0,4,4,4
05DA-5423,Female,26,Some Travel,Technology,16,2,Business Studies,Software Engineer,34630,No,30-07-2016,No,6,2,6,0,17-10-2019,5,4,3,1,1,3,3,3
9169-FC4B,Male,28,Some Travel,Human Resources,18,2,Economics,HR Executive,179561,No,09-05-2012,Yes,1,0,0,1,21-05-2014,4,4,4,3,0,2,5,4
7269-88EC,Female,28,Frequent Traveller,Technology,31,1,Other,Senior Software Engineer,176282,Yes,23-04-2019,Yes,2,0,1,0,18-10-2019,3,2,3,1,2,4,3,2
465A-91D1,Female,42,Some Travel,Sales,36,1,Marketing ,Sales Representative,43753,No,01-05-2013,No,9,0,1,1,19-10-2019,4,2,3,3,3,4,3,2
6F3E-2A75,Male,28,Frequent Traveller,Sales,4,4,Other,Sales Executive,110839,No,12-11-2013,No,9,8,8,4,20-10-2019,4,3,3,1,1,3,4,4
CD0F-DE05,Female,28,No Travel ,Technology,43,3,Computer Science,Software Engineer,50175,No,18-07-2013,No,9,9,9,3,20-10-2019,3,5,2,3,2,2,4,3
0B72-0EE6,Male,24,Some Travel,Technology,1,4,Computer Science,Senior Software Engineer,70849,No,03-09-2016,No,6,0,1,6,20-10-2019,3,2,2,3,1,4,3,2
1C6F-87AA,Non-Binary,26,Some Travel,Sales,5,3,Marketing,Sales Executive,107966,No,23-06-2016,No,6,6,6,6,20-10-2019,3,2,4,1,2,3,3,2
C292-EC0C,Non-Binary,26,Some Travel,Technology,8,2,Computer Science,Software Engineer,27219,No,16-08-2016,No,6,3,5,4,20-10-2019,4,5,3,2,0,4,3,3
851C-E7E2,Male,27,Some Travel,Technology,14,2,Information Systems,Machine Learning Engineer,120049,No,07-11-2015,No,7,1,6,1,21-10-2019,3,2,5,2,1,4,4,3
21CB-EF3E,Female,36,Some Travel,Technology,4,3,Information Systems,Senior Software Engineer,208338,No,07-04-2012,No,10,10,10,1,22-10-2019,5,5,2,2,0,2,4,3
31FB-D496,Female,25,Some Travel,Technology,5,4,Other,Software Engineer,51454,No,17-04-2015,No,7,1,6,7,22-10-2019,3,2,4,3,2,5,4,3
00B0-F199,Male,23,Some Travel,Sales,35,1,Marketing ,Sales Executive,97824,Yes,16-03-2020,Yes,1,0,1,0,22-05-2014,3,5,3,1,3,2,3,2
A76C-AEB3,Male,25,Some Travel,Technology,10,3,Business Studies,Machine Learning Engineer,145905,Yes,07-06-2015,No,7,3,3,2,24-10-2019,4,4,5,3,0,3,3,3
DAE0-B44F,Female,24,Some Travel,Sales,4,3,Economics,Sales Executive,133274,No,23-06-2016,No,6,2,3,1,24-10-2019,3,4,4,1,2,3,4,3
2E9A-BD2E,Male,36,Some Travel,Sales,13,5,Marketing ,Manager,432191,No,27-09-2013,No,9,1,8,0,25-10-2019,4,3,4,1,1,5,5,5
7378-5351,Female,35,Some Travel,Technology,43,1,Business Studies,Engineering Manager,243863,Yes,04-02-2014,No,8,1,6,6,25-10-2019,5,5,5,2,1,5,3,3
CEE0-94C3,Male,42,Some Travel,Sales,12,1,Technical Degree,Sales Representative,70535,No,29-09-2013,No,9,3,8,5,25-10-2019,3,4,5,3,0,4,3,3
EFB8-ED99,Female,24,Some Travel,Sales,16,2,Marketing ,Sales Executive,43158,Yes,29-01-2017,No,5,0,5,5,25-10-2019,4,3,3,2,0,4,3,2
9C7D-E1B1,Male,22,Some Travel,Technology,26,3,Information Systems,Machine Learning Engineer,62509,No,23-10-2019,Yes,1,0,0,0,26-10-2019,4,4,3,3,1,2,5,4
D199-1896,Female,42,Some Travel,Sales,39,3,Economics,Sales Executive,206277,No,02-05-2012,No,10,6,10,1,26-10-2019,3,4,4,3,2,2,5,4
7F91-C628,Non-Binary,36,Frequent Traveller,Technology,14,1,Information Systems,Data Scientist,43358,No,07-05-2013,No,9,0,9,5,26-10-2019,3,3,2,2,2,2,5,5
B341-8D6A,Female,40,No Travel ,Technology,26,1,Business Studies,Software Engineer,48125,No,14-03-2014,No,8,5,8,2,26-10-2019,5,4,2,1,1,5,3,3
1705-0DE5,Female,38,Some Travel,Technology,10,3,Business Studies,Engineering Manager,303360,No,16-10-2021,Yes,0,0,0,0,23-05-2014,3,3,4,3,1,2,5,4
B375-26A9,Female,24,No Travel ,Human Resources,5,3,Human Resources,HR Executive,41745,No,03-09-2018,No,4,2,4,0,26-10-2019,5,4,5,2,0,3,3,2
2698-A448,Male,43,Some Travel,Technology,40,3,Information Systems,Software Engineer,63511,No,31-12-2014,No,8,5,7,4,27-10-2019,5,2,3,3,0,2,4,4
D18F-8C48,Female,27,No Travel ,Technology,8,1,Information Systems,Engineering Manager,152322,No,17-04-2016,No,6,0,5,4,27-10-2019,5,5,2,1,1,5,5,5
8C57-8F84,Male,20,Frequent Traveller,Technology,45,2,Information Systems,Software Engineer,22773,Yes,14-04-2021,Yes,1,0,0,0,28-10-2019,3,2,2,2,0,5,5,4
9E22-6287,Non-Binary,48,Some Travel,Technology,37,3,Computer Science,Machine Learning Engineer,145337,No,21-01-2012,No,10,10,10,0,29-10-2019,3,3,2,1,0,4,3,2
8F7F-015D,Male,28,Some Travel,Technology,43,4,Information Systems,Engineering Manager,249071,No,24-08-2015,No,7,5,5,6,29-10-2019,4,1,4,2,2,2,5,5
3012-1A41,Female,30,Some Travel,Sales,27,5,Marketing,Sales Executive,102059,No,03-01-2012,No,10,4,9,7,30-10-2019,1,3,2,3,1,3,5,4
6280-B47F,Male,25,Frequent Traveller,Technology,39,4,Computer Science,Software Engineer,26545,Yes,21-06-2022,Yes,0,0,0,0,31-10-2019,2,4,2,3,3,1,3,3
0868-097F,Non-Binary,33,Some Travel,Technology,26,3,Information Systems,Engineering Manager,267009,No,23-09-2013,No,9,0,1,7,31-10-2019,4,1,4,1,2,1,3,3
7B9D-8612,Female,32,Some Travel,Sales,9,2,Marketing ,Sales Executive,133865,Yes,12-03-2013,No,9,3,3,0,31-10-2019,1,2,3,3,0,4,3,2
8766-F1E7,Male,25,Some Travel,Technology,18,4,Information Systems,Machine Learning Engineer,130434,Yes,26-09-2016,Yes,0,0,0,0,24-05-2014,3,4,5,3,2,4,4,3
D457-AB87,Male,24,Some Travel,Sales,29,3,Marketing,Sales Executive,105859,No,13-02-2017,No,5,5,5,3,31-10-2019,1,4,2,2,0,1,4,4
C1C6-F683,Male,45,Frequent Traveller,Technology,6,4,Information Systems,Software Engineer,92613,Yes,23-11-2013,No,9,6,6,2,01-11-2019,4,3,3,2,2,4,3,2
EBBD-37D4,Non-Binary,35,Some Travel,Sales,26,4,Marketing,Sales Executive,98435,No,23-04-2012,No,10,7,9,9,02-11-2019,5,2,3,3,0,3,5,5
0240-4D29,Non-Binary,35,Some Travel,Technology,31,4,Computer Science,Software Engineer,77269,No,13-09-2014,No,8,8,8,6,02-11-2019,4,5,5,3,1,3,3,3
7FA1-BC64,Male,19,Some Travel,Technology,7,3,Information Systems,Software Engineer,30896,Yes,17-03-2021,Yes,1,0,0,0,03-11-2019,5,4,5,1,2,3,5,4
D245-5D80,Male,26,Some Travel,Technology,10,4,Information Systems,Senior Software Engineer,148080,Yes,03-05-2015,No,7,7,7,1,03-11-2019,5,3,4,1,0,2,3,2
DD78-E811,Female,38,Some Travel,Technology,25,2,Other,Data Scientist,60549,No,05-06-2013,No,9,5,6,6,04-11-2019,5,4,5,3,3,5,4,4
EC6E-7F42,Male,42,Frequent Traveller,Technology,28,3,Computer Science,Senior Software Engineer,264513,No,08-07-2020,Yes,1,0,0,1,05-11-2019,5,4,4,1,1,4,3,2
2407-5A4E,Male,40,Some Travel,Technology,22,1,Business Studies,Data Scientist,38849,No,06-06-2014,No,8,6,6,3,05-11-2019,4,3,3,3,1,5,4,4
1363-6BF9,Male,36,Some Travel,Technology,10,3,Business Studies,Senior Software Engineer,189405,No,23-05-2013,No,9,4,6,7,06-11-2019,3,5,5,3,0,2,3,3
45F9-3A37,Male,21,Some Travel,Technology,34,4,Information Systems,Software Engineer,61758,No,22-11-2022,Yes,0,0,0,0,24-05-2014,5,4,2,1,2,5,5,5
1C24-233B,Non-Binary,40,Some Travel,Technology,30,4,Computer Science,Machine Learning Engineer,145328,No,09-12-2013,No,9,0,9,9,06-11-2019,3,4,4,2,0,4,3,2
67ED-A630,Male,29,Some Travel,Sales,38,4,Marketing,Sales Executive,102061,No,17-01-2013,No,9,5,9,5,06-11-2019,3,5,3,1,1,3,5,5
CC7A-EE97,Male,31,Some Travel,Technology,10,3,Computer Science,Senior Software Engineer,168087,No,24-06-2014,No,8,4,7,3,06-11-2019,3,3,2,2,1,3,4,4
4FA9-D343,Female,21,Frequent Traveller,Sales,33,3,Marketing ,Sales Executive,60810,No,18-05-2021,No,1,0,1,1,06-11-2019,3,4,4,2,3,4,5,4
FD95-9EEB,Male,30,Some Travel,Technology,19,4,Business Studies,Data Scientist,96187,Yes,19-11-2020,Yes,0,0,0,0,07-11-2019,3,2,4,1,2,2,5,4
4C62-5BE8,Non-Binary,39,Frequent Traveller,Technology,4,1,Business Studies,Software Engineer,87879,Yes,25-05-2013,No,9,6,8,9,07-11-2019,3,4,5,2,1,5,5,5
B679-F7C9,Male,29,Some Travel,Technology,36,5,Business Studies,Software Engineer,113448,Yes,31-12-2015,No,7,0,4,1,07-11-2019,3,2,4,1,2,2,4,3
AFDF-3DA8,Male,41,Some Travel,Sales,35,1,Marketing,Manager,314961,No,23-05-2021,Yes,0,0,0,0,08-11-2019,4,3,3,3,1,2,3,2
3642-EEAE,Female,48,Some Travel,Technology,43,3,Information Systems,Data Scientist,56053,No,27-06-2014,No,8,6,8,4,08-11-2019,4,3,5,2,0,5,3,2
BAB4-3AC8,Female,25,No Travel ,Technology,24,4,Computer Science,Software Engineer,44146,No,08-01-2016,No,6,1,1,3,08-11-2019,5,5,3,1,2,3,5,5
06DE-E772,Male,34,Frequent Traveller,Sales,45,3,Marketing ,Sales Executive,341971,No,02-09-2020,Yes,1,0,0,0,25-05-2014,3,5,4,2,2,5,4,4
BFF3-AADC,Female,31,No Travel ,Human Resources,25,2,Marketing ,Recruiter,55682,No,25-01-2012,No,10,0,2,0,09-11-2019,4,5,2,3,3,2,5,5
AB4A-E71A,Male,43,Some Travel,Sales,3,3,Marketing,Manager,429939,Yes,05-09-2013,No,9,3,3,7,09-11-2019,4,5,5,1,1,2,4,4
D871-1F74,Female,32,Frequent Traveller,Technology,40,5,Computer Science,Data Scientist,60759,No,22-06-2014,No,8,0,6,3,09-11-2019,4,2,3,3,1,2,5,5
4FC2-A40D,Female,32,No Travel ,Technology,12,3,Computer Science,Engineering Manager,316725,No,02-02-2012,No,10,6,10,2,10-11-2019,3,3,2,3,1,3,4,4
3E4A-F28F,Female,20,Some Travel,Technology,45,2,Information Systems,Senior Software Engineer,41877,No,02-11-2022,Yes,0,0,0,0,11-11-2019,4,4,2,2,1,5,4,4
F578-F0C8,Female,21,Some Travel,Technology,6,5,Business Studies,Software Engineer,25149,No,03-11-2020,Yes,1,1,1,1,11-11-2019,5,2,4,2,1,5,5,5
2A04-49D1,Non-Binary,41,Some Travel,Technology,11,5,Information Systems,Engineering Manager,372980,No,22-08-2013,No,9,1,2,3,11-11-2019,4,5,5,2,2,2,3,2
F9E1-87E9,Female,33,No Travel ,Sales,41,2,Economics,Sales Executive,193190,Yes,22-04-2014,No,8,0,3,4,12-11-2019,4,2,2,1,1,2,3,2
EA3A-E005,Male,24,Some Travel,Technology,30,3,Business Studies,Software Engineer,26363,No,24-07-2016,No,6,6,6,2,12-11-2019,4,5,4,3,0,2,4,4
A696-1216,Female,36,Some Travel,Sales,37,3,Marketing ,Sales Executive,192475,No,20-07-2014,No,8,2,2,0,13-11-2019,5,5,5,1,0,2,5,4
D91C-815B,Female,22,Frequent Traveller,Sales,26,2,Economics,Sales Representative,42250,Yes,23-05-2018,Yes,4,1,3,2,27-05-2014,3,5,2,2,0,3,5,4
9728-1A5B,Male,48,Some Travel,Sales,33,2,Marketing ,Sales Executive,191771,No,17-05-2012,No,10,0,10,4,14-11-2019,5,5,2,1,1,3,3,2
4565-62DE,Male,37,Some Travel,Technology,29,3,Computer Science,Machine Learning Engineer,155506,No,18-03-2014,No,8,8,8,8,15-11-2019,5,2,2,1,0,2,4,3
C395-8C36,Male,33,Some Travel,Human Resources,3,1,Technical Degree,Recruiter,53616,Yes,19-01-2012,No,10,2,3,7,17-11-2019,5,3,4,1,2,4,4,4
B063-A2B5,Male,41,Some Travel,Sales,11,1,Marketing,Sales Executive,81654,No,28-11-2014,No,8,3,4,7,17-11-2019,4,3,2,3,0,4,4,4
FB5B-C127,Female,25,Some Travel,Technology,42,3,Computer Science,Software Engineer,70068,No,29-12-2015,No,7,4,6,7,17-11-2019,3,2,5,3,1,3,5,5
C25C-C434,Female,35,Frequent Traveller,Technology,39,4,Computer Science,Software Engineer,71257,No,01-05-2012,No,10,1,6,10,18-11-2019,3,2,5,3,2,3,5,5
4DA0-81D7,Male,28,Some Travel,Human Resources,34,2,Marketing ,HR Executive,94534,No,11-05-2013,No,9,3,3,1,18-11-2019,3,4,5,2,0,3,4,4
7DD6-128C,Female,32,No Travel ,Sales,2,4,Marketing,Sales Executive,114246,No,26-07-2014,No,8,3,6,5,18-11-2019,4,2,3,2,0,2,5,5
0145-DBFC,Female,34,No Travel ,Technology,8,4,Information Systems,Data Scientist,104268,No,10-02-2014,No,8,7,7,7,19-11-2019,5,5,5,3,1,2,3,2
8292-6635,Male,26,Some Travel,Sales,14,4,Marketing ,Sales Executive,127450,No,11-07-2015,No,7,0,0,1,19-11-2019,4,2,5,2,1,3,5,4
29C2-1A3F,Female,30,Some Travel,Technology,32,3,Information Systems,Senior Software Engineer,158656,No,25-12-2019,Yes,2,1,1,2,27-05-2014,5,5,4,1,1,4,3,2
085C-7FC2,Male,47,No Travel ,Sales,17,4,Other,Sales Executive,176158,No,13-04-2012,No,10,9,10,2,20-11-2019,3,5,2,1,2,2,3,2
8078-6154,Female,26,Some Travel,Sales,29,1,Marketing,Manager,172070,No,09-04-2017,No,5,4,4,3,20-11-2019,4,2,2,3,2,2,3,3
CC88-AE14,Female,25,Some Travel,Technology,27,2,Computer Science,Machine Learning Engineer,84770,Yes,20-12-2016,No,6,0,5,0,20-11-2019,3,5,2,3,1,4,5,4
7FFD-C810,Female,32,Some Travel,Technology,22,2,Other,Data Scientist,75821,No,30-01-2012,No,10,1,5,1,21-11-2019,5,2,5,2,1,4,4,4
9360-3A68,Female,27,No Travel ,Technology,12,3,Information Systems,Data Scientist,41524,No,12-11-2015,No,7,6,6,6,21-11-2019,3,4,5,3,1,4,3,3
3D9E-FB05,Male,25,Some Travel,Sales,2,4,Economics,Sales Executive,75555,No,08-11-2016,No,6,5,6,4,21-11-2019,4,3,2,3,3,4,5,5
C219-6C2E,Male,34,Some Travel,Sales,30,2,Marketing,Sales Executive,133468,No,05-01-2012,No,10,3,7,9,22-11-2019,4,4,4,2,1,2,3,3
757F-78FE,Male,25,No Travel ,Technology,32,4,Information Systems,Machine Learning Engineer,52614,No,08-05-2016,No,6,4,5,1,22-11-2019,4,4,5,1,1,3,3,2
1749-81A2,Female,48,Some Travel,Technology,17,3,Information Systems,Software Engineer,65860,No,01-02-2012,No,10,6,7,1,23-11-2019,5,5,4,1,3,4,4,3
C22D-CE5F,Female,42,Frequent Traveller,Sales,37,3,Marketing ,Sales Executive,189256,No,10-07-2014,No,8,1,2,2,24-11-2019,4,3,4,1,1,3,4,3
2F98-E645,Female,29,Frequent Traveller,Technology,17,3,Computer Science,Data Scientist,105554,Yes,25-02-2014,Yes,5,2,5,2,28-05-2014,4,2,5,1,1,5,5,5
E523-D168,Male,27,Some Travel,Sales,42,2,Technical Degree,Sales Executive,68638,Yes,10-03-2015,No,7,7,7,0,24-11-2019,4,2,5,2,1,5,5,5
5B11-3DB3,Female,24,Some Travel,Sales,43,4,Economics,Sales Executive,144335,No,11-10-2018,Yes,0,0,0,0,25-11-2019,5,2,5,3,0,3,4,4
6A2B-42DB,Female,21,Frequent Traveller,Technology,41,2,Information Systems,Software Engineer,23612,Yes,28-09-2022,Yes,0,0,0,0,25-11-2019,4,3,5,2,0,2,5,4
F838-C681,Male,32,Some Travel,Technology,22,4,Business Studies,Software Engineer,72688,No,06-05-2013,No,9,3,3,8,25-11-2019,4,2,5,2,1,4,3,2
6413-42F1,Female,27,Some Travel,Human Resources,24,2,Other,HR Executive,55206,No,13-07-2016,No,6,1,3,4,25-11-2019,5,5,2,2,2,3,5,4
3994-472A,Male,29,Some Travel,Technology,33,3,Computer Science,Software Engineer,153909,No,23-04-2012,No,10,10,10,2,26-11-2019,3,3,5,3,1,2,5,5
12B5-11CC,Female,30,Some Travel,Technology,8,3,Information Systems,Software Engineer,70771,No,08-03-2012,No,10,9,9,2,27-11-2019,5,5,2,3,0,4,4,3
4969-9A35,Non-Binary,39,Frequent Traveller,Technology,8,4,Information Systems,Software Engineer,137427,Yes,04-03-2012,No,10,9,10,8,28-11-2019,4,3,5,2,0,4,5,5
2BEA-43B2,Male,48,Some Travel,Technology,44,1,Computer Science,Software Engineer,103198,No,03-04-2013,No,9,7,9,2,28-11-2019,3,3,4,1,0,4,5,5
6A67-EC2C,Female,23,Some Travel,Sales,21,4,Marketing,Sales Executive,37626,No,04-02-2017,No,5,4,4,2,28-11-2019,4,4,3,3,1,5,5,5
EEFC-DEC7,Male,44,Some Travel,Technology,4,4,Other,Data Scientist,85523,Yes,18-08-2014,Yes,8,0,4,1,31-01-2013,4,5,5,1,1,3,3,3
F469-0427,Female,19,Frequent Traveller,Human Resources,31,4,Marketing ,Recruiter,36832,Yes,20-02-2022,Yes,0,0,0,0,28-05-2014,5,5,2,1,0,4,4,4
C54B-DBC5,Female,33,Frequent Traveller,Sales,33,5,Marketing,Sales Executive,115114,No,12-11-2013,No,9,9,9,6,29-11-2019,3,3,2,1,0,3,3,3
B312-7192,Female,39,No Travel ,Sales,12,2,Marketing ,Sales Executive,89351,No,11-11-2014,No,8,2,2,0,29-11-2019,4,5,5,2,1,2,4,3
296A-A685,Female,27,No Travel ,Technology,34,2,Business Studies,Data Scientist,30783,No,03-02-2015,No,7,7,7,2,30-11-2019,3,2,5,1,2,3,4,4
9FE1-0345,Male,28,Some Travel,Technology,6,1,Information Systems,Data Scientist,87175,No,21-04-2012,No,10,6,10,7,01-12-2019,4,5,5,3,0,5,4,3
F265-79B0,Female,37,Frequent Traveller,Technology,14,4,Computer Science,Machine Learning Engineer,99936,No,01-05-2012,No,10,9,10,6,01-12-2019,3,4,2,1,0,2,5,5
4886-62DF,Female,48,Some Travel,Technology,45,3,Other,Senior Software Engineer,207456,No,18-10-2013,No,9,2,6,4,02-12-2019,3,5,2,2,2,5,3,3
6987-6124,Male,25,Frequent Traveller,Technology,21,4,Information Systems,Engineering Manager,182961,No,15-11-2016,No,6,3,5,1,02-12-2019,5,4,2,3,1,3,4,3
BD70-7DAE,Male,22,Frequent Traveller,Technology,2,3,Business Studies,Software Engineer,37014,Yes,23-10-2020,Yes,1,0,1,0,03-12-2019,3,4,2,1,0,3,4,4
DDAC-D5FD,Male,22,Frequent Traveller,Technology,4,3,Information Systems,Data Scientist,21854,No,18-06-2021,Yes,0,0,0,0,03-12-2019,3,5,3,3,2,3,3,3
3D71-8DC2,Male,38,Some Travel,Sales,20,4,Marketing ,Sales Executive,147098,No,11-01-2012,No,10,5,8,2,05-12-2019,5,4,2,3,1,3,4,4
C08F-94F9,Male,26,Some Travel,Technology,32,3,Information Systems,Software Engineer,40100,Yes,30-07-2015,Yes,0,0,0,0,30-05-2014,5,4,5,2,1,3,3,3
A923-9EF6,Female,41,Frequent Traveller,Technology,7,1,Business Studies,Machine Learning Engineer,107008,No,05-02-2012,No,10,9,10,9,05-12-2019,3,5,5,2,2,4,3,3
DFA9-990E,Male,43,No Travel ,Sales,34,4,Marketing ,Sales Executive,108315,No,17-01-2012,No,10,9,10,10,05-12-2019,3,4,4,2,2,3,4,3
D39D-4015,Female,30,Frequent Traveller,Technology,28,3,Information Systems,Software Engineer,46388,No,16-01-2014,No,8,6,6,3,05-12-2019,5,3,5,1,2,3,3,3
4A39-E8E6,Male,35,Some Travel,Technology,26,3,Information Systems,Engineering Manager,311475,No,15-04-2014,No,8,0,0,2,05-12-2019,3,2,5,1,1,4,4,4
C6EC-FEB5,Female,38,Some Travel,Sales,1,1,Economics,Sales Executive,151141,No,19-01-2012,No,10,3,6,9,07-12-2019,3,4,4,3,3,4,4,3
1B4A-5D80,Female,26,Some Travel,Technology,37,4,Information Systems,Analytics Manager,107863,Yes,03-01-2016,No,6,3,6,0,07-12-2019,5,5,5,1,1,5,5,4
598D-E3B4,Male,19,No Travel ,Technology,9,3,Information Systems,Software Engineer,29798,Yes,19-03-2022,Yes,0,0,0,0,08-12-2019,5,2,2,3,2,4,4,4
B98B-4689,Non-Binary,22,Frequent Traveller,Sales,28,4,Marketing ,Sales Executive,39845,No,13-01-2019,Yes,1,0,0,0,08-12-2019,4,5,3,3,0,3,4,3
DBF0-2EA3,Female,27,Frequent Traveller,Technology,1,4,Computer Science,Senior Software Engineer,56302,Yes,04-08-2016,No,6,3,5,4,08-12-2019,4,3,3,1,0,2,5,4
63BF-A86A,Female,39,Frequent Traveller,Human Resources,16,3,Human Resources,HR Executive,201564,Yes,12-10-2022,Yes,0,0,0,0,09-12-2019,5,2,4,2,1,3,5,4
DEBE-1622,Male,28,Frequent Traveller,Technology,22,5,Computer Science,Machine Learning Engineer,205433,No,02-04-2012,Yes,4,1,2,1,30-05-2014,4,5,2,2,2,5,5,4
58C8-63FA,Male,38,Some Travel,Technology,40,4,Computer Science,Senior Software Engineer,126505,No,15-04-2012,No,10,1,5,8,09-12-2019,5,5,5,3,0,3,5,4
CF8D-7379,Prefer Not To Say,43,Some Travel,Technology,14,4,Information Systems,Engineering Manager,365504,Yes,04-11-2013,No,9,6,7,8,11-12-2019,3,4,4,1,0,4,4,4
533B-938D,Male,28,Some Travel,Sales,43,4,Marketing ,Sales Executive,157549,No,20-10-2015,No,7,0,0,3,12-12-2019,4,2,3,1,0,5,3,3
E6D9-ADEE,Female,20,No Travel ,Technology,45,2,Computer Science,Software Engineer,28262,No,29-08-2020,Yes,1,0,0,0,13-12-2019,4,5,5,1,0,5,3,2
E5C1-B122,Female,36,No Travel ,Sales,33,4,Marketing,Sales Executive,116057,No,19-03-2012,No,10,2,10,2,13-12-2019,4,5,2,2,1,4,3,3
08FC-817E,Female,26,Some Travel,Technology,43,4,Computer Science,Software Engineer,30217,No,04-09-2015,No,7,2,4,0,15-12-2019,3,2,4,1,1,2,4,3
E55E-9436,Male,41,No Travel ,Sales,34,3,Marketing ,Sales Executive,326896,Yes,03-02-2020,Yes,2,1,1,1,16-12-2019,5,3,5,2,1,4,5,5
9CC0-FF43,Female,25,Some Travel,Technology,32,3,Information Systems,Software Engineer,35586,No,17-02-2017,No,5,4,5,0,16-12-2019,5,4,2,2,0,4,5,5
DF94-FD29,Male,22,Frequent Traveller,Sales,4,4,Marketing,Sales Executive,75816,No,24-12-2020,Yes,1,0,0,0,17-12-2019,5,2,5,1,2,5,4,3
9C71-34AE,Non-Binary,40,Some Travel,Technology,44,2,Computer Science,Software Engineer,69119,No,15-02-2012,No,10,8,10,5,18-12-2019,3,4,2,3,1,2,3,3
9C27-3F5C,Female,24,Some Travel,Technology,20,1,Computer Science,Software Engineer,32930,Yes,24-09-2019,No,3,3,3,0,30-05-2014,5,5,5,3,0,4,5,5
8E5B-CBBF,Male,25,Some Travel,Sales,12,4,Marketing,Sales Executive,67814,No,28-03-2015,No,7,6,7,1,18-12-2019,3,3,2,1,0,3,3,3
AF5D-A8C8,Male,24,Some Travel,Sales,27,4,Marketing ,Sales Executive,86102,Yes,04-05-2021,Yes,0,0,0,0,19-12-2019,3,5,5,3,1,4,3,3
DCFE-F601,Male,48,Some Travel,Technology,36,3,Information Systems,Senior Software Engineer,180561,No,01-06-2013,No,9,1,8,7,19-12-2019,3,2,5,2,1,5,4,4
776A-CDBC,Female,26,Some Travel,Sales,4,2,Economics,Sales Executive,82147,No,05-12-2016,No,6,2,4,3,19-12-2019,3,2,2,2,2,5,3,2
0CED-EE28,Female,48,Some Travel,Technology,25,1,Computer Science,Data Scientist,47464,No,06-03-2012,No,10,4,8,10,20-12-2019,4,4,2,2,0,5,4,3
5C61-8F3A,Female,34,Some Travel,Technology,5,1,Information Systems,Data Scientist,127432,Yes,06-02-2012,No,10,8,9,9,20-12-2019,4,3,4,1,1,5,3,2
13E5-8466,Female,47,Some Travel,Sales,14,4,Marketing ,Manager,410970,No,06-12-2014,No,8,2,5,8,20-12-2019,3,4,2,2,0,5,5,5
10CE-8403,Female,27,Some Travel,Technology,31,4,Computer Science,Senior Software Engineer,120225,No,08-11-2015,No,7,2,5,4,21-12-2019,4,3,4,2,1,5,3,2
A2FB-2D5D,Female,43,Some Travel,Technology,11,5,Information Systems,Analytics Manager,482510,No,17-03-2012,No,10,9,9,1,22-12-2019,3,2,4,1,1,4,5,5
F93D-CB5A,Female,40,Some Travel,Technology,26,3,Information Systems,Senior Software Engineer,120858,No,29-04-2012,No,10,9,9,8,22-12-2019,5,5,4,3,1,3,5,5
6313-8E62,Male,23,Frequent Traveller,Sales,41,1,Marketing ,Sales Representative,26508,Yes,01-05-2020,Yes,1,0,0,0,01-06-2014,4,2,4,3,2,2,4,4
0697-ADC3,Male,38,No Travel ,Technology,4,3,Information Systems,Software Engineer,45942,Yes,30-01-2014,No,8,4,5,8,22-12-2019,5,2,2,1,1,5,4,4
A896-CDE2,Female,25,Some Travel,Technology,16,5,Information Systems,Software Engineer,28317,Yes,13-05-2015,No,7,4,6,5,22-12-2019,3,5,3,2,1,4,3,2
5E53-1897,Male,23,Some Travel,Technology,6,4,Other,Software Engineer,87483,Yes,06-03-2017,No,5,1,2,0,23-12-2019,4,5,3,1,0,4,5,4
E681-7B57,Male,18,Frequent Traveller,Technology,26,2,Information Systems,Data Scientist,31532,No,22-05-2022,Yes,0,0,0,0,24-12-2019,3,5,5,1,0,5,4,3
637B-DBAD,Male,44,Some Travel,Technology,31,2,Computer Science,Software Engineer,81297,Yes,14-12-2013,No,9,1,8,9,24-12-2019,4,5,5,2,0,5,5,5
D836-B375,Female,44,Some Travel,Technology,21,2,Computer Science,Software Engineer,91563,No,06-11-2013,No,9,9,9,8,24-12-2019,5,5,4,1,1,3,3,3
63E9-F74A,Male,25,Frequent Traveller,Technology,11,1,Business Studies,Machine Learning Engineer,67708,No,02-11-2015,No,7,7,7,0,24-12-2019,3,5,5,2,1,3,4,4
B492-D447,Male,28,Some Travel,Sales,3,2,Marketing ,Sales Executive,128719,No,21-07-2015,No,7,1,3,6,24-12-2019,4,2,5,1,1,3,3,3
1BAE-4DA1,Female,25,No Travel ,Technology,27,4,Business Studies,Software Engineer,28288,No,01-03-2017,No,5,5,5,0,24-12-2019,4,4,4,3,0,2,5,5
61CC-2C1D,Male,25,Some Travel,Technology,2,3,Computer Science,Engineering Manager,217544,No,25-04-2016,No,6,5,6,6,24-12-2019,3,4,3,3,1,5,4,4
06E8-4FD4,Female,20,Some Travel,Sales,32,2,Marketing,Sales Representative,38532,Yes,03-12-2022,Yes,0,0,0,0,05-06-2014,5,2,3,1,0,3,3,2
6C42-A719,Female,22,Some Travel,Technology,37,3,Computer Science,Data Scientist,30442,Yes,11-03-2020,Yes,0,0,0,0,25-12-2019,4,4,5,3,2,2,4,4
A9EB-9E41,Female,30,Some Travel,Technology,30,1,Computer Science,Machine Learning Engineer,228438,No,30-04-2012,No,10,6,9,10,25-12-2019,5,2,4,2,1,2,4,3
4CA1-F139,Male,24,Frequent Traveller,Technology,34,2,Computer Science,Software Engineer,28484,Yes,01-05-2019,Yes,1,1,1,1,26-12-2019,5,3,3,2,0,2,3,2
1609-65E1,Female,33,Frequent Traveller,Technology,34,2,Computer Science,Machine Learning Engineer,91407,No,17-04-2013,No,9,9,9,4,28-12-2019,3,5,2,1,0,4,3,2
4D7E-BDA4,Male,34,Some Travel,Sales,19,3,Marketing ,Sales Representative,46740,No,06-03-2014,No,8,1,6,1,28-12-2019,4,3,5,1,1,4,5,5
2857-A950,Male,24,Some Travel,Sales,13,2,Economics,Sales Executive,64852,No,05-03-2017,No,5,1,5,2,28-12-2019,5,3,5,3,2,2,4,3
03EF-5904,Male,31,Some Travel,Technology,45,3,Other,Machine Learning Engineer,195261,No,09-09-2013,No,9,3,4,5,29-12-2019,3,2,5,3,2,3,3,3
74F2-5C55,Male,47,Some Travel,Technology,40,2,Computer Science,Data Scientist,108798,No,12-04-2012,No,10,0,4,7,30-12-2019,5,5,4,1,0,5,3,3
ACA9-5DC2,Female,46,Frequent Traveller,Sales,14,1,Economics,Sales Executive,205159,No,07-03-2012,No,10,1,9,6,30-12-2019,5,5,5,2,1,2,5,4
211E-BC82,Female,28,Frequent Traveller,Technology,6,1,Information Systems,Software Engineer,47148,No,09-11-2013,No,9,3,8,8,30-12-2019,4,4,3,2,2,2,4,3
DDBF-9C79,Female,26,Some Travel,Sales,10,4,Marketing,Sales Executive,93246,Yes,25-06-2021,Yes,1,0,0,0,07-06-2014,5,4,2,2,2,2,3,3
E47D-E3C5,Male,26,Some Travel,Technology,14,1,Computer Science,Software Engineer,33180,Yes,10-11-2015,No,7,5,7,3,30-12-2019,4,4,2,1,1,3,5,4
097B-A688,Male,23,Some Travel,Technology,33,2,Information Systems,Data Scientist,26198,Yes,04-04-2017,No,5,4,4,0,30-12-2019,4,3,2,2,0,2,3,3
1A2D-52EC,Female,25,Some Travel,Technology,9,3,Information Systems,Software Engineer,39636,Yes,21-07-2016,No,6,0,5,1,30-12-2019,3,3,3,2,0,5,4,3
40BE-EEAF,Male,24,Frequent Traveller,Technology,45,3,Computer Science,Data Scientist,85422,Yes,28-03-2021,Yes,1,0,0,0,31-12-2019,5,5,4,1,0,3,3,3
79F3-8AA5,Female,47,Some Travel,Human Resources,21,3,Marketing ,HR Executive,98608,No,14-02-2012,No,10,5,10,4,31-12-2019,5,3,4,1,2,4,4,3
79F7-78EC,Non-Binary,27,Some Travel,Sales,37,4,Marketing ,Sales Executive,141998,Yes,14-12-2013,Yes,5,5,5,1,01-01-2020,4,5,4,2,0,3,3,3
41EC-F2AA,Female,26,Frequent Traveller,Technology,42,1,Computer Science,Data Scientist,56966,No,04-05-2015,No,7,4,5,2,01-01-2020,4,4,3,3,1,3,3,2
8462-E88A,Male,25,Some Travel,Human Resources,18,4,Marketing ,HR Business Partner,190466,No,26-03-2017,No,5,2,2,5,01-01-2020,3,5,5,3,0,2,5,5
B57F-B5CE,Male,26,Some Travel,Technology,23,5,Information Systems,Machine Learning Engineer,78934,No,24-10-2017,No,5,2,2,4,01-01-2020,5,4,3,2,1,4,5,5
B61E-0F26,Male,28,Frequent Traveller,Technology,3,3,Business Studies,Software Engineer,58993,Yes,07-11-2014,Yes,7,2,7,1,02-01-2020,4,2,5,2,0,5,4,4
37D7-54B9,Female,37,Some Travel,Sales,20,3,Economics,Sales Executive,195447,Yes,22-10-2019,No,3,3,3,3,10-06-2014,4,4,5,2,1,3,5,4
F5E3-48BB,Female,25,Frequent Traveller,Human Resources,3,3,Human Resources,Recruiter,23547,No,13-01-2015,Yes,3,0,2,1,02-01-2020,5,4,3,1,0,5,3,3
C2DD-9D37,Male,42,Some Travel,Sales,16,4,Marketing ,Sales Executive,106277,No,19-03-2012,No,10,0,5,5,02-01-2020,3,3,5,3,0,3,3,3
DF71-97FB,Male,29,No Travel ,Technology,12,4,Computer Science,Data Scientist,62756,No,14-05-2014,No,8,3,5,8,02-01-2020,4,5,2,2,0,4,5,5
0678-748A,Male,25,Some Travel,Sales,4,2,Economics,Sales Executive,57698,Yes,11-05-2015,Yes,6,5,6,2,03-01-2020,5,5,2,1,0,3,5,4
541F-3E19,Female,27,Some Travel,Technology,30,1,Information Systems,Data Scientist,49374,Yes,02-04-2014,Yes,1,0,0,1,03-01-2020,5,5,4,3,1,3,4,3
89A6-7EF1,Male,26,Some Travel,Human Resources,11,3,Other,HR Executive,70395,No,11-07-2016,No,6,5,6,2,03-01-2020,3,4,2,3,0,5,5,5
4C66-6E16,Male,33,Some Travel,Technology,4,4,Information Systems,Engineering Manager,335261,No,03-08-2017,No,5,5,5,0,03-01-2020,3,4,2,3,3,3,3,3
5609-8585,Male,24,No Travel ,Sales,2,4,Marketing ,Sales Executive,64277,No,15-10-2017,No,5,4,4,5,03-01-2020,4,5,5,2,1,3,5,5
C0A1-EB7D,Female,36,Some Travel,Technology,32,3,Computer Science,Senior Software Engineer,111294,No,02-03-2012,No,10,8,8,10,04-01-2020,3,5,3,3,1,3,5,5
1359-BEE3,Female,41,No Travel ,Technology,22,3,Computer Science,Data Scientist,52581,No,09-12-2013,No,9,8,8,7,05-01-2020,3,3,4,2,2,5,3,3
3F0C-41A7,Male,24,Some Travel,Sales,27,4,Marketing ,Sales Executive,79828,No,27-01-2016,No,6,2,3,0,13-06-2014,4,5,4,1,2,3,4,3
D5DA-363A,Male,33,Some Travel,Sales,41,2,Marketing,Sales Executive,71201,No,24-01-2012,No,10,8,10,4,06-01-2020,5,4,2,1,2,3,5,4
9E7A-1F70,Female,29,Some Travel,Sales,4,2,Marketing ,Sales Executive,129356,No,02-05-2012,Yes,5,1,1,2,07-01-2020,4,5,5,2,1,4,5,4
58F5-C8FC,Female,37,Some Travel,Sales,19,3,Marketing ,Sales Executive,230381,No,19-12-2014,No,8,3,3,7,07-01-2020,5,3,2,2,1,3,5,5
3C78-06E7,Male,24,Some Travel,Technology,7,4,Information Systems,Software Engineer,85074,No,15-01-2018,No,4,1,2,4,07-01-2020,5,4,2,1,1,5,4,3
4C72-E72F,Female,24,Some Travel,Sales,43,2,Economics,Sales Executive,54841,Yes,31-05-2018,No,4,3,4,0,07-01-2020,4,5,2,2,2,5,4,4
C251-2A18,Non-Binary,26,Some Travel,Technology,28,4,Computer Science,Data Scientist,29791,No,07-08-2015,No,7,7,7,1,08-01-2020,4,3,5,3,1,4,5,4
79E4-6632,Male,23,Some Travel,Technology,45,2,Computer Science,Software Engineer,37322,No,28-03-2017,No,5,3,3,3,08-01-2020,5,5,5,1,1,5,5,5
05ED-92F1,Non-Binary,27,Frequent Traveller,Sales,41,3,Marketing,Sales Representative,28984,Yes,10-10-2016,Yes,3,1,1,0,09-01-2020,4,4,2,3,1,3,4,4
F72D-261D,Male,28,Frequent Traveller,Technology,5,3,Information Systems,Data Scientist,76133,Yes,06-01-2014,Yes,1,0,1,0,09-01-2020,5,2,5,3,1,5,5,5
38EB-ADBD,Male,48,Some Travel,Technology,20,3,Information Systems,Software Engineer,56546,No,01-11-2013,No,9,4,6,3,09-01-2020,3,4,1,1,0,3,3,3
DFDC-286C,Female,22,Some Travel,Technology,13,4,Information Systems,Machine Learning Engineer,64364,No,09-12-2021,Yes,0,0,0,0,14-06-2014,4,5,5,1,2,3,5,5
D106-E487,Female,40,Some Travel,Sales,2,4,Technical Degree,Sales Executive,204005,No,10-06-2014,No,8,7,7,3,09-01-2020,3,3,1,3,0,3,3,2
4563-8637,Male,25,Some Travel,Sales,44,2,Marketing,Sales Executive,75635,No,07-06-2017,No,5,2,2,5,09-01-2020,1,3,1,2,1,4,5,4
7805-8A7C,Non-Binary,28,Some Travel,Technology,15,4,Computer Science,Engineering Manager,337046,No,08-07-2018,No,4,3,4,0,09-01-2020,2,1,4,1,0,3,4,4
FAB0-2FF2,Female,22,Some Travel,Technology,45,3,Information Systems,Senior Software Engineer,80975,No,15-09-2018,No,4,4,4,1,09-01-2020,1,1,2,2,2,4,3,2
774E-685D,Male,30,Some Travel,Sales,42,4,Marketing,Sales Executive,148862,Yes,03-11-2013,Yes,2,0,1,1,10-01-2020,3,4,2,2,0,4,3,3
9937-CDF7,Male,28,Some Travel,Sales,19,2,Marketing,Sales Representative,56122,Yes,31-03-2013,Yes,7,5,5,0,10-01-2020,4,1,3,1,1,3,4,4
7839-CA12,Female,23,Some Travel,Sales,16,3,Marketing,Sales Representative,23794,No,25-03-2017,Yes,1,0,0,0,11-01-2020,3,2,3,2,1,4,4,3
EB66-D679,Male,20,Some Travel,Sales,8,3,Marketing ,Sales Representative,27060,Yes,04-01-2022,Yes,0,0,0,0,11-01-2020,4,5,4,1,2,3,4,3
9591-C955,Male,24,No Travel ,Technology,35,3,Information Systems,Software Engineer,65838,Yes,17-06-2018,No,4,2,2,2,11-01-2020,5,2,4,3,0,3,4,4
F58A-302D,Male,26,Some Travel,Sales,17,4,Economics,Manager,290774,No,05-11-2016,No,6,5,5,3,12-01-2020,3,4,3,1,3,5,3,3
1180-BEC9,Male,43,Some Travel,Technology,17,3,Computer Science,Software Engineer,50946,Yes,15-03-2014,Yes,8,6,7,3,01-02-2013,5,3,4,3,1,5,4,3
3E42-57C8,Male,23,Some Travel,Sales,12,3,Marketing,Sales Executive,84985,No,01-05-2020,Yes,1,0,0,0,15-06-2014,4,3,2,3,3,5,5,4
12F7-BCBB,Female,48,Frequent Traveller,Sales,2,1,Technical Degree,Sales Representative,37124,No,06-12-2013,Yes,9,8,8,7,13-01-2020,5,3,5,3,2,3,5,4
D045-B6CA,Female,26,Some Travel,Technology,34,4,Information Systems,Software Engineer,71198,No,07-11-2017,Yes,5,0,0,1,13-01-2020,5,4,3,3,1,5,5,5
B340-5AD2,Non-Binary,37,Some Travel,Sales,30,3,Marketing,Sales Executive,61117,Yes,10-06-2014,No,8,2,5,0,13-01-2020,5,3,3,3,1,5,5,4
974D-9F8F,Female,21,Frequent Traveller,Sales,40,3,Marketing,Sales Executive,59519,No,18-04-2021,No,1,1,1,1,13-01-2020,5,4,4,3,1,5,4,4
FF14-A43E,Male,47,Some Travel,Technology,41,1,Computer Science,Data Scientist,40786,No,01-02-2012,No,10,3,5,5,14-01-2020,3,5,3,3,1,3,4,4
3992-22AD,Female,25,Some Travel,Sales,4,3,Marketing,Sales Executive,48917,No,19-08-2017,No,5,2,4,3,14-01-2020,4,5,3,2,0,5,3,2
02DA-7A72,Male,29,Frequent Traveller,Sales,42,3,Technical Degree,Sales Representative,78726,No,25-04-2012,Yes,6,0,1,1,15-01-2020,3,2,2,3,1,4,3,2
28EA-A010,Female,26,Some Travel,Sales,2,2,Marketing,Sales Executive,149390,Yes,15-08-2016,Yes,3,1,1,2,15-01-2020,3,5,5,2,0,2,3,3
CBB3-0D7E,Male,26,Some Travel,Sales,44,1,Technical Degree,Sales Representative,40638,Yes,11-01-2014,Yes,2,0,0,1,15-01-2020,4,5,5,2,2,2,3,2
C330-DAF4,Female,34,Some Travel,Sales,16,2,Economics,Sales Executive,100710,Yes,20-05-2012,No,10,10,10,2,15-01-2020,4,5,5,2,0,5,4,4
BDC5-51CF,Female,25,Frequent Traveller,Sales,3,4,Other,Sales Executive,56163,Yes,26-11-2018,Yes,0,0,0,0,22-06-2014,5,2,4,1,1,5,5,5
63B8-CCC0,Female,25,Some Travel,Technology,34,3,Information Systems,Data Scientist,37053,No,05-02-2016,No,6,5,5,0,15-01-2020,4,2,4,3,1,5,3,2
79D0-C935,Female,27,Some Travel,Technology,26,1,Information Systems,Software Engineer,37423,Yes,30-09-2016,No,6,4,4,2,15-01-2020,3,4,2,1,1,4,5,5
B48C-47D0,Male,28,Frequent Traveller,Sales,28,3,Marketing ,Sales Representative,43939,No,29-07-2013,Yes,6,1,4,3,16-01-2020,4,3,3,2,2,4,4,3
6DEB-F440,Non-Binary,21,Some Travel,Technology,41,3,Computer Science,Data Scientist,29793,Yes,22-06-2019,Yes,3,0,0,2,16-01-2020,4,2,5,2,0,3,4,3
32AE-C02F,Male,24,No Travel ,Sales,8,3,Marketing,Sales Executive,82405,Yes,19-06-2016,Yes,5,1,4,1,17-01-2020,3,2,3,1,0,4,3,2
8A6B-AD5C,Female,24,Some Travel,Technology,30,3,Information Systems,Data Scientist,61883,No,02-08-2016,Yes,1,1,1,0,17-01-2020,5,5,3,1,1,3,5,4
8D34-EBDF,Male,29,Some Travel,Human Resources,14,4,Technical Degree,Recruiter,46703,No,31-07-2014,Yes,0,0,0,0,17-01-2020,5,3,5,3,1,3,3,3
8BAB-B4A6,Male,38,Some Travel,Sales,35,3,Marketing ,Manager,340229,Yes,13-01-2012,No,10,7,9,3,17-01-2020,3,2,4,3,2,3,4,4
6FE1-C8A8,Male,29,Some Travel,Sales,35,2,Economics,Sales Executive,140962,Yes,13-06-2013,Yes,4,0,2,4,18-01-2020,4,4,2,1,1,4,4,3
EB8F-204D,Male,26,Some Travel,Technology,5,3,Other,Data Scientist,49045,No,13-01-2016,Yes,1,0,0,0,18-01-2020,3,5,5,1,0,3,5,5
4C88-27A1,Female,21,Some Travel,Technology,38,1,Information Systems,Senior Software Engineer,63049,Yes,01-03-2021,Yes,0,0,0,0,02-07-2014,5,2,3,1,1,4,3,3
D921-AC35,Female,45,Some Travel,Technology,7,4,Business Studies,Senior Software Engineer,104720,No,29-03-2014,No,8,7,7,0,18-01-2020,5,4,2,2,3,3,4,4
6A8B-EC82,Male,26,Some Travel,Sales,24,1,Marketing ,Sales Executive,82312,Yes,11-04-2015,No,7,2,7,6,18-01-2020,3,4,2,1,0,2,4,4
606E-A262,Male,28,Some Travel,Technology,27,1,Information Systems,Analytics Manager,277344,Yes,02-07-2013,Yes,3,1,1,1,19-01-2020,3,4,3,1,3,5,5,5
2374-7581,Male,25,Some Travel,Technology,1,4,Information Systems,Senior Software Engineer,72840,No,23-04-2015,No,7,6,6,0,19-01-2020,4,4,2,3,2,5,5,5
D3EB-610D,Male,24,Frequent Traveller,Technology,10,4,Computer Science,Data Scientist,67447,Yes,10-10-2016,No,6,2,6,6,19-01-2020,1,4,3,2,0,1,4,3
74B4-CB7A,Non-Binary,26,No Travel ,Human Resources,23,3,Human Resources,HR Business Partner,240035,Yes,03-08-2017,No,5,5,5,3,19-01-2020,2,3,4,2,2,2,3,2
05B0-755F,Male,44,Some Travel,Technology,29,3,Computer Science,Data Scientist,57890,No,24-05-2013,No,9,8,8,8,20-01-2020,4,3,2,1,1,2,4,4
C1E8-5AAB,Male,25,Some Travel,Sales,5,2,Marketing,Sales Executive,69539,No,13-02-2016,No,6,0,4,4,20-01-2020,4,4,4,2,1,3,3,2
FB4B-067E,Female,31,Some Travel,Technology,42,3,Computer Science,Engineering Manager,442820,Yes,15-12-2017,No,5,1,2,2,20-01-2020,1,3,1,2,0,3,5,4
45D2-369E,Male,30,Some Travel,Technology,7,1,Information Systems,Data Scientist,70182,No,07-06-2013,No,9,8,9,8,21-01-2020,4,3,1,1,0,3,3,3
9723-FED9,Female,24,Some Travel,Technology,4,3,Business Studies,Data Scientist,41555,No,16-08-2018,No,4,4,4,2,02-07-2014,5,4,5,1,1,4,4,3
7F1C-20B8,Female,39,Some Travel,Technology,10,2,Information Systems,Data Scientist,65796,No,02-07-2013,No,9,9,9,5,21-01-2020,3,3,3,2,0,4,4,3
F98B-61B3,Female,36,Some Travel,Technology,17,3,Computer Science,Data Scientist,72118,No,04-03-2014,No,8,7,7,8,21-01-2020,4,4,4,3,1,5,5,5
D4D5-27FB,Male,29,Some Travel,Technology,36,1,Information Systems,Data Scientist,86428,No,20-11-2014,Yes,6,5,5,5,22-01-2020,3,5,4,3,0,2,5,5
9C71-61AE,Male,18,Some Travel,Technology,32,1,Computer Science,Machine Learning Engineer,50660,Yes,17-04-2022,Yes,0,0,0,0,22-01-2020,4,5,2,2,1,2,5,5
8AAD-FAFB,Female,24,Some Travel,Sales,3,3,Marketing,Sales Executive,130774,Yes,15-08-2016,Yes,4,3,3,4,23-01-2020,4,5,3,1,1,3,3,2
20BA-5868,Non-Binary,19,Some Travel,Sales,29,1,Marketing,Sales Representative,29673,No,27-03-2021,Yes,0,0,0,0,23-01-2020,4,4,3,1,2,5,4,3
45D7-5C8A,Male,26,Some Travel,Sales,45,3,Technical Degree,Sales Representative,20650,No,10-05-2014,Yes,2,0,0,1,24-01-2020,5,4,5,3,0,5,4,3
AB03-8820,Male,43,Some Travel,Sales,3,1,Economics,Manager,313198,No,28-03-2013,No,9,5,9,2,24-01-2020,3,2,5,3,1,5,3,2
E1FE-67B5,Non-Binary,25,Some Travel,Technology,8,3,Information Systems,Senior Software Engineer,126055,No,17-06-2018,No,4,4,4,2,24-01-2020,5,3,4,2,1,3,3,3
B4E1-4A3E,Female,28,Some Travel,Technology,12,2,Computer Science,Data Scientist,115895,No,31-03-2014,Yes,4,1,3,2,25-01-2020,4,5,3,1,0,3,5,4
8B79-18F1,Female,20,Some Travel,Technology,39,4,Information Systems,Software Engineer,37436,Yes,14-03-2021,Yes,0,0,0,0,09-07-2014,4,5,5,2,2,4,5,4
618D-7685,Female,30,Some Travel,Technology,26,3,Information Systems,Data Scientist,96170,No,15-04-2013,No,9,4,9,1,26-01-2020,5,3,5,3,2,4,4,3
FBED-F86B,Female,29,Frequent Traveller,Technology,12,3,Information Systems,Software Engineer,72057,No,27-11-2014,No,8,8,8,3,26-01-2020,3,5,5,1,1,5,5,4
6227-9D9E,Female,26,Some Travel,Human Resources,5,4,Human Resources,HR Manager,315071,Yes,25-01-2015,No,7,7,7,1,26-01-2020,3,3,3,3,2,5,3,3
B529-2745,Male,22,No Travel ,Sales,41,1,Marketing ,Sales Representative,27961,No,15-09-2019,No,3,0,1,0,26-01-2020,3,2,5,1,2,4,3,3
5A0B-7F31,Male,26,Some Travel,Sales,24,3,Marketing,Sales Executive,85982,No,13-03-2015,Yes,5,1,1,0,28-01-2020,4,3,2,3,1,5,3,2
E4F4-11B9,Female,29,Some Travel,Sales,19,2,Marketing ,Sales Executive,122811,Yes,27-02-2012,Yes,2,1,1,1,28-01-2020,5,3,3,1,1,3,3,3
B303-8962,Female,39,Some Travel,Sales,15,3,Marketing ,Sales Executive,136970,No,28-07-2013,No,9,4,8,2,28-01-2020,3,4,4,3,1,3,3,3
98EE-8547,Male,31,Some Travel,Technology,44,3,Information Systems,Analytics Manager,531629,Yes,06-01-2020,Yes,1,0,1,1,29-01-2020,3,2,5,3,0,3,4,4
041A-31B0,Female,34,Some Travel,Technology,41,3,Computer Science,Software Engineer,50386,No,20-05-2012,No,10,8,9,10,29-01-2020,3,2,2,1,2,3,5,4
257B-8130,Male,26,Some Travel,Technology,41,3,Computer Science,Senior Software Engineer,47676,No,20-07-2015,No,7,4,6,1,29-01-2020,4,2,5,3,2,4,5,4
E268-61EB,Female,21,Some Travel,Technology,39,4,Computer Science,Software Engineer,54130,Yes,06-02-2019,Yes,2,1,1,2,11-07-2014,5,3,4,3,0,4,3,2
7279-6591,Male,41,Some Travel,Sales,25,3,Marketing ,Sales Executive,231843,Yes,01-06-2017,Yes,1,1,1,0,30-01-2020,5,5,2,3,0,3,3,2
EEFC-DEC7,Male,44,Some Travel,Technology,4,4,Other,Data Scientist,85523,Yes,18-08-2014,Yes,8,0,4,1,30-01-2020,4,4,3,3,2,5,4,3
2E7B-43F0,Male,26,Some Travel,Technology,31,2,Computer Science,Engineering Manager,148211,Yes,11-02-2015,No,7,1,6,0,30-01-2020,4,5,5,3,1,3,5,4
4F22-FF67,Male,24,Some Travel,Technology,24,3,Computer Science,Software Engineer,28156,Yes,18-11-2016,No,6,6,6,5,30-01-2020,3,5,5,3,3,2,5,4
1180-BEC9,Male,43,Some Travel,Technology,17,3,Computer Science,Software Engineer,50946,Yes,15-03-2014,Yes,8,6,7,3,31-01-2020,3,3,2,2,2,3,4,4
B50B-5A18,Female,40,Frequent Traveller,Technology,27,4,Computer Science,Software Engineer,42333,No,19-02-2012,No,10,4,5,5,01-02-2020,4,5,5,1,0,2,4,4
E099-3FCC,Male,28,Some Travel,Technology,15,3,Computer Science,Data Scientist,83951,No,12-02-2015,No,7,3,6,5,01-02-2020,4,4,3,2,1,5,4,3
0B19-EFB2,Female,39,Frequent Traveller,Technology,25,4,Computer Science,Engineering Manager,300594,Yes,24-04-2018,No,4,1,4,2,01-02-2020,3,5,3,3,1,3,3,3
8CF6-3079,Female,27,Some Travel,Technology,1,4,Computer Science,Data Scientist,40050,Yes,16-07-2013,Yes,1,0,0,0,02-02-2020,5,3,4,3,1,4,5,4
D7EE-56FC,Female,39,Frequent Traveller,Sales,17,2,Technical Degree,Sales Executive,107863,Yes,19-01-2012,Yes,8,8,8,5,02-02-2020,3,3,5,1,0,3,4,4
246E-3383,Male,26,Some Travel,Sales,16,2,Marketing,Sales Executive,113512,No,25-12-2015,No,7,3,7,6,16-07-2014,4,2,4,2,1,2,4,4
1F12-DDDA,Male,32,No Travel ,Technology,12,4,Information Systems,Software Engineer,111294,No,19-07-2013,No,9,2,9,4,02-02-2020,4,4,4,2,1,5,5,4
9658-7750,Female,37,Some Travel,Technology,40,4,Information Systems,Data Scientist,49550,No,11-07-2014,No,8,2,8,6,02-02-2020,5,3,2,1,0,4,3,3
B0C3-E578,Female,32,Frequent Traveller,Technology,14,1,Computer Science,Machine Learning Engineer,97595,No,20-04-2014,No,8,0,0,1,02-02-2020,4,2,3,3,2,2,4,4
5F06-D3F6,Male,28,No Travel ,Technology,24,4,Computer Science,Machine Learning Engineer,193347,Yes,09-05-2018,No,4,4,4,0,02-02-2020,4,4,5,3,0,4,5,5
62A3-DEA7,Male,25,Some Travel,Technology,8,1,Information Systems,Software Engineer,30931,Yes,13-08-2015,Yes,1,0,0,1,03-02-2020,3,4,5,2,2,5,4,3
586E-5C14,Male,40,Some Travel,Technology,9,1,Computer Science,Software Engineer,58551,No,27-02-2012,No,10,6,7,3,03-02-2020,5,4,3,2,1,3,5,4
8EE9-E86D,Male,46,Some Travel,Human Resources,45,3,Human Resources,Recruiter,48740,Yes,20-05-2012,Yes,10,8,9,6,04-02-2020,5,2,3,3,0,3,3,2
F3CD-9B5B,Male,29,Some Travel,Sales,12,2,Marketing ,Sales Representative,97794,No,30-05-2013,Yes,2,0,1,0,04-02-2020,3,2,3,3,3,5,4,4
AD0D-E79F,Male,22,Some Travel,Sales,16,2,Marketing,Sales Executive,53220,Yes,28-11-2021,Yes,0,0,0,0,04-02-2020,3,5,5,3,2,4,5,5
D8B3-30D2,Female,22,Some Travel,Technology,40,1,Business Studies,Data Scientist,53080,Yes,24-12-2019,Yes,2,0,1,0,04-02-2020,4,4,2,3,1,4,3,3
0D60-C312,Female,32,Some Travel,Technology,16,3,Computer Science,Machine Learning Engineer,228427,Yes,06-06-2021,No,1,1,1,1,16-07-2014,4,2,4,2,3,5,5,4
B975-943A,Male,40,No Travel ,Technology,28,3,Information Systems,Software Engineer,46285,No,23-10-2014,No,8,8,8,3,04-02-2020,5,4,4,1,1,3,5,4
C250-AF15,Male,25,Some Travel,Technology,13,5,Computer Science,Engineering Manager,178337,No,16-07-2015,No,7,1,7,2,04-02-2020,3,2,2,3,0,4,5,5
B122-D3D2,Female,26,Some Travel,Technology,21,2,Other,Data Scientist,89366,No,30-01-2017,No,5,5,5,0,04-02-2020,3,4,4,2,0,3,5,5
45A4-C1D0,Male,22,Some Travel,Technology,11,3,Computer Science,Software Engineer,74314,No,14-03-2018,No,4,0,1,3,04-02-2020,2,4,4,3,0,1,5,5
DB6B-88DA,Female,25,Some Travel,Technology,1,1,Information Systems,Software Engineer,48570,Yes,03-05-2018,No,4,4,4,1,04-02-2020,2,4,3,2,2,1,5,4
151D-1FF2,Female,34,Frequent Traveller,Sales,15,2,Marketing ,Sales Executive,173246,Yes,20-02-2012,Yes,9,4,7,7,05-02-2020,3,4,2,3,0,2,4,3
5476-CA0D,Female,31,Frequent Traveller,Technology,4,2,Information Systems,Data Scientist,69747,No,12-01-2012,Yes,6,5,5,1,05-02-2020,2,4,3,3,1,1,3,2
D696-9D82,Male,38,Some Travel,Technology,39,3,Computer Science,Data Scientist,65416,No,25-03-2012,No,10,5,10,7,05-02-2020,1,4,1,3,1,4,4,4
1453-D3D8,Non-Binary,27,Some Travel,Technology,4,3,Computer Science,Machine Learning Engineer,60967,No,14-08-2015,No,7,7,7,0,06-02-2020,4,3,3,3,1,3,3,3
F80F-29CB,Male,23,Some Travel,Technology,5,2,Other,Machine Learning Engineer,77420,No,24-10-2018,No,4,4,4,3,06-02-2020,2,4,2,1,0,1,4,3
D906-B674,Female,42,No Travel ,Technology,45,3,Information Systems,Engineering Manager,259284,No,09-01-2012,No,10,2,6,6,18-07-2014,3,5,5,1,1,3,5,5
C96F-0F3B,Female,41,Some Travel,Sales,16,1,Marketing ,Sales Representative,48147,No,01-03-2012,No,10,8,10,5,08-02-2020,4,3,2,3,1,5,5,4
EE39-C8F2,Female,47,Some Travel,Technology,17,2,Computer Science,Software Engineer,46514,No,12-02-2012,No,10,9,9,2,08-02-2020,5,2,3,2,1,4,4,4
DF63-0D3C,Female,28,Frequent Traveller,Technology,27,2,Information Systems,Analytics Manager,546549,No,18-11-2014,No,8,8,8,2,08-02-2020,3,5,5,3,0,2,5,4
B995-E5CE,Non-Binary,27,Some Travel,Technology,2,4,Computer Science,Data Scientist,39198,No,10-10-2015,No,7,6,7,4,08-02-2020,4,5,2,1,0,4,4,3
9DFE-1FD5,Male,42,Some Travel,Human Resources,4,3,Human Resources,HR Manager,463051,No,01-03-2012,No,10,0,10,7,09-02-2020,3,3,5,3,0,4,5,5
0D1B-DEC2,Non-Binary,24,Some Travel,Technology,23,3,Computer Science,Data Scientist,100586,No,23-04-2017,Yes,4,4,4,4,10-02-2020,3,5,4,1,3,2,3,3
B407-ABCA,Male,26,Some Travel,Sales,2,4,Economics,Sales Executive,60087,Yes,08-11-2016,Yes,4,0,0,3,10-02-2020,4,3,4,2,1,4,5,5
5818-560C,Female,30,Some Travel,Technology,26,1,Computer Science,Senior Software Engineer,159438,No,22-05-2013,No,9,4,4,7,10-02-2020,5,3,2,3,2,2,5,4
DB6C-3B2F,Female,19,Some Travel,Technology,43,3,Information Systems,Data Scientist,49006,No,18-07-2022,Yes,0,0,0,0,11-02-2020,4,2,2,1,1,3,3,3
8ED3-4377,Male,30,Some Travel,Technology,33,3,Computer Science,Software Engineer,78743,No,09-04-2013,No,9,2,7,4,11-02-2020,4,4,2,1,0,3,3,3
D8FC-E2F7,Female,22,Some Travel,Sales,10,3,Economics,Sales Representative,36980,Yes,01-12-2021,Yes,0,0,0,0,19-07-2014,3,5,5,2,2,4,5,5
4BED-C7C2,Male,24,Some Travel,Technology,18,3,Information Systems,Software Engineer,29722,No,06-11-2019,No,3,1,3,2,11-02-2020,3,5,5,3,2,4,4,3
279C-7342,Non-Binary,29,Frequent Traveller,Sales,31,4,Marketing,Sales Executive,100925,Yes,08-08-2013,Yes,3,1,1,1,12-02-2020,5,4,3,3,2,2,3,2
83FD-F920,Male,25,Some Travel,Technology,41,1,Computer Science,Data Scientist,28137,Yes,10-01-2016,Yes,4,3,3,1,12-02-2020,5,5,2,1,1,3,5,4
B2D6-A355,Male,38,Some Travel,Technology,4,4,Other,Analytics Manager,361616,Yes,25-06-2014,No,8,1,6,5,12-02-2020,4,2,5,1,0,2,5,5
7D2D-3831,Male,25,Some Travel,Technology,16,3,Information Systems,Data Scientist,37742,No,12-12-2017,No,5,1,3,3,12-02-2020,3,3,3,3,0,2,3,2
626A-9377,Female,27,No Travel ,Technology,19,2,Business Studies,Senior Software Engineer,89785,No,19-12-2015,Yes,0,0,0,0,13-02-2020,3,5,4,2,1,5,5,5
0CF8-1EBD,Female,28,Frequent Traveller,Technology,38,4,Computer Science,Data Scientist,87704,No,28-03-2015,No,7,1,3,6,13-02-2020,3,5,2,3,3,3,3,3
388D-DB68,Female,27,Some Travel,Human Resources,40,3,Human Resources,Recruiter,34320,No,07-06-2015,No,7,5,6,5,13-02-2020,4,4,3,1,2,5,5,4
0DBC-596E,Non-Binary,44,Some Travel,Technology,14,2,Computer Science,Data Scientist,92634,Yes,06-04-2013,No,9,8,9,9,14-02-2020,4,3,3,1,1,4,5,5
55B1-3712,Female,26,Some Travel,Technology,36,4,Information Systems,Data Scientist,22162,Yes,15-10-2016,No,6,4,5,6,14-02-2020,3,4,2,3,3,4,4,4
EE04-1533,Female,47,Frequent Traveller,Sales,19,3,Technical Degree,Sales Representative,46684,No,12-01-2013,No,9,4,9,3,01-02-2013,4,4,5,2,0,3,3,2
F0C3-4859,Non-Binary,21,Some Travel,Technology,37,3,Information Systems,Software Engineer,41476,Yes,03-03-2020,Yes,0,0,0,0,19-07-2014,5,3,4,2,0,5,3,2
5A04-0EB4,Female,27,Frequent Traveller,Sales,43,3,Marketing,Sales Representative,24583,Yes,16-08-2014,Yes,7,0,1,6,15-02-2020,3,4,2,1,2,5,5,4
111D-E5EF,Non-Binary,37,Some Travel,Technology,3,3,Computer Science,Software Engineer,48395,No,15-01-2012,No,10,2,2,4,15-02-2020,5,4,3,3,1,4,4,4
97F4-0B14,Male,33,Some Travel,Technology,4,4,Other,Senior Software Engineer,97126,No,15-01-2012,No,10,8,10,2,15-02-2020,3,5,4,2,2,2,5,4
F1B6-31B7,Female,25,Some Travel,Human Resources,31,3,Marketing ,HR Executive,48797,No,28-04-2018,No,4,2,4,4,15-02-2020,4,2,4,1,0,4,4,4
3261-373A,Female,26,Frequent Traveller,Technology,5,3,Computer Science,Senior Software Engineer,99203,Yes,28-12-2016,No,6,3,3,4,16-02-2020,5,5,2,1,3,3,3,2
5021-95FC,Male,29,Some Travel,Sales,44,3,Marketing,Manager,377203,Yes,16-07-2013,Yes,5,4,4,0,17-02-2020,3,2,5,1,3,3,5,4
B97B-73D7,Female,29,Frequent Traveller,Sales,18,3,Marketing,Sales Executive,177402,No,10-07-2014,Yes,6,3,5,3,17-02-2020,5,3,4,1,0,2,5,5
D351-C7E4,Female,42,Some Travel,Technology,9,2,Information Systems,Data Scientist,73577,No,23-01-2013,No,9,9,9,6,17-02-2020,3,2,3,1,1,4,5,4
EEA0-C109,Male,26,Some Travel,Sales,3,1,Marketing ,Sales Executive,56892,No,29-09-2015,No,7,1,3,3,17-02-2020,5,3,5,1,2,4,5,4
3C7D-86ED,Female,40,Some Travel,Sales,3,2,Other,Sales Executive,104426,No,11-01-2012,No,10,3,4,6,18-02-2020,4,2,2,3,3,3,3,2
F4A3-2126,Male,24,Some Travel,Sales,16,2,Marketing,Sales Representative,29128,Yes,31-07-2019,Yes,0,0,0,0,19-07-2014,4,4,4,3,0,2,5,5
2219-56CA,Non-Binary,28,Some Travel,Sales,38,3,Marketing,Sales Executive,185380,No,21-09-2015,Yes,5,2,5,3,20-02-2020,4,5,3,1,0,5,5,5
8FB2-4CE0,Male,27,Some Travel,Technology,14,4,Computer Science,Data Scientist,37545,No,06-12-2016,Yes,2,1,1,1,20-02-2020,5,3,3,1,1,4,4,4
B437-FCF8,Female,26,Some Travel,Technology,23,2,Information Systems,Analytics Manager,221954,No,08-03-2017,No,5,0,3,1,20-02-2020,5,4,4,3,1,3,4,3
5237-1B85,Female,28,Some Travel,Technology,9,4,Computer Science,Software Engineer,43578,Yes,27-04-2012,Yes,5,3,5,5,21-02-2020,5,3,5,2,2,3,5,5
F968-671C,Male,27,Frequent Traveller,Sales,16,3,Technical Degree,Sales Executive,50559,No,14-04-2015,Yes,6,0,5,5,21-02-2020,4,5,4,1,0,3,3,3
F997-FE6C,Female,40,Some Travel,Technology,17,1,Information Systems,Software Engineer,41601,No,08-03-2013,No,9,8,9,8,21-02-2020,3,4,3,1,0,2,5,5
CED0-8D31,Female,36,Some Travel,Technology,43,3,Computer Science,Analytics Manager,454993,No,24-06-2014,No,8,3,4,0,21-02-2020,4,5,4,2,1,3,4,3
5B08-EF96,Female,36,No Travel ,Technology,28,4,Other,Data Scientist,77136,No,28-05-2012,No,10,10,10,10,22-02-2020,3,5,5,1,1,2,3,3
E348-E12B,Male,36,No Travel ,Technology,36,2,Information Systems,Software Engineer,61298,Yes,19-01-2012,No,10,3,9,3,22-02-2020,4,5,5,2,0,5,5,5
8ACE-C5CE,Female,43,Some Travel,Sales,38,2,Marketing,Sales Executive,121510,No,18-08-2013,No,9,8,8,5,22-02-2020,3,4,4,2,1,4,3,2
F83C-CA1D,Male,21,Some Travel,Technology,16,1,Information Systems,Software Engineer,22515,Yes,05-12-2019,Yes,1,0,0,0,20-07-2014,5,4,4,2,0,3,4,3
C6A8-4E8A,Male,29,Some Travel,Technology,8,2,Computer Science,Machine Learning Engineer,119083,No,25-04-2014,No,8,3,6,4,22-02-2020,5,5,4,1,1,2,5,4
63DA-AA21,Female,43,Some Travel,Technology,35,3,Computer Science,Engineering Manager,436813,No,07-03-2012,No,10,8,9,7,23-02-2020,3,4,3,1,3,2,4,4
7DA1-A202,Female,24,Some Travel,Technology,18,4,Computer Science,Data Scientist,28539,No,02-09-2018,No,4,1,2,1,23-02-2020,4,2,3,1,3,2,5,5
C016-FA12,Female,25,Some Travel,Sales,22,1,Marketing,Sales Representative,32894,No,14-05-2018,Yes,2,2,2,1,25-02-2020,4,3,5,1,1,5,4,3
7816-BF57,Male,37,Some Travel,Sales,22,4,Marketing,Sales Executive,92483,Yes,23-06-2014,No,8,5,5,3,25-02-2020,5,5,5,2,1,2,4,4
D6D2-184B,Female,24,Some Travel,Technology,33,3,Information Systems,Senior Software Engineer,115399,No,09-08-2017,No,5,5,5,3,25-02-2020,4,2,2,3,3,4,5,4
3560-C117,Female,28,Frequent Traveller,Technology,4,3,Computer Science,Data Scientist,65659,Yes,09-05-2012,Yes,2,0,0,0,26-02-2020,3,2,2,1,1,4,4,3
1914-B934,Female,22,Frequent Traveller,Sales,19,3,Marketing ,Sales Representative,22122,Yes,26-10-2018,Yes,3,2,2,1,26-02-2020,5,5,2,3,3,2,4,4
596B-33F4,Male,26,Some Travel,Technology,2,3,Computer Science,Data Scientist,30207,Yes,01-09-2016,Yes,5,1,3,0,27-02-2020,5,2,2,3,1,5,5,5
E7A6-33A3,Female,38,Some Travel,Technology,39,4,Information Systems,Data Scientist,83590,No,23-02-2012,No,10,2,3,9,27-02-2020,3,4,5,1,2,3,3,2
7AA0-5766,Female,22,Frequent Traveller,Technology,28,4,Computer Science,Data Scientist,63571,No,28-12-2021,Yes,0,0,0,0,28-07-2014,4,3,2,2,0,3,5,4
00D4-DD53,Female,30,Frequent Traveller,Technology,44,1,Computer Science,Software Engineer,68508,Yes,28-01-2012,Yes,5,4,4,4,28-02-2020,5,4,3,2,1,3,3,2
7749-B277,Male,24,Some Travel,Human Resources,1,5,Human Resources,HR Executive,44634,No,25-04-2017,Yes,4,3,3,2,28-02-2020,5,3,3,2,2,3,3,2
7823-0217,Non-Binary,25,Frequent Traveller,Sales,43,4,Marketing,Sales Executive,81889,Yes,02-11-2018,Yes,0,0,0,0,28-02-2020,5,2,5,2,0,2,5,4
6E7B-D50D,Female,38,Some Travel,Technology,12,1,Other,Senior Software Engineer,253077,No,15-06-2013,No,9,3,3,8,28-02-2020,4,3,4,2,0,2,5,4
17AD-99F5,Female,26,Some Travel,Technology,37,3,Computer Science,Software Engineer,26296,Yes,01-08-2014,Yes,5,2,2,2,29-02-2020,5,2,4,1,2,3,3,3
CC8A-0B1F,Female,28,Some Travel,Technology,23,2,Business Studies,Data Scientist,65328,No,27-06-2014,Yes,5,4,4,0,29-02-2020,4,4,2,1,0,3,5,4
DE22-FB63,Female,22,Some Travel,Technology,2,1,Information Systems,Software Engineer,24422,No,11-02-2019,Yes,1,0,0,1,29-02-2020,5,3,5,1,2,3,3,2
A366-C17A,Male,42,Some Travel,Technology,34,4,Business Studies,Machine Learning Engineer,126463,No,04-04-2012,No,10,0,1,8,29-02-2020,4,5,2,3,3,3,5,4
6EDB-94B7,Male,25,Some Travel,Technology,6,3,Computer Science,Engineering Manager,195911,No,09-07-2015,No,7,0,3,4,29-02-2020,5,3,5,3,2,3,4,3
93B1-6510,Male,28,No Travel ,Technology,30,3,Computer Science,Data Scientist,52930,No,23-02-2015,No,7,1,4,2,29-02-2020,3,4,5,3,1,5,4,3
F3A3-10CE,Male,40,Some Travel,Sales,37,4,Marketing,Sales Executive,226512,Yes,08-10-2020,Yes,2,1,1,1,29-07-2014,5,5,5,3,2,2,5,4
EACC-D1F6,Male,25,Some Travel,Technology,20,3,Computer Science,Data Scientist,27673,Yes,05-05-2017,Yes,3,2,3,1,01-03-2020,4,2,5,3,1,2,3,3
21B3-8491,Male,42,Some Travel,Technology,37,4,Computer Science,Analytics Manager,244114,No,28-05-2013,No,9,6,7,0,01-03-2020,4,5,5,1,0,4,3,2
ABB5-0B95,Non-Binary,28,No Travel ,Technology,26,5,Computer Science,Data Scientist,112175,No,30-09-2015,No,7,1,3,4,01-03-2020,5,4,2,2,2,5,5,5
C57E-6E4F,Male,24,No Travel ,Technology,35,3,Computer Science,Data Scientist,32502,Yes,06-02-2018,Yes,1,1,1,0,02-03-2020,4,3,5,3,1,3,3,2
CC2F-670E,Male,29,Frequent Traveller,Technology,26,3,Computer Science,Data Scientist,78541,Yes,23-02-2013,Yes,6,5,5,2,02-03-2020,5,3,4,2,1,5,3,2
FD0B-7B0A,Female,27,Some Travel,Sales,21,1,Marketing,Sales Representative,22648,Yes,12-01-2016,Yes,1,0,0,0,02-03-2020,4,2,2,3,1,5,3,2
0322-D46B,Male,32,Some Travel,Sales,39,4,Marketing ,Sales Executive,105748,No,28-03-2012,No,10,0,1,8,02-03-2020,3,2,2,2,2,3,5,5
03D3-AA88,Male,23,Some Travel,Technology,8,4,Other,Software Engineer,42250,No,26-03-2018,No,4,1,2,4,02-03-2020,3,4,2,1,1,3,5,4
06B9-B79D,Female,21,Some Travel,Sales,36,3,Marketing,Sales Executive,76057,No,12-12-2020,Yes,1,0,0,0,03-03-2020,5,2,2,2,2,4,5,4
5AA7-C7BA,Male,26,Some Travel,Technology,35,4,Information Systems,Engineering Manager,292386,No,14-08-2017,No,5,2,2,5,03-03-2020,5,5,5,3,1,5,3,2
D69C-8F84,Female,40,Some Travel,Technology,26,3,Information Systems,Data Scientist,59899,No,06-02-2014,No,8,2,3,6,29-07-2014,4,2,5,2,3,4,5,5
1054-9C3B,Female,30,Some Travel,Technology,1,4,Other,Data Scientist,40285,Yes,21-03-2013,Yes,1,1,1,0,04-03-2020,5,3,4,1,0,5,3,2
155B-42BE,Female,25,Some Travel,Sales,38,2,Marketing ,Sales Executive,57018,No,21-02-2015,Yes,1,0,0,0,04-03-2020,4,3,5,2,1,3,3,2
5222-EBE1,Male,30,Some Travel,Technology,14,4,Computer Science,Machine Learning Engineer,194823,No,01-04-2012,No,10,4,9,8,04-03-2020,3,3,4,2,1,5,4,3
B1EC-849B,Female,28,Some Travel,Sales,1,4,Marketing ,Sales Executive,87039,No,13-05-2012,No,10,3,5,4,04-03-2020,3,4,2,3,1,4,3,2
468A-E249,Female,26,Some Travel,Technology,22,3,Business Studies,Engineering Manager,206137,No,27-06-2015,No,7,1,1,5,04-03-2020,4,2,3,1,0,3,4,4
36E1-3DDF,Non-Binary,24,Some Travel,Technology,26,2,Computer Science,Software Engineer,34657,No,21-11-2017,No,5,5,5,2,04-03-2020,5,2,4,1,1,4,4,3
8567-5B27,Female,28,Frequent Traveller,Sales,32,1,Technical Degree,Sales Representative,53439,Yes,27-04-2012,Yes,3,0,0,1,05-03-2020,3,4,3,3,2,5,5,4
D970-9F5E,Female,29,Some Travel,Technology,36,3,Computer Science,Data Scientist,46813,No,29-05-2014,Yes,6,1,1,1,05-03-2020,4,4,5,2,1,4,4,3
EAB1-2EB2,Female,21,Some Travel,Technology,8,3,Business Studies,Data Scientist,36534,No,24-05-2019,Yes,0,0,0,0,05-03-2020,3,5,3,2,0,2,3,3
ACD5-5FA2,Female,28,Some Travel,Sales,17,3,Technical Degree,Sales Representative,70787,Yes,26-11-2015,No,7,2,5,5,05-03-2020,4,2,4,3,2,5,4,4
CBCB-9C9D,Male,38,Some Travel,Sales,23,4,Marketing,Sales Executive,157718,Yes,04-01-2012,No,10,6,10,0,31-07-2014,5,5,4,3,2,3,4,4
E7F5-0AD1,Male,24,Some Travel,Technology,16,1,Computer Science,Machine Learning Engineer,55814,No,21-03-2017,No,5,3,4,3,05-03-2020,5,3,2,2,2,5,3,3
ABC2-0036,Female,24,Some Travel,Technology,17,3,Information Systems,Data Scientist,101408,No,31-05-2018,No,4,0,2,1,05-03-2020,4,2,3,1,0,4,4,4
3044-EB49,Male,23,Some Travel,Sales,44,2,Economics,Sales Executive,100314,Yes,25-09-2019,No,3,2,3,3,05-03-2020,3,2,5,3,2,5,5,4
7EE7-2C43,Female,29,Some Travel,Technology,9,4,Computer Science,Data Scientist,48321,Yes,26-10-2013,Yes,7,2,3,2,06-03-2020,4,3,3,2,2,5,4,3
D954-6402,Male,25,Some Travel,Sales,14,3,Marketing ,Sales Executive,123307,Yes,23-12-2015,Yes,7,2,3,1,06-03-2020,3,5,3,2,1,5,3,2
73CF-4956,Female,32,Some Travel,Technology,42,4,Computer Science,Data Scientist,102022,No,12-01-2012,No,10,4,5,8,06-03-2020,3,3,3,3,2,3,3,2
E3B6-49F8,Male,20,Some Travel,Technology,23,3,Business Studies,Software Engineer,33632,No,28-09-2022,Yes,0,0,0,0,06-03-2020,5,4,4,1,2,2,4,3
5F5B-83B1,Female,38,Frequent Traveller,Technology,44,2,Computer Science,Engineering Manager,293425,Yes,05-09-2017,No,5,4,4,4,06-03-2020,5,3,2,3,1,3,3,3
D86B-2E5E,Female,27,Some Travel,Sales,25,3,Technical Degree,Sales Executive,91202,Yes,15-02-2015,No,7,5,7,2,07-03-2020,5,4,5,2,0,4,5,4
4B6E-3C21,Female,32,Some Travel,Sales,29,4,Economics,Sales Executive,68043,No,25-09-2013,Yes,8,0,1,6,08-03-2020,3,5,3,3,0,3,3,2
66BC-7AC0,Male,22,Frequent Traveller,Sales,33,3,Marketing,Sales Representative,33657,No,23-07-2018,Yes,3,0,2,0,05-08-2014,5,4,4,1,1,4,4,3
40A9-8EB0,Female,39,Some Travel,Technology,31,3,Information Systems,Software Engineer,90017,Yes,07-02-2012,No,10,7,7,3,08-03-2020,4,2,5,1,3,2,5,4
0C23-26DD,Female,35,Some Travel,Sales,23,3,Economics,Sales Representative,81389,No,11-03-2013,No,9,3,7,5,08-03-2020,5,2,5,3,2,5,4,4
B005-602F,Female,19,Some Travel,Technology,11,4,Computer Science,Software Engineer,27760,Yes,06-11-2022,Yes,0,0,0,0,09-03-2020,3,3,3,1,1,2,3,2
F72B-49FF,Female,36,Some Travel,Technology,14,3,Business Studies,Machine Learning Engineer,251681,No,12-08-2018,No,4,2,3,3,09-03-2020,3,5,5,3,1,2,3,2
4A0E-9958,Male,26,Some Travel,Technology,6,4,Information Systems,Machine Learning Engineer,89771,Yes,04-10-2016,Yes,1,0,0,0,10-03-2020,4,3,2,1,2,3,3,3
CFE3-312D,Male,21,Frequent Traveller,Sales,36,4,Other,Sales Executive,46452,Yes,08-11-2020,Yes,1,1,1,0,10-03-2020,4,5,2,1,1,4,4,4
34FB-D8F3,Male,25,Some Travel,Technology,11,2,Computer Science,Engineering Manager,285138,No,21-03-2018,No,4,0,3,4,10-03-2020,4,2,5,1,1,2,5,5
A590-DF69,Female,28,Some Travel,Technology,24,3,Computer Science,Software Engineer,71553,No,30-12-2015,No,7,6,6,0,11-03-2020,3,3,3,2,2,4,5,4
68FB-06A7,Female,43,Frequent Traveller,Sales,1,3,Marketing,Sales Executive,180996,No,10-04-2012,No,10,8,10,9,12-03-2020,3,5,3,1,0,4,5,5
56A5-271B,Non-Binary,33,Some Travel,Technology,15,4,Other,Senior Software Engineer,108095,Yes,10-10-2013,No,9,8,9,9,12-03-2020,4,2,3,3,0,2,4,3
5839-7AE2,Male,25,Some Travel,Technology,24,2,Business Studies,Senior Software Engineer,175342,Yes,04-09-2018,No,4,3,4,3,08-08-2014,4,5,5,2,2,5,5,4
B3FE-D332,Female,30,Some Travel,Technology,42,5,Computer Science,Software Engineer,93181,No,15-03-2013,No,9,8,9,4,12-03-2020,4,2,4,3,0,5,5,5
4F28-CFAF,Female,25,Some Travel,Sales,11,3,Marketing,Sales Executive,53930,Yes,13-09-2018,Yes,3,2,3,1,13-03-2020,5,4,2,2,1,4,5,5
7C80-94E0,Female,33,Some Travel,Technology,36,3,Computer Science,Machine Learning Engineer,88726,No,01-01-2013,No,9,8,8,6,13-03-2020,3,4,4,2,0,3,3,3
8233-2483,Female,35,Some Travel,Human Resources,7,3,Marketing ,Recruiter,47995,Yes,12-03-2012,No,10,5,6,3,13-03-2020,3,4,4,2,3,5,3,2
5F4E-EE5A,Prefer Not To Say,28,No Travel ,Technology,45,4,Information Systems,Machine Learning Engineer,87762,No,02-10-2015,No,7,2,7,2,13-03-2020,5,4,4,3,0,2,5,5
3C31-30CB,Female,24,Some Travel,Technology,3,3,Business Studies,Software Engineer,41664,No,08-06-2016,No,6,3,4,2,13-03-2020,3,5,3,2,1,4,3,3
A7BB-F5A7,Female,37,Some Travel,Sales,17,4,Economics,Manager,476151,No,08-12-2014,No,8,3,4,8,14-03-2020,4,5,4,1,0,5,5,5
D383-714B,Male,26,Frequent Traveller,Technology,12,3,Other,Data Scientist,29449,No,22-04-2017,No,5,1,3,1,14-03-2020,5,3,3,1,1,2,4,3
4500-37EB,Male,30,Frequent Traveller,Sales,40,2,Marketing,Sales Representative,44632,No,26-03-2013,Yes,1,0,0,0,15-03-2020,5,4,5,1,0,3,4,3
528C-3E0D,Male,30,Some Travel,Technology,4,1,Information Systems,Data Scientist,42045,Yes,15-10-2013,Yes,6,0,3,3,15-03-2020,4,2,2,2,0,5,3,2
040C-EDED,Male,22,Frequent Traveller,Technology,45,2,Computer Science,Software Engineer,26782,Yes,08-11-2019,Yes,3,0,2,0,14-08-2014,4,5,4,3,1,2,3,3
D077-169C,Male,46,Some Travel,Sales,20,2,Technical Degree,Sales Executive,150731,No,06-03-2012,No,10,8,9,3,16-03-2020,5,3,2,1,1,5,3,2
B44E-8AEE,Female,28,Some Travel,Sales,7,5,Marketing,Sales Executive,181164,No,01-11-2015,No,7,5,6,1,16-03-2020,3,4,5,1,0,3,5,5
9727-BC84,Male,31,Some Travel,Sales,15,3,Marketing,Sales Executive,187930,No,07-04-2012,Yes,3,2,2,0,17-03-2020,5,4,4,1,0,3,4,4
DA8E-9496,Male,27,Some Travel,Technology,22,2,Computer Science,Data Scientist,56449,Yes,04-10-2016,Yes,3,1,1,2,17-03-2020,3,3,3,3,1,3,5,5
DEC5-9319,Male,23,Some Travel,Technology,5,3,Information Systems,Software Engineer,63709,No,14-04-2017,Yes,1,0,0,0,17-03-2020,3,2,3,3,1,2,3,3
88B8-EB84,Female,34,Some Travel,Technology,41,2,Information Systems,Engineering Manager,357371,No,24-03-2012,No,10,9,9,3,18-03-2020,5,5,5,2,1,5,4,4
9C57-828C,Male,31,Some Travel,Technology,39,3,Computer Science,Senior Software Engineer,242890,No,11-07-2013,No,9,3,3,9,18-03-2020,5,5,2,1,1,3,5,4
7961-A93B,Male,29,Some Travel,Technology,3,3,Computer Science,Analytics Manager,393103,Yes,30-03-2016,No,6,4,4,5,18-03-2020,4,2,4,2,0,2,3,2
59F5-F57D,Female,26,Frequent Traveller,Technology,17,2,Information Systems,Senior Software Engineer,59981,Yes,25-05-2015,No,7,1,5,2,20-03-2020,4,5,3,1,0,5,3,3
25F5-0EAF,Non-Binary,26,Some Travel,Sales,38,3,Technical Degree,Sales Executive,104898,No,16-10-2016,No,6,5,5,1,20-03-2020,3,2,5,2,0,5,5,4
8CF6-3079,Female,27,Some Travel,Technology,1,4,Computer Science,Data Scientist,40050,Yes,16-07-2013,Yes,1,0,0,0,03-02-2013,5,5,3,3,2,4,4,3
AFA8-5058,Male,20,Some Travel,Human Resources,8,4,Human Resources,Recruiter,26186,Yes,06-03-2020,Yes,2,0,0,0,15-08-2014,4,5,5,1,3,2,3,2
40CC-6231,Female,25,Frequent Traveller,Technology,17,3,Computer Science,Software Engineer,54566,No,15-06-2016,No,6,3,6,5,20-03-2020,5,5,4,2,0,3,5,5
8F38-A4DD,Female,27,No Travel ,Technology,25,3,Computer Science,Software Engineer,27369,No,29-11-2016,No,6,4,6,3,20-03-2020,4,2,5,3,1,5,3,2
E1B4-9AA1,Female,46,Some Travel,Sales,36,3,Marketing ,Sales Executive,96188,Yes,26-04-2012,Yes,9,8,9,5,21-03-2020,3,2,5,3,1,5,4,3
CCE7-36ED,Male,36,Some Travel,Technology,11,3,Computer Science,Machine Learning Engineer,236739,No,26-06-2018,No,4,3,4,3,21-03-2020,4,3,4,1,2,5,3,3
E399-E4F6,Male,24,Some Travel,Sales,31,4,Marketing,Sales Executive,105502,No,12-09-2017,No,5,2,5,2,21-03-2020,5,4,4,1,0,5,3,2
3CD6-5587,Female,31,Some Travel,Technology,20,2,Computer Science,Software Engineer,59697,Yes,02-02-2012,Yes,7,5,6,0,22-03-2020,4,2,3,1,1,5,5,5
BAFA-86DF,Male,26,No Travel ,Technology,15,4,Business Studies,Software Engineer,35373,Yes,02-08-2017,Yes,4,3,3,0,22-03-2020,3,5,4,3,1,5,4,3
C6D7-A568,Female,42,No Travel ,Sales,10,2,Marketing ,Sales Representative,48922,No,07-05-2012,No,10,3,9,9,22-03-2020,5,5,5,3,3,5,3,2
4862-E40F,Male,46,Some Travel,Technology,39,3,Computer Science,Analytics Manager,381759,No,15-06-2018,No,4,2,4,4,22-03-2020,4,2,5,1,2,4,3,2
5160-53BD,Non-Binary,29,Some Travel,Technology,24,3,Computer Science,Software Engineer,41307,No,19-08-2014,Yes,0,0,0,0,23-03-2020,3,2,5,2,3,2,4,3
2A89-93B6,Female,24,Some Travel,Technology,13,4,Computer Science,Data Scientist,30117,No,21-08-2018,Yes,3,1,1,2,17-08-2014,3,5,2,2,1,2,4,4
81FF-8D6C,Female,24,Some Travel,Sales,13,3,Economics,Sales Representative,24095,No,28-04-2018,Yes,2,2,2,1,23-03-2020,3,5,4,3,3,5,3,3
84E7-02D4,Male,26,Some Travel,Technology,41,5,Business Studies,Machine Learning Engineer,161600,No,07-12-2017,Yes,5,0,2,0,24-03-2020,3,2,3,3,2,5,5,5
6010-A052,Female,20,Some Travel,Technology,26,4,Business Studies,Software Engineer,37094,No,02-03-2020,Yes,1,0,0,0,24-03-2020,3,4,5,3,3,2,5,5
5634-9D10,Female,25,Some Travel,Technology,23,1,Information Systems,Software Engineer,42656,No,15-07-2018,No,4,1,4,2,24-03-2020,3,4,5,1,3,4,3,4
E6F7-EF68,Male,22,Some Travel,Sales,32,3,Marketing ,Sales Executive,52318,No,14-06-2018,No,4,4,4,0,24-03-2020,4,3,5,1,1,4,3,2
5F2E-A68B,Prefer Not To Say,26,Some Travel,Technology,16,4,Other,Software Engineer,60834,No,01-06-2015,No,7,0,0,5,25-03-2020,4,2,5,3,1,4,3,2
E442-1FEE,Female,25,Frequent Traveller,Technology,36,2,Information Systems,Data Scientist,31698,No,13-02-2017,No,5,5,5,2,25-03-2020,5,4,2,1,0,5,3,3
6176-3BEE,Male,29,Some Travel,Sales,20,3,Marketing ,Sales Executive,149688,Yes,04-02-2013,Yes,2,2,2,2,26-03-2020,3,3,3,3,0,5,4,4
47A0-559B,Non-Binary,39,Some Travel,Technology,12,3,Computer Science,Engineering Manager,293132,No,05-01-2012,No,10,10,10,0,26-03-2020,4,5,2,3,2,2,5,4
A954-6310,Female,29,Some Travel,Technology,45,3,Computer Science,Machine Learning Engineer,207952,Yes,17-08-2013,No,9,9,9,7,26-03-2020,4,5,5,1,0,2,5,4
37EE-004B,Female,22,Some Travel,Technology,29,3,Information Systems,Data Scientist,28790,No,09-01-2019,Yes,3,1,1,2,18-08-2014,5,5,4,1,1,2,5,4
C525-8BB9,Male,29,Some Travel,Technology,14,3,Other,Data Scientist,70872,No,10-04-2013,No,9,2,7,9,26-03-2020,3,3,4,2,2,5,5,5
9AAB-DCD0,Female,28,Some Travel,Technology,14,2,Business Studies,Software Engineer,105984,Yes,04-02-2012,No,10,7,9,10,27-03-2020,4,4,2,1,0,5,5,4
9412-7AA6,Non-Binary,27,Some Travel,Technology,10,3,Information Systems,Data Scientist,45438,No,19-04-2015,No,7,1,5,5,27-03-2020,4,5,5,2,1,5,3,3
184D-06FF,Female,26,Some Travel,Technology,24,4,Computer Science,Data Scientist,35757,No,25-07-2017,No,5,3,4,0,27-03-2020,3,2,5,1,1,3,3,3
00E4-3D60,Female,30,Frequent Traveller,Technology,37,1,Business Studies,Data Scientist,109778,No,23-06-2022,Yes,0,0,0,0,28-03-2020,5,4,5,3,0,3,4,3
DD1E-583D,Male,24,Some Travel,Human Resources,36,3,Human Resources,Recruiter,29428,No,02-03-2017,No,5,5,5,0,28-03-2020,4,2,5,2,1,2,5,4
03C5-51AD,Female,25,Some Travel,Technology,1,2,Computer Science,Data Scientist,32354,Yes,06-12-2015,Yes,7,4,6,2,29-03-2020,4,4,3,2,2,3,5,5
A807-DE5D,Non-Binary,47,Some Travel,Technology,13,3,Computer Science,Data Scientist,61915,No,07-01-2014,No,8,2,4,7,29-03-2020,3,2,3,1,1,3,4,3
8BCA-723F,Male,46,Some Travel,Technology,24,4,Computer Science,Data Scientist,43487,No,29-06-2014,No,8,8,8,8,29-03-2020,3,5,2,1,2,4,3,2
BFAF-1ED1,Male,24,Frequent Traveller,Technology,14,4,Computer Science,Data Scientist,67538,No,28-07-2018,No,4,3,4,2,29-03-2020,5,3,2,3,1,4,5,5
B76C-D9CE,Female,22,Some Travel,Human Resources,7,2,Economics,Recruiter,29322,Yes,31-01-2021,Yes,1,0,0,0,19-08-2014,4,3,4,2,1,2,5,4
8FD9-AA59,Non-Binary,26,Frequent Traveller,Sales,14,4,Marketing ,Sales Executive,71349,No,20-06-2014,Yes,7,2,2,1,30-03-2020,3,2,3,1,2,3,5,5
86E2-73D1,Male,39,Some Travel,Technology,3,3,Computer Science,Machine Learning Engineer,81115,No,24-01-2013,No,9,2,4,0,30-03-2020,4,3,3,1,0,3,3,3
C520-6F2B,Female,25,Some Travel,Technology,34,3,Information Systems,Data Scientist,45286,Yes,14-07-2016,No,6,1,3,1,30-03-2020,3,5,3,1,1,3,3,3
A53B-DF3C,Female,22,Some Travel,Technology,2,4,Computer Science,Data Scientist,39732,Yes,08-01-2018,No,4,1,2,2,30-03-2020,4,5,3,2,1,2,5,5
A105-470B,Male,25,Frequent Traveller,Technology,28,1,Information Systems,Software Engineer,23993,Yes,31-05-2016,No,6,3,4,4,31-03-2020,3,1,4,2,2,3,3,3
0210-E0D8,Male,36,Some Travel,Sales,7,3,Technical Degree,Sales Executive,243989,Yes,18-07-2020,Yes,1,0,1,1,01-04-2020,2,4,1,2,1,4,3,3
07B2-D67A,Male,44,Some Travel,Sales,40,2,Economics,Manager,285620,No,30-01-2012,No,10,6,8,4,01-04-2020,3,3,4,3,0,2,3,3
819A-2C9C,Male,30,No Travel ,Technology,7,3,Computer Science,Data Scientist,138989,Yes,14-08-2013,No,9,2,4,8,01-04-2020,4,4,3,1,1,4,4,3
2D85-ABDD,Female,33,No Travel ,Sales,29,3,Economics,Sales Executive,65094,No,20-06-2014,No,8,8,8,0,01-04-2020,4,3,1,2,1,4,5,5
B6EC-313E,Male,26,Frequent Traveller,Human Resources,17,3,Human Resources,Recruiter,30502,No,09-08-2014,Yes,0,0,0,0,02-04-2020,1,4,3,3,2,1,5,5
F877-3BF9,Non-Binary,21,Frequent Traveller,Technology,29,4,Information Systems,Software Engineer,61345,No,07-08-2020,Yes,1,0,0,0,22-08-2014,5,3,5,2,2,3,4,3
05F0-6F7B,Female,24,Some Travel,Technology,5,1,Information Systems,Data Scientist,100818,No,24-12-2017,No,5,1,3,0,02-04-2020,2,4,2,2,1,1,5,5
1424-0B0C,Female,36,No Travel ,Technology,35,1,Information Systems,Senior Software Engineer,356378,Yes,30-05-2018,No,4,2,4,4,02-04-2020,3,2,3,2,1,5,3,2
6653-BD41,Female,27,Some Travel,Technology,5,3,Computer Science,Engineering Manager,238435,No,07-08-2015,No,7,2,4,1,03-04-2020,3,4,3,1,0,3,3,2
B49A-7D79,Non-Binary,27,Some Travel,Technology,20,1,Business Studies,Software Engineer,22986,Yes,02-06-2015,No,7,6,7,0,03-04-2020,4,5,3,2,0,4,4,4
20CA-404E,Female,25,Some Travel,Technology,13,3,Information Systems,Analytics Manager,211401,No,17-07-2016,No,6,1,1,3,03-04-2020,5,5,4,2,0,5,5,4
0D8F-C0F3,Female,29,Some Travel,Technology,44,3,Business Studies,Data Scientist,67578,No,10-06-2013,Yes,1,0,0,0,04-04-2020,3,4,2,2,1,4,5,4
1799-5B3F,Male,24,Some Travel,Sales,21,4,Marketing,Sales Executive,85118,No,18-03-2019,Yes,0,0,0,0,04-04-2020,5,3,3,3,0,3,3,2
3B11-DF28,Female,23,Frequent Traveller,Technology,28,2,Computer Science,Data Scientist,57133,No,23-08-2019,Yes,3,0,0,1,04-04-2020,5,5,3,3,0,3,3,2
C95C-CE06,Male,44,Some Travel,Sales,35,3,Marketing,Sales Representative,75667,No,27-10-2014,No,8,6,6,3,04-04-2020,3,2,4,2,2,3,4,3
076F-8AA3,Male,39,Some Travel,Technology,5,2,Computer Science,Data Scientist,58685,No,08-03-2012,Yes,9,6,6,2,05-04-2020,5,3,4,1,1,3,3,2
D186-CBF5,Female,19,Some Travel,Sales,21,3,Marketing,Sales Representative,33454,Yes,19-05-2022,Yes,0,0,0,0,26-08-2014,3,5,3,1,2,5,4,4
EDF2-2659,Female,25,Some Travel,Technology,21,1,Information Systems,Senior Software Engineer,64398,No,27-07-2017,No,5,2,3,3,05-04-2020,5,5,4,2,2,4,3,2
95D7-1CE9,Male,43,Some Travel,Human Resources,29,4,Marketing ,HR Business Partner,309964,No,04-01-2012,No,10,6,10,8,07-04-2020,4,2,3,3,0,5,3,2
2BD8-20A6,Female,35,Frequent Traveller,Technology,38,5,Information Systems,Engineering Manager,310285,Yes,30-11-2017,No,5,4,4,3,07-04-2020,3,2,3,3,1,5,3,2
B013-7D0C,Female,28,Some Travel,Technology,24,3,Information Systems,Data Scientist,46313,Yes,30-08-2013,Yes,1,1,1,0,08-04-2020,4,5,4,2,0,2,5,4
531D-788E,Male,21,Frequent Traveller,Technology,16,2,Computer Science,Data Scientist,42569,No,13-04-2022,Yes,0,0,0,0,08-04-2020,5,4,4,2,1,2,5,4
8EA4-9179,Male,25,Some Travel,Technology,23,3,Computer Science,Data Scientist,24626,No,14-03-2015,No,7,7,7,1,08-04-2020,4,3,3,3,1,3,3,2
61E2-6540,Non-Binary,24,Some Travel,Technology,7,4,Computer Science,Senior Software Engineer,44256,No,18-05-2018,No,4,2,4,3,08-04-2020,3,2,3,3,1,5,3,3
AEDB-BB62,Male,39,Some Travel,Technology,34,1,Computer Science,Machine Learning Engineer,264285,No,23-03-2012,No,10,10,10,1,09-04-2020,5,3,2,3,2,5,5,5
F430-0404,Female,32,No Travel ,Sales,23,4,Economics,Sales Executive,237749,No,19-07-2013,No,9,1,6,6,09-04-2020,3,4,5,2,1,2,3,3
8733-BC3C,Male,26,Frequent Traveller,Technology,22,3,Computer Science,Software Engineer,81726,Yes,06-11-2016,No,6,0,6,1,09-04-2020,4,4,3,2,2,3,5,4
5605-237E,Female,26,Some Travel,Technology,7,3,Computer Science,Data Scientist,34047,Yes,03-12-2015,No,7,4,4,2,26-08-2014,3,2,4,1,1,5,5,5
0BAF-7454,Non-Binary,26,Some Travel,Technology,12,4,Computer Science,Software Engineer,37530,No,30-07-2017,No,5,5,5,5,09-04-2020,3,3,4,2,3,5,3,2
152E-8DB1,Female,31,Some Travel,Technology,14,1,Other,Software Engineer,63482,No,23-04-2012,Yes,1,0,1,1,10-04-2020,5,2,4,1,1,4,3,3
1A7C-19DB,Female,39,Some Travel,Technology,42,4,Computer Science,Engineering Manager,539998,Yes,22-11-2020,Yes,1,0,0,0,10-04-2020,5,4,4,1,1,2,3,2
489B-14EC,Female,21,Some Travel,Technology,15,2,Computer Science,Machine Learning Engineer,62882,Yes,09-01-2021,Yes,0,0,0,0,10-04-2020,3,5,4,1,2,2,4,4
D7F8-1775,Male,36,Some Travel,Sales,13,3,Marketing ,Sales Executive,121303,No,12-07-2014,No,8,2,3,0,10-04-2020,3,4,3,1,3,4,5,5
52CC-3E9E,Male,30,Frequent Traveller,Technology,13,4,Computer Science,Software Engineer,40321,Yes,26-08-2013,Yes,5,0,0,3,11-04-2020,5,3,4,1,0,5,4,4
A531-8159,Female,37,No Travel ,Technology,16,3,Information Systems,Data Scientist,82099,No,23-02-2012,No,10,1,7,6,11-04-2020,3,5,2,1,3,3,3,2
21C8-00EC,Male,22,Some Travel,Technology,37,2,Information Systems,Senior Software Engineer,52314,No,25-05-2018,No,4,0,3,0,11-04-2020,5,2,5,3,2,3,5,5
8373-07C6,Female,25,Some Travel,Technology,21,4,Information Systems,Engineering Manager,261970,Yes,31-07-2017,No,5,4,4,3,11-04-2020,5,5,4,3,0,4,3,3
C5C2-985F,Male,29,Some Travel,Sales,3,3,Other,Sales Representative,46465,Yes,16-05-2014,Yes,4,3,3,3,12-04-2020,3,5,2,2,2,2,5,4
4FD5-CC71,Female,22,Some Travel,Technology,31,4,Information Systems,Software Engineer,75738,Yes,23-02-2019,Yes,3,1,2,0,28-08-2014,4,3,4,2,0,5,4,3
CDFB-6A08,Male,26,Some Travel,Technology,8,4,Other,Software Engineer,22918,Yes,01-05-2016,Yes,0,0,0,0,12-04-2020,5,5,4,1,2,5,3,2
5C03-1009,Female,42,Some Travel,Technology,21,3,Information Systems,Engineering Manager,316208,No,17-01-2012,No,10,8,8,7,12-04-2020,5,4,5,2,2,4,3,3
E899-A860,Male,31,Some Travel,Sales,10,3,Marketing ,Sales Executive,110076,Yes,23-12-2014,No,8,5,8,6,12-04-2020,4,3,4,3,2,5,3,3
EE91-1A9C,Male,25,Some Travel,Technology,22,3,Information Systems,Data Scientist,21350,Yes,27-10-2016,Yes,5,3,3,2,13-04-2020,5,2,5,2,1,4,4,4
7CFC-C4DA,Male,21,Some Travel,Technology,44,2,Other,Data Scientist,32676,Yes,20-04-2022,Yes,0,0,0,0,13-04-2020,3,3,5,2,1,4,3,3
CF2F-8CA3,Male,45,Some Travel,Sales,20,2,Marketing ,Sales Executive,76693,No,06-02-2012,No,10,2,9,10,13-04-2020,5,4,3,2,1,2,4,3
AC19-7EE7,Male,25,Some Travel,Sales,38,3,Marketing ,Sales Executive,86485,Yes,07-09-2015,No,7,6,6,0,14-04-2020,5,2,4,3,2,5,5,4
7A98-768E,Female,18,Some Travel,Sales,20,3,Technical Degree,Sales Executive,58523,No,25-01-2022,Yes,0,0,0,0,15-04-2020,5,3,4,2,0,3,4,4
C3C0-349E,Male,45,Some Travel,Sales,22,4,Marketing ,Sales Executive,270302,No,13-05-2022,Yes,0,0,0,0,15-04-2020,4,3,3,2,3,4,3,3
96F4-896C,Male,43,No Travel ,Technology,21,4,Information Systems,Analytics Manager,280756,No,05-03-2013,No,9,8,8,3,15-04-2020,3,3,5,2,1,3,3,3
7A1F-F1A3,Male,23,Some Travel,Sales,32,3,Economics,Sales Executive,84558,No,30-12-2019,No,3,3,3,2,30-08-2014,5,5,5,2,1,4,5,5
B52E-BF41,Female,30,Some Travel,Technology,26,4,Computer Science,Data Scientist,36280,No,04-12-2013,No,9,9,9,9,15-04-2020,4,3,3,3,0,4,5,4
5D69-D350,Male,24,Frequent Traveller,Technology,7,3,Information Systems,Data Scientist,104649,No,23-09-2016,Yes,4,4,4,3,16-04-2020,4,2,2,1,1,2,3,3
4BE1-4A7B,Male,23,Frequent Traveller,Technology,10,3,Information Systems,Software Engineer,44566,Yes,29-01-2020,Yes,1,0,0,0,16-04-2020,3,4,3,2,2,4,4,4
10E9-4C86,Non-Binary,34,Frequent Traveller,Technology,12,2,Computer Science,Data Scientist,44057,Yes,17-05-2014,No,8,7,7,1,16-04-2020,5,2,2,2,0,4,3,3
6661-FA04,Male,44,Some Travel,Technology,28,3,Computer Science,Software Engineer,49447,No,09-10-2014,No,8,7,7,8,16-04-2020,4,4,4,3,1,2,4,4
AB81-A3A0,Male,29,Some Travel,Sales,14,4,Marketing,Sales Executive,96319,No,14-06-2013,No,9,1,4,5,17-04-2020,4,5,2,2,2,5,4,3
9D01-8A02,Male,31,Some Travel,Technology,8,1,Information Systems,Software Engineer,70682,No,24-02-2014,No,8,4,8,2,17-04-2020,5,5,3,1,2,2,4,4
6151-4A92,Non-Binary,25,No Travel ,Technology,29,4,Computer Science,Machine Learning Engineer,105411,No,01-04-2018,No,4,2,4,2,17-04-2020,3,2,5,2,1,4,5,4
6BE1-09FB,Male,25,Some Travel,Sales,29,4,Marketing,Sales Executive,95643,No,14-05-2018,No,4,0,3,1,17-04-2020,3,2,3,3,2,4,4,4
EE7E-F5AC,Female,23,Some Travel,Sales,19,3,Other,Sales Representative,27185,No,30-01-2018,No,4,4,4,0,17-04-2020,3,2,4,2,2,3,3,2
2DD1-FD7F,Male,22,Some Travel,Technology,3,3,Computer Science,Data Scientist,34753,Yes,18-07-2018,Yes,1,0,0,0,03-09-2014,5,4,4,2,1,4,5,4
FD3F-5255,Female,45,Some Travel,Technology,2,1,Information Systems,Data Scientist,64795,Yes,03-03-2012,No,10,5,8,10,18-04-2020,4,5,4,1,1,4,3,2
C661-6A1C,Female,25,Frequent Traveller,Technology,24,1,Business Studies,Software Engineer,40314,No,15-09-2016,Yes,3,1,3,3,19-04-2020,5,2,3,2,0,5,3,2
C025-B8B6,Male,44,Some Travel,Sales,29,3,Marketing ,Sales Executive,126073,No,03-01-2014,No,8,0,2,0,19-04-2020,3,3,2,1,1,2,5,5
5BDE-7102,Female,25,Some Travel,Technology,16,2,Computer Science,Engineering Manager,184441,No,13-11-2016,No,6,6,6,3,19-04-2020,5,2,2,2,1,3,4,4
9528-AA17,Female,48,Some Travel,Technology,30,3,Information Systems,Software Engineer,72794,No,14-02-2012,No,10,4,5,3,20-04-2020,3,3,2,1,1,4,3,3
F9C6-39E2,Female,48,Some Travel,Sales,4,3,Marketing,Sales Representative,55880,No,19-11-2014,No,8,1,6,5,20-04-2020,3,3,5,1,3,3,3,3
4188-C61D,Female,22,No Travel ,Technology,27,1,Information Systems,Data Scientist,23039,No,08-03-2018,Yes,0,0,0,0,21-04-2020,5,4,4,2,0,3,5,5
DFE3-6FA7,Female,43,Frequent Traveller,Sales,5,3,Marketing ,Sales Executive,350525,Yes,27-05-2012,Yes,9,3,9,6,21-04-2020,3,5,3,1,3,5,4,3
7335-4656,Female,45,Some Travel,Technology,14,2,Computer Science,Machine Learning Engineer,223124,No,02-10-2013,No,9,2,3,2,21-04-2020,3,2,2,1,0,3,3,3
ACF7-5B99,Female,26,Some Travel,Sales,17,4,Marketing ,Sales Executive,97811,Yes,16-05-2015,No,7,3,6,4,21-04-2020,5,2,5,2,0,2,4,4
D7EE-56FC,Female,39,Frequent Traveller,Sales,17,2,Technical Degree,Sales Executive,107863,Yes,19-01-2012,Yes,8,8,8,5,03-02-2013,5,5,3,3,0,3,5,5
39A2-9B0A,Female,19,Frequent Traveller,Sales,35,4,Marketing ,Sales Representative,24959,No,25-10-2022,Yes,0,0,0,0,05-09-2014,3,4,3,3,2,3,5,5
E503-C500,Male,28,Some Travel,Technology,39,5,Computer Science,Software Engineer,81906,No,04-06-2015,No,7,4,4,1,21-04-2020,5,2,5,3,1,4,5,4
49B2-0364,Male,45,Frequent Traveller,Sales,1,3,Marketing ,Sales Representative,70487,No,09-05-2012,No,10,0,7,3,22-04-2020,5,3,4,3,1,3,4,3
920B-7B40,Male,26,Some Travel,Technology,22,3,Information Systems,Software Engineer,52390,Yes,21-04-2015,No,7,4,5,3,22-04-2020,3,4,3,2,2,3,5,4
A11D-324A,Male,27,Some Travel,Sales,44,4,Marketing,Manager,152147,No,22-01-2016,No,6,6,6,6,22-04-2020,5,2,5,3,1,5,4,4
D754-4CDF,Male,25,Some Travel,Technology,18,3,Computer Science,Senior Software Engineer,55541,No,08-01-2017,No,5,4,5,4,22-04-2020,3,4,4,2,2,2,5,5
B5C6-A760,Female,21,Frequent Traveller,Technology,7,3,Computer Science,Machine Learning Engineer,76518,No,31-08-2019,No,3,1,2,1,22-04-2020,5,3,4,3,0,3,5,4
51A4-EA6E,Non-Binary,46,Some Travel,Sales,17,3,Marketing ,Sales Executive,223874,No,19-07-2021,Yes,1,0,0,0,23-04-2020,5,5,4,1,0,5,3,2
A4A4-F49C,Male,34,Some Travel,Technology,40,3,Computer Science,Senior Software Engineer,97542,No,06-05-2012,No,10,10,10,7,23-04-2020,5,4,3,2,1,5,3,3
23FC-93A5,Female,26,Some Travel,Technology,2,4,Information Systems,Software Engineer,55565,No,22-02-2016,No,6,6,6,4,23-04-2020,4,5,5,3,2,4,4,3
924E-1035,Male,23,Some Travel,Sales,26,2,Marketing ,Sales Executive,58345,Yes,19-01-2017,No,5,4,4,4,23-04-2020,5,3,5,1,1,5,3,3
D014-7DB2,Female,20,Some Travel,Sales,16,3,Marketing ,Sales Representative,35754,No,24-08-2020,Yes,0,0,0,0,09-09-2014,3,4,4,3,1,1,4,4
1147-7E2F,Male,22,Some Travel,Technology,23,3,Computer Science,Data Scientist,37021,No,15-07-2018,Yes,3,0,1,2,24-04-2020,4,2,2,1,0,2,5,5
A31A-A90C,Male,36,Some Travel,Technology,7,3,Information Systems,Data Scientist,46773,Yes,28-02-2014,No,8,7,8,2,24-04-2020,4,3,3,2,1,4,3,2
B8C3-5E0A,Female,26,Some Travel,Technology,18,3,Computer Science,Data Scientist,26414,No,14-05-2017,No,5,5,5,0,24-04-2020,3,3,2,3,1,5,4,3
0626-7020,Female,24,No Travel ,Technology,7,2,Information Systems,Senior Software Engineer,126527,Yes,01-10-2017,No,5,1,5,3,24-04-2020,3,5,4,2,1,4,5,5
D529-0BC2,Female,24,Some Travel,Technology,42,2,Other,Data Scientist,38775,Yes,06-02-2017,No,5,0,5,1,26-04-2020,5,5,3,2,2,2,5,4
4971-33F9,Male,41,Some Travel,Technology,28,4,Business Studies,Senior Software Engineer,184411,No,17-10-2017,No,5,5,5,4,26-04-2020,4,5,2,3,1,3,4,3
1AC8-361F,Male,26,Some Travel,Sales,22,1,Marketing ,Sales Executive,87142,No,11-11-2015,Yes,2,1,1,0,27-04-2020,4,3,2,3,0,2,3,3
D93A-CC98,Female,24,Some Travel,Sales,27,4,Marketing,Sales Executive,208684,Yes,06-03-2018,Yes,2,0,0,0,27-04-2020,5,4,4,1,3,4,4,3
EE63-4E57,Female,24,Frequent Traveller,Technology,26,4,Business Studies,Senior Software Engineer,133949,No,26-10-2016,No,6,4,6,6,27-04-2020,4,4,5,1,1,2,3,2
F1BD-033D,Male,25,Some Travel,Technology,21,5,Information Systems,Software Engineer,46362,Yes,15-03-2016,No,6,0,4,5,27-04-2020,4,2,4,2,0,2,3,2
6135-885F,Female,18,Frequent Traveller,Technology,8,3,Computer Science,Software Engineer,31894,Yes,31-08-2022,Yes,0,0,0,0,15-09-2014,4,3,1,2,1,3,5,5
05CD-292D,Male,24,Some Travel,Technology,1,3,Other,Software Engineer,54501,No,01-08-2018,No,4,4,4,2,27-04-2020,3,3,5,2,3,3,3,3
FB1F-9947,Female,23,Some Travel,Technology,4,3,Business Studies,Machine Learning Engineer,106418,Yes,20-10-2018,No,4,0,3,0,27-04-2020,4,2,5,3,0,5,5,5
C79A-E5E1,Female,32,Frequent Traveller,Technology,13,1,Computer Science,Data Scientist,48835,Yes,17-02-2012,Yes,8,5,7,0,28-04-2020,4,3,5,2,3,3,4,4
5D73-961A,Male,27,Some Travel,Technology,1,2,Computer Science,Senior Software Engineer,90487,No,25-05-2016,No,6,4,4,4,28-04-2020,5,4,2,1,0,5,5,5
A1B4-5481,Male,25,Some Travel,Sales,37,3,Economics,Sales Executive,79329,No,22-07-2016,Yes,1,1,1,1,29-04-2020,4,2,2,1,0,4,4,3
D49C-096C,Non-Binary,26,No Travel ,Sales,10,2,Economics,Sales Executive,55537,No,16-03-2014,Yes,4,1,1,1,29-04-2020,3,5,4,1,1,3,5,4
2F04-931F,Male,23,Some Travel,Technology,25,3,Business Studies,Data Scientist,37121,Yes,02-10-2018,Yes,1,0,0,0,29-04-2020,3,5,3,3,2,4,3,3
380E-44B4,Male,21,Some Travel,Technology,19,4,Computer Science,Data Scientist,25255,No,01-08-2022,Yes,0,0,0,0,29-04-2020,4,5,3,1,2,5,4,3
5639-70C0,Female,36,Some Travel,Human Resources,31,4,Human Resources,HR Manager,509940,No,15-01-2018,No,4,4,4,2,29-04-2020,5,3,2,2,1,5,5,5
327B-F6D3,Female,37,Some Travel,Technology,6,2,Computer Science,Data Scientist,42188,No,04-10-2013,Yes,8,3,5,6,30-04-2020,4,2,3,1,1,3,3,2
3476-CA56,Female,24,Some Travel,Sales,16,3,Economics,Sales Representative,25102,No,05-06-2019,Yes,1,0,0,0,22-09-2014,4,1,1,3,1,2,4,3
B148-55FB,Male,38,Frequent Traveller,Technology,23,4,Computer Science,Machine Learning Engineer,231699,No,06-11-2018,Yes,1,0,0,0,30-04-2020,3,2,2,3,2,2,3,2
84D8-1A04,Female,22,Some Travel,Sales,16,3,Marketing,Sales Executive,48432,No,17-10-2019,No,3,0,0,3,30-04-2020,4,4,4,2,2,4,5,5
1472-9F69,Male,27,Some Travel,Sales,1,4,Marketing ,Sales Representative,30870,No,28-12-2014,Yes,3,1,2,3,01-05-2020,5,5,4,1,0,2,3,3
59DB-8465,Female,47,Frequent Traveller,Human Resources,3,3,Marketing ,HR Executive,85744,No,02-03-2013,No,9,0,9,8,01-05-2020,5,5,2,3,2,2,4,3
D31B-BEF8,Male,25,Frequent Traveller,Sales,19,4,Marketing ,Sales Representative,28090,No,31-08-2016,Yes,0,0,0,0,02-05-2020,5,2,3,2,3,5,4,4
565B-C207,Female,30,No Travel ,Technology,3,3,Information Systems,Data Scientist,47338,No,08-05-2013,No,9,4,9,1,02-05-2020,3,5,4,2,0,3,5,4
B90D-4BEF,Female,29,Some Travel,Technology,32,3,Information Systems,Engineering Manager,388605,Yes,01-01-2017,No,5,2,5,0,02-05-2020,4,4,5,2,1,5,4,4
13E5-2F17,Male,24,Frequent Traveller,Technology,15,3,Computer Science,Senior Software Engineer,139627,No,27-01-2016,Yes,5,0,4,1,03-05-2020,3,3,2,3,2,5,3,2
ADF8-AD57,Male,27,Some Travel,Technology,28,3,Computer Science,Data Scientist,20387,No,16-08-2016,Yes,0,0,0,0,03-05-2020,5,2,5,1,1,4,5,4
ED5D-E9D8,Female,28,Some Travel,Sales,32,1,Economics,Sales Representative,52528,No,02-07-2014,No,8,2,4,6,03-05-2020,5,5,5,1,3,5,4,3
07F5-A45D,Male,24,Frequent Traveller,Sales,23,2,Economics,Sales Representative,38448,Yes,09-08-2018,Yes,4,3,3,2,23-09-2014,1,2,1,3,2,2,5,4
FB1D-5A51,Female,23,Some Travel,Technology,29,3,Information Systems,Software Engineer,25500,No,12-08-2017,No,5,5,5,3,03-05-2020,5,3,5,2,1,2,3,2
FE2B-3DC7,Female,28,Some Travel,Technology,23,3,Information Systems,Data Scientist,35606,Yes,07-05-2012,Yes,5,3,4,5,04-05-2020,3,5,4,1,2,5,5,4
F3D0-41D1,Male,20,Some Travel,Technology,34,4,Computer Science,Software Engineer,22925,Yes,13-06-2021,Yes,1,0,0,0,04-05-2020,5,4,5,2,3,2,3,2
11AE-3E4D,Male,39,Some Travel,Sales,38,2,Technical Degree,Manager,300299,Yes,19-02-2012,No,10,7,7,10,04-05-2020,4,5,5,2,0,3,4,4
9C6C-E5CE,Non-Binary,23,Frequent Traveller,Technology,15,3,Information Systems,Data Scientist,29890,No,24-07-2017,No,5,0,1,1,04-05-2020,4,3,5,1,2,5,4,4
2CA8-4E1B,Non-Binary,23,Some Travel,Technology,7,3,Business Studies,Software Engineer,28753,No,02-05-2017,Yes,2,1,1,0,05-05-2020,5,4,3,1,0,4,4,3
08E4-D3D5,Male,21,Some Travel,Technology,25,4,Computer Science,Data Scientist,34634,No,11-12-2019,Yes,1,1,1,1,05-05-2020,4,3,2,2,1,2,3,2
D2BE-E6F6,Female,31,Frequent Traveller,Sales,28,2,Marketing ,Sales Executive,183189,No,01-01-2014,No,8,3,6,6,05-05-2020,5,5,4,2,2,2,3,2
E8B6-8BAE,Male,29,Some Travel,Sales,18,2,Economics,Sales Executive,225330,No,02-03-2022,Yes,0,0,0,0,06-05-2020,5,4,2,3,0,2,3,2
291F-B604,Male,26,Some Travel,Technology,3,4,Information Systems,Data Scientist,28952,Yes,22-10-2016,Yes,0,0,0,0,07-05-2020,4,2,2,2,1,4,3,3
E7D3-03C9,Male,42,Some Travel,Sales,26,4,Marketing,Sales Executive,91179,No,30-05-2012,No,10,7,9,0,25-09-2014,1,4,3,3,1,3,5,5
692B-7152,Male,47,Some Travel,Sales,42,3,Marketing ,Sales Executive,249553,No,20-05-2012,No,10,3,4,9,07-05-2020,5,3,5,1,0,2,3,2
5A65-768A,Female,43,Frequent Traveller,Sales,40,4,Economics,Sales Executive,86038,No,06-07-2014,No,8,1,3,3,07-05-2020,3,4,5,3,1,2,3,2
4657-FE18,Non-Binary,29,Some Travel,Technology,25,2,Information Systems,Senior Software Engineer,145716,No,22-02-2018,Yes,1,0,1,1,08-05-2020,3,4,2,3,0,3,5,4
4C41-7F73,Female,24,Some Travel,Technology,30,3,Computer Science,Machine Learning Engineer,94318,Yes,21-09-2016,No,6,3,6,5,08-05-2020,3,2,5,2,2,3,3,3
E28D-424B,Non-Binary,22,Some Travel,Sales,5,1,Economics,Sales Executive,64689,No,19-01-2020,Yes,1,1,1,1,09-05-2020,5,4,5,1,0,2,5,5
7B47-C915,Female,36,Some Travel,Sales,23,4,Marketing,Sales Executive,195502,No,23-02-2014,No,8,0,3,0,09-05-2020,4,5,2,1,1,5,3,3
28F4-8367,Non-Binary,25,Some Travel,Technology,4,3,Business Studies,Machine Learning Engineer,39456,No,15-04-2017,No,5,1,5,4,09-05-2020,3,4,3,2,1,2,3,3
A848-F98B,Male,25,Some Travel,Technology,37,2,Computer Science,Data Scientist,38038,No,26-01-2018,Yes,2,1,1,1,10-05-2020,4,4,2,3,0,4,5,4
DA4C-7F2E,Female,26,Some Travel,Technology,18,3,Computer Science,Analytics Manager,178836,No,18-04-2016,No,6,4,5,6,10-05-2020,5,3,3,1,0,4,5,4
1C87-44CB,Female,28,Frequent Traveller,Technology,9,3,Computer Science,Software Engineer,48930,Yes,14-03-2012,Yes,7,4,6,2,11-05-2020,3,4,2,3,1,5,3,3
7F61-2397,Non-Binary,41,No Travel ,Technology,26,4,Computer Science,Analytics Manager,283081,Yes,03-09-2018,Yes,4,1,3,2,27-09-2014,1,4,1,3,0,2,3,2
41FE-D257,Male,23,Frequent Traveller,Sales,31,3,Technical Degree,Sales Representative,23505,No,12-07-2017,Yes,1,0,0,0,11-05-2020,4,5,5,1,0,2,3,2
A690-3D5D,Female,35,Some Travel,Technology,7,3,Information Systems,Senior Software Engineer,253952,Yes,02-10-2013,No,9,9,9,4,11-05-2020,5,5,4,2,3,4,4,3
42CC-040A,Female,29,Some Travel,Human Resources,29,2,Technical Degree,Recruiter,49606,No,05-01-2012,Yes,6,1,1,6,12-05-2020,3,4,5,3,2,5,4,4
C9FF-3A25,Male,28,No Travel ,Technology,17,2,Information Systems,Software Engineer,54324,Yes,10-09-2015,Yes,3,3,3,1,12-05-2020,4,2,3,2,2,5,5,4
BE93-0736,Male,35,No Travel ,Technology,17,2,Computer Science,Senior Software Engineer,117151,No,26-03-2012,No,10,3,7,6,12-05-2020,5,2,2,1,2,2,5,5
BBD0-FB7D,Female,23,Some Travel,Sales,19,4,Economics,Sales Executive,87629,No,19-01-2018,No,4,4,4,1,12-05-2020,3,4,5,2,0,2,4,3
1F0F-458C,Female,29,Some Travel,Technology,3,3,Business Studies,Data Scientist,60388,Yes,11-04-2013,Yes,5,1,3,1,13-05-2020,3,4,4,3,0,3,3,3
A184-3B30,Male,26,Some Travel,Technology,17,3,Information Systems,Software Engineer,55778,No,05-11-2015,No,7,4,7,6,13-05-2020,4,2,5,2,0,2,4,3
801C-89BF,Female,24,Some Travel,Technology,5,2,Information Systems,Data Scientist,46151,No,12-11-2016,No,6,4,6,2,13-05-2020,4,4,5,3,3,4,3,3
C8BC-3B77,Female,27,Frequent Traveller,Sales,21,3,Economics,Sales Executive,66488,No,18-07-2016,No,6,5,6,3,13-05-2020,3,2,5,3,0,3,4,4
EB81-3E51,Female,41,Some Travel,Technology,18,4,Information Systems,Senior Software Engineer,268964,No,01-07-2019,Yes,3,1,1,0,27-09-2014,1,2,1,2,0,4,4,3
ECC7-B638,Male,24,Frequent Traveller,Sales,44,3,Marketing,Sales Executive,41741,No,20-07-2018,No,4,0,1,0,13-05-2020,5,4,2,3,0,4,3,3
5AC6-91D4,Female,23,Some Travel,Technology,16,2,Information Systems,Machine Learning Engineer,56946,No,22-11-2018,No,4,2,4,4,13-05-2020,5,3,2,2,0,3,3,3
DE6C-86FC,Non-Binary,43,Some Travel,Technology,31,4,Computer Science,Software Engineer,130665,No,10-12-2013,No,9,6,9,6,14-05-2020,5,3,4,3,0,4,4,4
1C57-5F2A,Female,27,Some Travel,Technology,42,3,Computer Science,Software Engineer,33606,No,07-05-2015,No,7,0,0,2,14-05-2020,4,4,3,3,0,2,4,4
0A05-3943,Female,26,Some Travel,Technology,20,3,Business Studies,Software Engineer,33273,Yes,20-01-2015,Yes,2,1,1,0,15-05-2020,3,2,5,1,0,2,5,4
9F65-F612,Female,28,Some Travel,Technology,33,3,Computer Science,Data Scientist,54536,No,23-04-2012,Yes,3,3,3,2,15-05-2020,3,3,4,3,3,3,5,4
64D6-0D5F,Non-Binary,37,Some Travel,Technology,28,3,Information Systems,Analytics Manager,368494,Yes,14-05-2012,No,10,8,9,6,15-05-2020,4,4,3,1,2,3,3,2
26DF-1241,Male,23,Some Travel,Sales,33,3,Economics,Sales Representative,30477,No,20-02-2018,No,4,2,3,3,15-05-2020,3,3,5,1,1,4,5,4
2BCE-F73C,Male,23,Frequent Traveller,Sales,26,4,Marketing,Sales Executive,68046,No,01-06-2018,No,4,4,4,2,15-05-2020,5,2,4,1,1,2,5,5
9D3C-DA45,Male,32,Some Travel,Technology,24,3,Information Systems,Data Scientist,41857,No,12-04-2013,No,9,0,5,2,16-05-2020,4,2,3,1,1,2,5,4
1CB3-F7D7,Female,21,No Travel ,Sales,6,4,Other,Sales Executive,43259,No,03-11-2022,Yes,0,0,0,0,29-09-2014,2,4,4,2,1,2,3,2
2523-EFD4,Female,34,Some Travel,Technology,14,2,Information Systems,Senior Software Engineer,154405,No,27-05-2013,No,9,7,7,1,17-05-2020,4,2,4,3,2,4,3,3
3A20-7C3E,Male,25,Some Travel,Technology,44,4,Other,Software Engineer,52210,No,01-07-2016,No,6,0,1,0,17-05-2020,5,2,2,3,2,3,3,3
4D59-B831,Female,25,Some Travel,Human Resources,14,1,Human Resources,Recruiter,22150,No,25-06-2018,Yes,2,0,1,1,18-05-2020,4,5,2,3,2,2,5,5
5060-A677,Male,26,Frequent Traveller,Technology,45,3,Information Systems,Machine Learning Engineer,108865,No,21-01-2016,Yes,1,0,0,1,18-05-2020,3,4,3,3,1,3,5,5
A2D0-E2D2,Female,26,Some Travel,Technology,25,3,Information Systems,Software Engineer,22089,Yes,15-12-2014,Yes,1,0,0,0,18-05-2020,3,2,4,1,0,2,4,3
BE54-8537,Female,26,Frequent Traveller,Technology,14,3,Computer Science,Software Engineer,36794,No,18-11-2015,Yes,5,3,4,3,18-05-2020,3,2,5,1,2,5,4,4
9169-FC4B,Male,28,Some Travel,Human Resources,18,2,Economics,HR Executive,179561,No,09-05-2012,Yes,1,0,0,1,19-05-2020,4,2,2,3,0,5,4,3
72A2-1105,Female,22,Some Travel,Sales,36,3,Marketing,Sales Executive,60699,No,21-03-2018,No,4,0,3,0,19-05-2020,3,4,2,1,1,3,4,3
E9D9-787A,Male,26,Some Travel,Technology,20,1,Computer Science,Senior Software Engineer,207687,Yes,08-09-2017,No,5,0,5,4,19-05-2020,4,2,5,2,3,3,3,3
00B0-F199,Male,23,Some Travel,Sales,35,1,Marketing ,Sales Executive,97824,Yes,16-03-2020,Yes,1,0,1,0,20-05-2020,3,4,3,1,1,4,4,3
130F-32AB,Female,20,Some Travel,Technology,6,1,Computer Science,Software Engineer,30714,Yes,05-06-2020,Yes,2,0,1,1,02-10-2014,4,3,2,1,1,4,4,3
5988-3855,Female,43,Some Travel,Technology,31,1,Information Systems,Software Engineer,98693,No,04-07-2014,No,8,5,8,6,20-05-2020,3,3,3,1,0,3,5,5
1705-0DE5,Female,38,Some Travel,Technology,10,3,Business Studies,Engineering Manager,303360,No,16-10-2021,Yes,0,0,0,0,21-05-2020,4,2,4,2,2,4,3,2
8766-F1E7,Male,25,Some Travel,Technology,18,4,Information Systems,Machine Learning Engineer,130434,Yes,26-09-2016,Yes,0,0,0,0,22-05-2020,3,3,4,2,1,2,5,4
45F9-3A37,Male,21,Some Travel,Technology,34,4,Information Systems,Software Engineer,61758,No,22-11-2022,Yes,0,0,0,0,22-05-2020,4,5,3,3,0,4,5,4
BD1B-53A3,Male,43,Some Travel,Sales,27,3,Marketing,Sales Executive,128885,Yes,17-01-2012,No,10,1,10,2,22-05-2020,4,4,5,2,0,3,3,2
81BE-17CD,Male,30,Frequent Traveller,Technology,33,2,Computer Science,Data Scientist,35126,Yes,18-12-2013,No,9,1,5,5,22-05-2020,5,5,2,2,0,4,3,2
1B7F-73A9,Male,34,Some Travel,Technology,24,3,Computer Science,Software Engineer,42721,No,10-12-2014,No,8,3,3,7,22-05-2020,3,2,5,3,2,2,4,3
3B90-B998,Male,33,No Travel ,Technology,26,3,Computer Science,Data Scientist,43998,No,29-09-2014,No,8,6,7,2,22-05-2020,3,2,5,3,1,3,3,3
DF5F-5ED9,Female,46,No Travel ,Technology,21,1,Computer Science,Analytics Manager,281175,Yes,02-06-2014,No,8,1,2,2,22-05-2020,4,4,2,2,0,3,3,3
4FCD-7D65,Female,24,No Travel ,Technology,26,4,Computer Science,Senior Software Engineer,77358,Yes,30-05-2017,No,5,0,0,4,22-05-2020,3,5,3,2,3,2,4,4
62A3-DEA7,Male,25,Some Travel,Technology,8,1,Information Systems,Software Engineer,30931,Yes,13-08-2015,Yes,1,0,0,1,04-02-2013,4,4,2,2,2,4,3,3
B34E-95FF,Male,25,Some Travel,Sales,33,5,Marketing,Sales Executive,87347,Yes,09-11-2019,Yes,2,1,1,0,02-10-2014,5,2,3,3,1,2,5,4
6A09-C910,Male,24,Some Travel,Technology,19,4,Computer Science,Software Engineer,35270,No,16-08-2016,No,6,0,5,2,22-05-2020,5,4,2,1,3,3,5,4
06DE-E772,Male,34,Frequent Traveller,Sales,45,3,Marketing ,Sales Executive,341971,No,02-09-2020,Yes,1,0,0,0,23-05-2020,5,4,4,3,1,5,3,3
0F83-39C1,Female,30,Some Travel,Technology,33,2,Information Systems,Software Engineer,55485,No,25-12-2013,No,9,8,9,2,23-05-2020,5,4,4,3,0,2,3,2
ED49-73D3,Female,28,Some Travel,Sales,18,4,Marketing,Sales Executive,134427,Yes,28-08-2013,No,9,9,9,2,23-05-2020,3,2,2,1,0,2,5,5
9C24-CD7A,Female,45,Some Travel,Technology,13,2,Other,Analytics Manager,349793,No,10-07-2014,No,8,0,8,6,24-05-2020,4,2,5,3,1,2,5,5
242A-4FA0,Male,25,Some Travel,Technology,2,4,Computer Science,Software Engineer,73825,Yes,02-11-2016,No,6,1,4,4,24-05-2020,3,3,3,2,2,4,4,4
566A-FC64,Female,27,Some Travel,Sales,4,4,Marketing ,Manager,255718,No,15-10-2016,No,6,0,5,4,24-05-2020,4,2,3,1,0,5,5,4
D91C-815B,Female,22,Frequent Traveller,Sales,26,2,Economics,Sales Representative,42250,Yes,23-05-2018,Yes,4,1,3,2,25-05-2020,4,4,3,3,1,4,4,4
29C2-1A3F,Female,30,Some Travel,Technology,32,3,Information Systems,Senior Software Engineer,158656,No,25-12-2019,Yes,2,1,1,2,25-05-2020,3,2,3,2,1,4,5,5
462E-03DF,Female,45,Some Travel,Technology,20,1,Computer Science,Software Engineer,90264,Yes,19-03-2012,No,10,2,4,4,25-05-2020,4,5,2,3,0,4,3,2
277A-A6FA,Female,35,Some Travel,Technology,8,4,Information Systems,Machine Learning Engineer,272175,No,12-01-2012,No,10,7,8,2,04-10-2014,4,4,3,1,2,4,5,4
2F98-E645,Female,29,Frequent Traveller,Technology,17,3,Computer Science,Data Scientist,105554,Yes,25-02-2014,Yes,5,2,5,2,26-05-2020,3,5,2,1,2,2,4,3
F469-0427,Female,19,Frequent Traveller,Human Resources,31,4,Marketing ,Recruiter,36832,Yes,20-02-2022,Yes,0,0,0,0,26-05-2020,3,4,4,2,0,2,5,5
4938-402A,Male,24,No Travel ,Sales,6,3,Economics,Manager,135407,No,05-07-2018,No,4,2,4,2,26-05-2020,3,4,5,1,3,4,4,3
CACA-0D62,Female,32,Some Travel,Technology,33,3,Information Systems,Data Scientist,121881,No,09-02-2014,No,8,7,8,8,27-05-2020,4,4,2,3,1,2,4,4
C08F-94F9,Male,26,Some Travel,Technology,32,3,Information Systems,Software Engineer,40100,Yes,30-07-2015,Yes,0,0,0,0,28-05-2020,4,4,4,1,1,3,4,4
DEBE-1622,Male,28,Frequent Traveller,Technology,22,5,Computer Science,Machine Learning Engineer,205433,No,02-04-2012,Yes,4,1,2,1,28-05-2020,5,3,2,1,0,5,3,3
6965-C170,Female,48,Some Travel,Sales,32,3,Technical Degree,Manager,354336,Yes,18-04-2013,No,9,1,2,9,28-05-2020,2,4,3,1,2,1,4,4
7349-CCE0,Female,32,Some Travel,Technology,7,4,Computer Science,Software Engineer,85568,No,31-07-2013,No,9,7,9,1,28-05-2020,1,2,2,2,2,4,5,4
8FF0-0F7A,Female,26,No Travel ,Technology,18,4,Information Systems,Engineering Manager,153420,Yes,10-08-2015,No,7,5,5,7,29-05-2020,4,4,2,1,1,2,5,4
259B-6C50,Male,27,Some Travel,Sales,27,5,Marketing,Sales Executive,45880,Yes,03-02-2016,No,6,1,4,0,29-05-2020,3,2,4,3,0,2,3,3
817D-28CE,Female,22,Frequent Traveller,Technology,30,3,Computer Science,Data Scientist,40614,Yes,29-07-2020,Yes,0,0,0,0,10-10-2014,4,2,4,3,3,3,3,3
6313-8E62,Male,23,Frequent Traveller,Sales,41,1,Marketing ,Sales Representative,26508,Yes,01-05-2020,Yes,1,0,0,0,30-05-2020,3,4,4,1,1,4,4,3
F662-DEA5,Male,38,Some Travel,Technology,18,2,Information Systems,Data Scientist,89362,No,01-03-2013,No,9,3,9,7,30-05-2020,4,4,1,1,2,4,3,2
76ED-1CF5,Male,47,Some Travel,Technology,12,4,Information Systems,Software Engineer,105126,No,21-11-2014,No,8,0,7,1,30-05-2020,4,3,3,2,2,2,4,3
2FAE-9278,Male,24,Some Travel,Technology,23,5,Computer Science,Senior Software Engineer,92798,Yes,23-05-2016,No,6,4,4,1,30-05-2020,5,5,3,3,2,5,4,4
FC47-1953,Female,25,Frequent Traveller,Technology,15,4,Other,Data Scientist,31931,No,21-04-2016,No,6,1,1,3,30-05-2020,3,3,4,3,1,5,4,3
B3AF-7E58,Female,45,Some Travel,Human Resources,34,2,Human Resources,Recruiter,54132,Yes,20-01-2012,No,10,10,10,10,31-05-2020,4,2,2,2,3,4,3,3
64BA-99F0,Female,43,Some Travel,Technology,14,3,Computer Science,Engineering Manager,309141,No,19-10-2013,No,9,6,6,9,31-05-2020,4,3,4,1,1,4,4,3
8663-3E02,Male,37,Frequent Traveller,Technology,7,4,Information Systems,Analytics Manager,276322,No,26-11-2013,No,9,0,9,1,31-05-2020,3,3,5,3,0,2,4,4
F523-1135,Male,29,Frequent Traveller,Technology,17,2,Computer Science,Machine Learning Engineer,129703,No,25-04-2013,No,9,6,6,3,31-05-2020,3,4,3,2,1,5,3,2
5C87-D7BB,Female,25,Frequent Traveller,Technology,5,4,Computer Science,Software Engineer,67151,Yes,22-04-2017,No,5,4,5,4,31-05-2020,3,4,4,2,1,4,3,2
EC6A-DD76,Female,20,Frequent Traveller,Technology,31,3,Information Systems,Data Scientist,37361,No,13-09-2021,Yes,0,0,0,0,10-10-2014,4,5,5,1,1,2,4,3
3A2C-ABB8,Male,25,Some Travel,Technology,5,3,Computer Science,Software Engineer,28646,No,02-07-2015,No,7,6,6,3,01-06-2020,4,5,5,1,2,2,5,4
0C7B-2EA6,Male,34,Frequent Traveller,Technology,25,2,Other,Data Scientist,39015,No,15-09-2013,No,9,5,6,4,02-06-2020,3,3,5,1,1,4,5,5
06E8-4FD4,Female,20,Some Travel,Sales,32,2,Marketing,Sales Representative,38532,Yes,03-12-2022,Yes,0,0,0,0,03-06-2020,5,3,2,3,1,4,3,3
9D7B-9B37,Female,28,Some Travel,Sales,8,3,Marketing,Sales Executive,194964,Yes,04-05-2012,No,10,2,2,8,04-06-2020,4,2,4,1,1,4,4,4
BBE1-D4A5,Male,24,Some Travel,Technology,12,3,Computer Science,Software Engineer,33202,No,30-12-2017,No,5,5,5,4,04-06-2020,5,4,2,3,1,3,3,2
8533-B8FA,Female,20,Frequent Traveller,Technology,32,3,Computer Science,Software Engineer,33488,No,24-05-2021,No,1,1,1,1,04-06-2020,4,5,2,1,1,3,5,4
DDBF-9C79,Female,26,Some Travel,Sales,10,4,Marketing,Sales Executive,93246,Yes,25-06-2021,Yes,1,0,0,0,05-06-2020,3,3,5,3,1,2,3,2
6CAD-47F0,Male,39,Some Travel,Technology,33,2,Information Systems,Machine Learning Engineer,99602,No,29-10-2013,No,9,5,8,4,05-06-2020,4,5,5,3,0,4,4,3
CD4D-7BBA,Male,43,Some Travel,Technology,38,4,Computer Science,Software Engineer,155786,Yes,29-07-2013,No,9,0,7,5,05-06-2020,5,4,2,2,1,5,3,3
D3F6-A313,Male,27,Some Travel,Technology,34,4,Computer Science,Software Engineer,50949,No,13-08-2015,No,7,6,7,3,06-06-2020,3,2,3,2,0,4,3,2
FAC0-942B,Male,32,Some Travel,Technology,30,4,Computer Science,Software Engineer,48377,Yes,21-12-2014,No,8,5,5,6,15-10-2014,5,2,5,1,1,2,5,5
2B70-5A31,Male,25,Some Travel,Technology,17,3,Computer Science,Software Engineer,44082,No,25-07-2017,No,5,1,3,0,06-06-2020,4,3,3,2,2,3,5,5
F60C-4888,Female,36,Frequent Traveller,Technology,6,4,Information Systems,Data Scientist,51050,Yes,05-08-2014,No,8,6,7,2,07-06-2020,3,5,5,1,1,4,5,5
0EA5-3A95,Female,25,Some Travel,Technology,22,3,Business Studies,Software Engineer,53271,No,19-11-2017,No,5,5,5,1,07-06-2020,4,4,5,2,0,5,3,2
B785-D8F8,Male,32,Some Travel,Technology,36,2,Computer Science,Software Engineer,78672,No,29-04-2012,No,10,6,9,5,08-06-2020,3,3,2,3,0,2,3,3
D584-4E31,Female,35,Some Travel,Human Resources,22,1,Economics,Recruiter,67264,No,22-02-2012,No,10,8,8,2,08-06-2020,4,4,2,2,3,4,5,4
8A40-C85A,Female,44,Some Travel,Technology,28,3,Information Systems,Software Engineer,53325,Yes,28-02-2012,No,10,4,8,4,09-06-2020,3,2,5,3,2,3,5,4
19C3-DAE4,Male,30,Some Travel,Technology,19,3,Information Systems,Data Scientist,53336,No,11-06-2014,No,8,3,3,7,09-06-2020,4,2,4,1,1,5,5,5
DC67-3B66,Male,25,Some Travel,Technology,33,3,Information Systems,Software Engineer,24417,No,26-02-2016,No,6,2,6,6,10-06-2020,5,4,5,2,1,4,3,3
E81C-A653,Female,27,Some Travel,Sales,34,2,Marketing ,Sales Executive,129366,No,17-11-2016,No,6,0,5,0,11-06-2020,5,2,5,2,1,2,4,4
DFDC-286C,Female,22,Some Travel,Technology,13,4,Information Systems,Machine Learning Engineer,64364,No,09-12-2021,Yes,0,0,0,0,12-06-2020,4,3,3,3,1,5,3,2
45FF-ACE6,Female,28,Some Travel,Sales,13,3,Marketing ,Sales Executive,207479,No,19-07-2020,Yes,1,0,0,0,18-10-2014,3,3,2,1,1,4,5,5
3E42-57C8,Male,23,Some Travel,Sales,12,3,Marketing,Sales Executive,84985,No,01-05-2020,Yes,1,0,0,0,13-06-2020,3,5,5,3,2,5,3,2
E9B9-3944,Male,42,Some Travel,Technology,5,1,Computer Science,Data Scientist,47461,No,05-05-2012,No,10,4,7,5,13-06-2020,4,2,4,3,1,4,3,3
A91B-7DC5,Female,42,Some Travel,Technology,43,4,Computer Science,Machine Learning Engineer,110069,No,26-12-2013,No,9,3,8,4,13-06-2020,5,2,5,2,0,4,4,3
B967-D6D3,Female,26,No Travel ,Technology,21,3,Computer Science,Data Scientist,26919,No,04-05-2016,No,6,0,5,3,13-06-2020,5,4,3,3,1,2,3,2
648E-FE5F,Male,25,Some Travel,Sales,11,3,Marketing ,Sales Executive,58914,No,11-07-2018,No,4,0,1,0,13-06-2020,5,5,5,3,1,2,5,4
5416-F925,Male,43,No Travel ,Technology,14,1,Computer Science,Data Scientist,76331,No,18-06-2014,No,8,2,4,3,14-06-2020,5,4,3,1,0,2,4,4
07C3-7429,Male,26,Some Travel,Technology,18,3,Information Systems,Machine Learning Engineer,54470,No,21-07-2016,No,6,0,6,3,14-06-2020,4,5,2,3,0,5,3,3
16B6-9C29,Female,26,Some Travel,Sales,18,2,Marketing ,Sales Executive,62868,No,09-10-2017,No,5,2,4,0,14-06-2020,3,3,4,3,0,4,4,4
D4BE-786C,Male,24,No Travel ,Sales,3,3,Economics,Sales Executive,128634,No,11-06-2018,No,4,4,4,4,14-06-2020,5,3,3,2,3,5,3,3
AB5F-244C,Male,36,Some Travel,Technology,7,4,Computer Science,Data Scientist,73643,No,14-04-2012,No,10,0,7,9,15-06-2020,5,5,2,3,1,4,3,3
AA19-95BD,Male,33,Some Travel,Sales,43,4,Marketing,Sales Executive,165988,Yes,08-05-2021,Yes,1,0,0,0,18-10-2014,5,4,3,3,0,3,3,2
4F64-A0E2,Non-Binary,48,Frequent Traveller,Sales,9,3,Economics,Sales Executive,288450,Yes,24-05-2014,No,8,2,6,4,15-06-2020,3,2,5,1,1,2,3,2
1E61-70EC,Male,46,Some Travel,Technology,11,4,Information Systems,Software Engineer,56608,Yes,31-03-2012,No,10,3,5,9,16-06-2020,3,4,4,2,1,2,3,3
549F-B3E7,Female,41,No Travel ,Sales,34,2,Marketing ,Sales Executive,109747,No,20-07-2013,No,9,8,9,5,16-06-2020,3,5,5,1,3,2,4,4
6FE3-2270,Non-Binary,31,Frequent Traveller,Sales,35,3,Marketing,Sales Executive,115982,No,03-04-2014,No,8,7,7,4,16-06-2020,5,3,4,3,2,5,5,5
22FF-9076,Female,27,Some Travel,Sales,36,3,Technical Degree,Sales Executive,173994,No,23-07-2016,No,6,1,5,6,16-06-2020,3,2,4,3,2,3,3,3
B8A5-07A1,Female,24,Some Travel,Technology,27,4,Other,Data Scientist,33554,No,21-05-2016,No,6,1,2,6,16-06-2020,3,5,3,1,0,2,5,4
C6F6-CDFE,Female,24,Some Travel,Sales,8,4,Marketing,Sales Representative,50513,No,04-08-2018,No,4,0,4,1,16-06-2020,5,5,2,1,1,2,4,4
005C-E0FB,Non-Binary,24,Frequent Traveller,Sales,17,4,Marketing ,Sales Executive,56155,No,26-08-2017,No,5,2,2,0,17-06-2020,3,3,2,1,2,2,4,3
00A3-2445,Male,30,Some Travel,Technology,6,2,Computer Science,Machine Learning Engineer,126238,No,08-03-2012,No,10,3,6,6,18-06-2020,5,4,2,3,0,2,3,2
F4D2-F6F2,Female,47,Some Travel,Technology,8,3,Computer Science,Engineering Manager,287710,No,05-01-2014,No,8,8,8,5,18-06-2020,4,2,5,2,1,3,3,3
7269-88EC,Female,28,Frequent Traveller,Technology,31,1,Other,Senior Software Engineer,176282,Yes,23-04-2019,Yes,2,0,1,0,19-10-2014,4,2,2,2,0,3,5,5
1C6C-3B67,Non-Binary,41,Frequent Traveller,Technology,7,3,Computer Science,Software Engineer,96632,No,31-12-2014,No,8,2,8,0,18-06-2020,3,2,2,3,1,5,3,3
BDC5-51CF,Female,25,Frequent Traveller,Sales,3,4,Other,Sales Executive,56163,Yes,26-11-2018,Yes,0,0,0,0,20-06-2020,4,5,3,2,1,3,4,4
5468-EEE1,Male,28,No Travel ,Technology,44,2,Computer Science,Senior Software Engineer,218406,No,17-02-2012,No,10,10,10,10,20-06-2020,3,3,3,2,1,5,3,2
2E72-4BF1,Male,44,Some Travel,Sales,21,3,Marketing,Manager,426142,No,07-02-2012,No,10,4,5,4,21-06-2020,4,2,5,1,0,2,3,3
2937-EB65,Male,24,Some Travel,Sales,16,3,Marketing,Sales Executive,116132,No,20-08-2018,No,4,1,4,1,21-06-2020,3,4,4,1,0,4,3,2
3EB2-9111,Male,48,Some Travel,Technology,26,4,Information Systems,Data Scientist,35749,No,17-05-2012,No,10,7,7,8,22-06-2020,3,2,5,1,1,5,5,5
8822-B9C5,Female,41,Some Travel,Technology,9,3,Computer Science,Machine Learning Engineer,197592,Yes,24-03-2012,No,10,5,10,0,22-06-2020,3,5,3,1,3,4,3,2
5544-4583,Female,41,Some Travel,Sales,42,3,Technical Degree,Sales Executive,142853,No,27-05-2014,No,8,7,8,7,22-06-2020,4,4,2,1,1,5,5,5
9CE9-B0D5,Male,33,Some Travel,Technology,31,1,Information Systems,Data Scientist,60754,No,15-06-2014,No,8,7,8,1,22-06-2020,5,3,5,3,0,4,3,2
9AAD-D3C1,Female,45,Some Travel,Sales,43,2,Other,Sales Executive,106610,Yes,03-05-2012,No,10,0,7,5,23-06-2020,2,1,1,1,0,1,4,4
7378-5351,Female,35,Some Travel,Technology,43,1,Business Studies,Engineering Manager,243863,Yes,04-02-2014,No,8,1,6,6,26-10-2014,3,2,3,3,1,5,5,5
95CB-4E31,Male,28,No Travel ,Technology,4,3,Business Studies,Software Engineer,57837,No,30-06-2015,No,7,3,3,6,23-06-2020,1,2,2,3,0,2,5,5
9BE8-2C44,Male,25,Frequent Traveller,Sales,42,3,Marketing ,Sales Executive,72758,No,12-01-2018,No,4,3,3,3,23-06-2020,1,2,4,1,2,4,3,3
AA67-CB22,Male,26,Some Travel,Technology,4,4,Computer Science,Senior Software Engineer,167509,No,19-05-2015,No,7,6,6,0,24-06-2020,2,3,4,1,1,1,5,4
6542-3E93,Male,25,No Travel ,Technology,44,4,Information Systems,Machine Learning Engineer,57765,No,25-10-2018,No,4,1,3,2,24-06-2020,3,4,4,1,1,2,3,3
4CCA-B1E6,Male,43,Some Travel,Sales,39,2,Marketing,Sales Executive,176705,No,05-05-2012,No,10,5,7,7,25-06-2020,2,2,3,2,0,4,4,4
E8F5-C47D,Female,30,Some Travel,Human Resources,19,3,Human Resources,HR Executive,97153,No,25-03-2012,No,10,5,6,9,25-06-2020,3,2,2,2,1,1,5,5
8026-658D,Male,36,Some Travel,Technology,28,3,Information Systems,Machine Learning Engineer,174019,Yes,07-03-2013,No,9,8,9,1,25-06-2020,5,5,2,3,0,5,5,5
F5CC-33FA,Male,25,Some Travel,Sales,30,4,Marketing,Sales Executive,106738,No,02-04-2016,No,6,4,5,2,25-06-2020,3,5,4,1,0,4,5,5
35D2-818A,Female,26,Frequent Traveller,Technology,16,4,Other,Software Engineer,62602,Yes,24-11-2017,No,5,2,3,2,26-06-2020,5,3,2,2,2,4,3,3
C0C7-A3EF,Male,48,No Travel ,Sales,9,5,Economics,Sales Executive,125587,No,12-02-2012,No,10,10,10,4,27-06-2020,3,3,4,1,0,2,3,3
9C7D-E1B1,Male,22,Some Travel,Technology,26,3,Information Systems,Machine Learning Engineer,62509,No,23-10-2019,Yes,1,0,0,0,27-10-2014,5,5,5,1,0,3,3,3
C385-CDBE,Female,36,Some Travel,Technology,41,3,Computer Science,Machine Learning Engineer,218940,Yes,14-05-2012,No,10,6,8,5,27-06-2020,4,5,3,3,0,5,4,3
2B7A-9C73,Non-Binary,45,Frequent Traveller,Technology,17,4,Computer Science,Machine Learning Engineer,123619,Yes,01-05-2013,No,9,7,9,2,28-06-2020,3,5,3,2,0,3,3,3
E46A-3676,Male,28,Some Travel,Sales,32,4,Marketing,Sales Executive,128222,No,07-11-2015,No,7,6,7,1,28-06-2020,3,4,2,2,0,2,5,5
ABDA-F749,Male,27,Some Travel,Technology,42,3,Other,Machine Learning Engineer,49343,No,16-06-2016,No,6,3,3,0,28-06-2020,4,4,3,1,1,2,4,4
6A0D-9C4D,Male,34,Frequent Traveller,Technology,34,2,Information Systems,Machine Learning Engineer,265922,Yes,06-03-2014,No,8,3,3,5,29-06-2020,2,4,2,2,2,2,4,4
D676-4ECC,Female,44,Some Travel,Technology,13,3,Information Systems,Software Engineer,57296,No,29-11-2014,No,8,5,7,3,29-06-2020,3,3,2,2,2,3,5,5
74F3-DF3D,Female,25,Some Travel,Human Resources,22,2,Economics,HR Executive,49131,No,30-05-2015,No,7,2,6,2,29-06-2020,3,2,2,1,1,4,5,4
C026-3E38,Male,28,Some Travel,Technology,2,3,Computer Science,Machine Learning Engineer,220234,Yes,26-10-2015,No,7,5,7,1,29-06-2020,4,3,2,3,3,4,4,3
AF11-04C3,Female,27,Some Travel,Sales,19,4,Marketing,Manager,149813,No,30-08-2016,No,6,0,1,1,29-06-2020,4,2,2,2,2,2,4,4
4C88-27A1,Female,21,Some Travel,Technology,38,1,Information Systems,Senior Software Engineer,63049,Yes,01-03-2021,Yes,0,0,0,0,30-06-2020,1,4,3,1,1,1,4,4
8EE9-E86D,Male,46,Some Travel,Human Resources,45,3,Human Resources,Recruiter,48740,Yes,20-05-2012,Yes,10,8,9,6,05-02-2013,3,2,4,2,1,4,3,2
8C57-8F84,Male,20,Frequent Traveller,Technology,45,2,Information Systems,Software Engineer,22773,Yes,14-04-2021,Yes,1,0,0,0,29-10-2014,4,5,4,2,2,4,4,3
5731-90E6,Non-Binary,35,No Travel ,Technology,27,3,Computer Science,Analytics Manager,542695,No,02-03-2012,No,10,5,5,1,30-06-2020,4,2,3,3,3,4,3,3
FBC2-C5FA,Male,44,Some Travel,Technology,4,3,Computer Science,Data Scientist,74172,No,26-11-2013,No,9,8,9,9,30-06-2020,5,2,3,2,1,3,5,4
5E9A-FE30,Female,30,Some Travel,Technology,38,4,Computer Science,Data Scientist,88609,Yes,24-11-2014,No,8,4,4,1,30-06-2020,5,2,4,2,1,5,4,4
E72B-64FA,Male,41,Some Travel,Technology,7,4,Information Systems,Engineering Manager,273211,No,20-10-2018,No,4,3,4,3,30-06-2020,5,2,2,2,1,3,5,5
3747-3110,Male,23,Some Travel,Technology,12,3,Computer Science,Software Engineer,35776,Yes,22-12-2017,No,5,0,3,4,01-07-2020,5,3,5,2,0,5,3,3
F9B6-C80B,Female,43,Some Travel,Technology,10,3,Computer Science,Software Engineer,43211,No,12-05-2012,No,10,2,6,9,02-07-2020,4,3,2,3,0,2,3,2
0AA2-881A,Male,25,Some Travel,Technology,28,4,Information Systems,Software Engineer,29126,No,18-07-2016,No,6,0,2,3,03-07-2020,5,3,5,3,1,2,5,4
A7F8-24EA,Male,24,Some Travel,Technology,35,3,Information Systems,Machine Learning Engineer,128126,Yes,04-04-2017,No,5,0,0,5,03-07-2020,4,4,5,3,1,4,4,3
2F85-AF81,Non-Binary,42,Some Travel,Technology,12,4,Business Studies,Senior Software Engineer,167089,No,24-05-2012,No,10,7,9,8,04-07-2020,5,3,5,2,1,4,4,3
5395-75A1,Male,26,Some Travel,Sales,41,4,Marketing ,Sales Executive,61238,No,11-04-2016,No,6,4,6,3,04-07-2020,3,2,4,1,2,5,4,3
3012-1A41,Female,30,Some Travel,Sales,27,5,Marketing,Sales Executive,102059,No,03-01-2012,No,10,4,9,7,31-10-2014,3,4,2,1,0,3,4,3
5919-4ADE,Female,24,Some Travel,Technology,11,3,Computer Science,Senior Software Engineer,65486,No,14-08-2018,No,4,4,4,0,04-07-2020,4,5,2,2,3,5,4,3
427A-8C69,Male,32,Some Travel,Technology,15,3,Other,Analytics Manager,393294,No,04-02-2012,No,10,2,2,2,05-07-2020,5,4,4,3,1,3,4,4
C389-FC34,Female,27,Some Travel,Technology,45,3,Business Studies,Software Engineer,28828,No,09-07-2016,No,6,1,6,4,05-07-2020,3,2,3,2,0,2,5,4
8B79-18F1,Female,20,Some Travel,Technology,39,4,Information Systems,Software Engineer,37436,Yes,14-03-2021,Yes,0,0,0,0,07-07-2020,3,4,5,3,1,2,4,3
AF58-5D1B,Female,36,Some Travel,Technology,35,2,Computer Science,Software Engineer,60585,No,05-02-2013,No,9,0,7,9,07-07-2020,5,5,3,2,1,2,3,2
0E79-8257,Male,25,Frequent Traveller,Technology,35,2,Information Systems,Data Scientist,28139,No,23-05-2016,No,6,1,1,5,07-07-2020,5,2,5,1,0,2,3,3
0FC8-561B,Male,29,Frequent Traveller,Technology,14,3,Computer Science,Senior Software Engineer,93591,No,22-02-2012,No,10,4,10,3,08-07-2020,4,2,2,2,0,3,3,3
7B98-EA6F,Male,44,Some Travel,Technology,23,3,Information Systems,Data Scientist,108623,No,13-05-2012,No,10,3,3,8,08-07-2020,4,3,4,2,3,3,5,5
380F-A08A,Female,32,Frequent Traveller,Sales,22,3,Marketing,Sales Executive,142488,No,22-11-2014,No,8,0,6,7,08-07-2020,5,2,2,1,0,4,5,5
58FA-C451,Non-Binary,48,Some Travel,Technology,26,1,Information Systems,Software Engineer,42008,No,24-03-2014,No,8,7,7,0,08-07-2020,4,4,3,1,0,4,3,2
6280-B47F,Male,25,Frequent Traveller,Technology,39,4,Computer Science,Software Engineer,26545,Yes,21-06-2022,Yes,0,0,0,0,01-11-2014,3,2,4,1,0,2,5,5
9A87-71F6,Non-Binary,40,Frequent Traveller,Technology,7,3,Computer Science,Software Engineer,95808,No,21-12-2014,No,8,8,8,2,08-07-2020,3,4,4,2,0,2,4,3
90EB-28D4,Female,24,Frequent Traveller,Sales,29,1,Economics,Sales Representative,26608,No,12-09-2017,No,5,0,3,1,08-07-2020,4,2,4,2,2,3,4,4
E268-61EB,Female,21,Some Travel,Technology,39,4,Computer Science,Software Engineer,54130,Yes,06-02-2019,Yes,2,1,1,2,09-07-2020,3,3,4,1,1,5,5,5
132B-F2B2,Female,35,Some Travel,Technology,36,4,Computer Science,Software Engineer,59086,Yes,04-03-2012,No,10,2,8,4,09-07-2020,5,5,5,2,0,4,3,3
A2B5-823F,Non-Binary,44,Some Travel,Technology,32,3,Computer Science,Machine Learning Engineer,257978,Yes,02-05-2013,No,9,2,4,1,09-07-2020,5,4,5,1,0,4,4,3
9BC9-1288,Female,27,Some Travel,Sales,4,1,Economics,Sales Executive,45046,Yes,03-04-2015,No,7,6,7,0,09-07-2020,4,2,2,1,3,3,4,3
BDE5-385A,Male,26,Some Travel,Technology,39,3,Information Systems,Software Engineer,60494,Yes,22-08-2015,No,7,7,7,7,09-07-2020,3,5,5,1,3,5,4,4
6345-2F33,Non-Binary,46,Some Travel,Technology,36,2,Computer Science,Machine Learning Engineer,102964,No,17-03-2012,No,10,10,10,2,10-07-2020,5,5,5,3,0,4,4,4
9900-1159,Female,28,Frequent Traveller,Sales,40,5,Marketing ,Sales Executive,215327,No,13-04-2014,No,8,1,6,8,10-07-2020,4,2,4,3,2,5,5,5
6AD1-5EE8,Female,24,Some Travel,Technology,12,3,Information Systems,Data Scientist,47183,No,04-10-2016,No,6,6,6,6,10-07-2020,5,2,3,2,0,3,3,2
86E9-319B,Male,24,No Travel ,Technology,21,3,Information Systems,Software Engineer,26451,No,23-09-2019,No,3,1,1,3,03-11-2014,5,3,3,3,1,2,3,2
DCD4-C785,Female,30,Some Travel,Sales,24,4,Marketing ,Sales Representative,38382,Yes,02-10-2014,No,8,7,8,0,11-07-2020,3,3,4,3,3,4,3,3
1A38-1D62,Female,24,Some Travel,Technology,21,3,Information Systems,Data Scientist,36862,Yes,29-03-2018,No,4,2,4,0,11-07-2020,4,5,2,3,2,4,4,3
8583-9174,Female,46,Frequent Traveller,Technology,16,2,Computer Science,Software Engineer,100717,Yes,30-01-2013,No,9,5,9,7,12-07-2020,5,3,2,1,0,2,3,3
29F6-C6CA,Female,35,Frequent Traveller,Sales,43,2,Economics,Sales Representative,46112,No,11-04-2014,No,8,6,7,2,12-07-2020,5,3,5,3,1,4,3,3
5293-AC5C,Male,44,Some Travel,Sales,27,3,Economics,Sales Executive,101906,No,15-03-2014,No,8,3,4,7,13-07-2020,5,3,5,2,0,2,3,3
F961-5A03,Female,27,No Travel ,Technology,12,1,Computer Science,Machine Learning Engineer,105398,No,31-07-2015,No,7,1,7,4,13-07-2020,4,3,2,3,2,3,3,2
1243-8B63,Male,26,Some Travel,Technology,17,4,Business Studies,Senior Software Engineer,110761,No,18-12-2017,No,5,0,5,3,13-07-2020,5,2,4,1,0,3,5,4
E324-1C33,Female,38,Some Travel,Sales,9,4,Economics,Sales Executive,114713,No,17-12-2013,No,9,0,0,1,14-07-2020,5,5,5,3,1,3,3,3
2A20-28CD,Female,38,Frequent Traveller,Technology,2,4,Computer Science,Data Scientist,58828,No,11-08-2014,No,8,7,8,0,14-07-2020,3,3,5,1,1,3,4,3
61E5-836E,Non-Binary,24,Some Travel,Technology,1,3,Business Studies,Software Engineer,35199,No,16-08-2018,No,4,0,0,1,14-07-2020,3,4,3,2,1,4,3,3
7FA1-BC64,Male,19,Some Travel,Technology,7,3,Information Systems,Software Engineer,30896,Yes,17-03-2021,Yes,1,0,0,0,04-11-2014,5,3,5,3,1,2,5,4
D906-B674,Female,42,No Travel ,Technology,45,3,Information Systems,Engineering Manager,259284,No,09-01-2012,No,10,2,6,6,16-07-2020,4,3,5,3,0,4,5,5
CCAB-4B80,Male,44,Some Travel,Technology,29,3,Information Systems,Analytics Manager,304520,Yes,20-03-2014,No,8,2,2,4,16-07-2020,3,5,5,3,0,5,3,2
DFA2-1B8F,Male,28,Some Travel,Sales,10,1,Marketing ,Sales Executive,83864,No,21-10-2015,No,7,7,7,5,16-07-2020,3,3,4,3,1,3,3,3
D8FC-E2F7,Female,22,Some Travel,Sales,10,3,Economics,Sales Representative,36980,Yes,01-12-2021,Yes,0,0,0,0,17-07-2020,4,3,3,2,2,4,5,5
F0C3-4859,Non-Binary,21,Some Travel,Technology,37,3,Information Systems,Software Engineer,41476,Yes,03-03-2020,Yes,0,0,0,0,17-07-2020,2,2,3,1,0,2,4,3
F4A3-2126,Male,24,Some Travel,Sales,16,2,Marketing,Sales Representative,29128,Yes,31-07-2019,Yes,0,0,0,0,17-07-2020,3,3,3,1,0,4,4,3
13FA-3559,Female,38,Some Travel,Sales,13,3,Marketing,Sales Executive,240248,Yes,14-12-2014,No,8,4,8,0,17-07-2020,4,3,2,1,3,2,4,3
D926-DED9,Male,40,Some Travel,Technology,39,2,Computer Science,Analytics Manager,409998,No,14-04-2014,No,8,3,6,3,17-07-2020,1,2,3,3,2,3,5,4
F83C-CA1D,Male,21,Some Travel,Technology,16,1,Information Systems,Software Engineer,22515,Yes,05-12-2019,Yes,1,0,0,0,18-07-2020,3,5,5,3,1,2,4,3
C0BE-FED0,Male,40,Some Travel,Sales,35,2,Marketing,Sales Representative,63455,Yes,26-01-2012,No,10,4,8,7,18-07-2020,3,5,2,1,1,4,4,3
EC6E-7F42,Male,42,Frequent Traveller,Technology,28,3,Computer Science,Senior Software Engineer,264513,No,08-07-2020,Yes,1,0,0,1,06-11-2014,3,4,5,2,0,3,5,5
307F-9BFA,Female,43,Some Travel,Technology,21,2,Computer Science,Software Engineer,94499,No,22-06-2013,No,9,0,1,7,18-07-2020,3,3,4,3,1,4,4,4
F8D4-3CAB,Non-Binary,23,Some Travel,Human Resources,45,3,Marketing ,HR Executive,99052,No,25-05-2018,No,4,3,4,2,18-07-2020,3,3,2,3,2,5,5,4
AA87-13D8,Female,32,Frequent Traveller,Technology,15,2,Information Systems,Data Scientist,44388,No,10-10-2013,No,9,8,9,8,19-07-2020,4,4,4,2,0,3,3,2
806F-B986,Female,24,Some Travel,Technology,26,2,Information Systems,Machine Learning Engineer,93490,Yes,24-11-2016,No,6,4,5,6,19-07-2020,3,2,5,2,1,5,3,2
AE33-DDE7,Male,25,Some Travel,Technology,26,3,Information Systems,Senior Software Engineer,85412,No,23-02-2016,No,6,0,5,6,19-07-2020,5,5,2,3,1,5,3,2
D5B3-425C,Male,26,Some Travel,Sales,7,3,Marketing ,Sales Representative,36101,No,30-06-2016,No,6,6,6,6,19-07-2020,5,2,2,1,0,2,3,2
95D8-5DC7,Male,48,Some Travel,Technology,19,5,Computer Science,Engineering Manager,241907,No,07-07-2014,No,8,3,3,0,20-07-2020,4,5,2,1,1,5,5,4
B5C6-F8D5,Prefer Not To Say,40,Some Travel,Technology,29,2,Business Studies,Analytics Manager,295688,No,05-08-2014,No,8,1,5,8,20-07-2020,4,4,5,3,0,2,3,3
4316-C080,Male,34,No Travel ,Technology,25,1,Computer Science,Senior Software Engineer,238630,No,05-08-2013,No,9,0,3,6,21-07-2020,5,2,5,2,2,5,3,3
6E64-8D30,Female,32,Some Travel,Sales,42,3,Marketing,Sales Executive,108213,No,10-03-2014,No,8,6,6,4,22-07-2020,4,3,2,3,1,2,4,3
FD95-9EEB,Male,30,Some Travel,Technology,19,4,Business Studies,Data Scientist,96187,Yes,19-11-2020,Yes,0,0,0,0,08-11-2014,4,5,5,3,1,4,4,3
F20A-F424,Female,27,Frequent Traveller,Technology,4,3,Other,Data Scientist,27550,No,09-02-2016,No,6,6,6,5,22-07-2020,5,3,2,1,1,5,3,3
4875-109B,Female,23,Some Travel,Sales,40,4,Marketing ,Sales Executive,52039,Yes,03-09-2018,No,4,1,1,0,22-07-2020,5,4,2,2,2,2,4,3
DEB9-1BBF,Female,30,Some Travel,Technology,32,4,Computer Science,Software Engineer,155259,No,10-11-2014,No,8,3,5,6,23-07-2020,3,2,5,3,3,3,3,2
B59D-CA4C,Male,28,Some Travel,Sales,45,2,Marketing,Sales Executive,110057,No,14-08-2015,No,7,5,5,4,23-07-2020,5,2,3,2,0,3,4,4
3653-D544,Female,25,Frequent Traveller,Sales,21,2,Technical Degree,Sales Executive,91332,No,03-01-2018,No,4,3,3,3,23-07-2020,5,5,4,2,3,2,3,3
E73A-F20A,Male,33,Frequent Traveller,Technology,30,2,Computer Science,Machine Learning Engineer,200350,No,22-10-2017,No,5,3,5,0,23-07-2020,4,4,2,3,0,3,5,5
9DB2-76B3,Male,41,Some Travel,Sales,17,3,Economics,Sales Executive,116966,No,04-03-2012,No,10,4,10,7,24-07-2020,3,2,5,3,1,2,4,4
D565-284D,Female,47,Frequent Traveller,Sales,21,3,Economics,Sales Executive,65626,No,27-01-2012,No,10,2,5,1,24-07-2020,4,3,2,3,0,2,5,5
205B-4D34,Male,41,Frequent Traveller,Human Resources,39,1,Human Resources,HR Executive,79990,No,29-06-2014,No,8,5,5,8,24-07-2020,3,3,4,3,0,2,4,3
4673-EBEC,Male,28,Some Travel,Sales,24,2,Marketing ,Sales Executive,78735,No,23-07-2015,No,7,0,2,4,24-07-2020,5,2,4,1,0,5,5,4
AFDF-3DA8,Male,41,Some Travel,Sales,35,1,Marketing,Manager,314961,No,23-05-2021,Yes,0,0,0,0,09-11-2014,5,4,2,2,1,3,5,5
D6BB-FEDF,Male,28,Frequent Traveller,Technology,40,5,Information Systems,Data Scientist,109172,Yes,19-11-2015,No,7,1,3,1,24-07-2020,4,4,3,2,3,5,5,5
C77A-2348,Male,26,Some Travel,Technology,15,1,Information Systems,Software Engineer,45085,No,17-03-2017,No,5,2,4,2,25-07-2020,4,2,3,1,1,3,4,3
7AA0-5766,Female,22,Frequent Traveller,Technology,28,4,Computer Science,Data Scientist,63571,No,28-12-2021,Yes,0,0,0,0,26-07-2020,3,3,4,1,1,3,3,3
6F50-08B6,Male,25,Frequent Traveller,Sales,25,1,Marketing ,Sales Executive,57030,No,20-03-2015,No,7,5,7,6,26-07-2020,4,2,2,3,0,5,5,4
F3A3-10CE,Male,40,Some Travel,Sales,37,4,Marketing,Sales Executive,226512,Yes,08-10-2020,Yes,2,1,1,1,27-07-2020,3,3,3,1,1,3,5,4
09D2-46BD,Female,26,Some Travel,Sales,42,3,Marketing,Sales Executive,92364,Yes,12-07-2016,No,6,4,5,6,27-07-2020,3,3,3,2,1,5,5,5
CBCB-9C9D,Male,38,Some Travel,Sales,23,4,Marketing,Sales Executive,157718,Yes,04-01-2012,No,10,6,10,0,29-07-2020,3,2,2,2,0,2,3,3
1217-CE30,Female,45,Some Travel,Sales,34,3,Marketing,Sales Executive,173037,No,26-03-2013,No,9,4,9,3,29-07-2020,5,5,3,1,1,4,3,3
9DB1-8C59,Male,44,Some Travel,Technology,5,3,Business Studies,Software Engineer,48994,No,09-05-2014,No,8,7,7,3,29-07-2020,5,2,4,2,0,4,3,3
AD8F-7539,Female,28,Some Travel,Sales,44,3,Economics,Sales Executive,304858,Yes,01-11-2015,No,7,5,7,2,29-07-2020,4,5,4,1,2,4,4,4
3E4A-F28F,Female,20,Some Travel,Technology,45,2,Information Systems,Senior Software Engineer,41877,No,02-11-2022,Yes,0,0,0,0,12-11-2014,3,2,2,3,1,3,4,4
D825-CC31,Female,25,Some Travel,Technology,5,3,Computer Science,Machine Learning Engineer,44082,No,24-05-2015,No,7,3,4,2,30-07-2020,5,3,3,1,0,2,3,3
7A8C-2DD3,Female,30,Some Travel,Sales,35,3,Other,Sales Executive,160352,No,18-10-2013,No,9,0,5,4,31-07-2020,4,2,4,3,0,4,3,2
5802-2A7E,Prefer Not To Say,27,Some Travel,Technology,37,3,Information Systems,Analytics Manager,130012,No,25-07-2016,No,6,6,6,0,31-07-2020,3,5,4,2,2,5,3,2
4C99-E626,Female,25,No Travel ,Technology,11,3,Computer Science,Data Scientist,96779,No,14-05-2018,No,4,0,0,3,31-07-2020,3,5,4,1,1,3,3,2
07AF-3631,Male,25,No Travel ,Sales,35,4,Marketing ,Sales Executive,149519,Yes,03-02-2016,No,6,2,4,3,01-08-2020,4,3,2,2,1,3,5,5
6EEF-5B17,Non-Binary,28,Some Travel,Technology,1,2,Business Studies,Engineering Manager,339731,No,14-07-2015,No,7,5,7,0,02-08-2020,3,4,5,1,0,3,5,4
CE90-763C,Female,27,Frequent Traveller,Technology,40,3,Information Systems,Data Scientist,31672,No,02-08-2015,No,7,1,3,6,02-08-2020,3,5,5,3,2,3,4,4
66BC-7AC0,Male,22,Frequent Traveller,Sales,33,3,Marketing,Sales Representative,33657,No,23-07-2018,Yes,3,0,2,0,03-08-2020,5,2,5,1,1,5,4,4
55D6-1423,Male,43,No Travel ,Technology,15,2,Other,Machine Learning Engineer,76826,No,14-04-2012,No,10,9,9,7,03-08-2020,5,4,3,3,1,2,3,2
ED73-F078,Female,45,Frequent Traveller,Technology,19,1,Computer Science,Software Engineer,136521,No,18-01-2012,No,10,3,6,1,03-08-2020,5,4,4,1,3,4,5,5
F578-F0C8,Female,21,Some Travel,Technology,6,5,Business Studies,Software Engineer,25149,No,03-11-2020,Yes,1,1,1,1,12-11-2014,5,2,5,3,0,4,4,3
AF77-0F6B,Female,36,Some Travel,Technology,21,4,Computer Science,Software Engineer,57327,No,24-04-2014,No,8,5,8,4,03-08-2020,5,4,4,2,2,5,4,3
7486-A1B6,Male,23,Some Travel,Technology,25,2,Information Systems,Data Scientist,50570,No,01-03-2017,No,5,2,3,2,03-08-2020,5,3,2,3,3,3,5,4
67D7-9785,Female,38,Frequent Traveller,Technology,6,3,Information Systems,Senior Software Engineer,126515,No,27-02-2013,No,9,7,9,4,05-08-2020,5,5,2,3,2,4,5,4
BFE7-5EA8,Non-Binary,41,Frequent Traveller,Sales,3,3,Marketing ,Sales Executive,248987,No,19-07-2013,No,9,5,9,5,05-08-2020,4,4,3,1,3,2,3,2
8EAF-4F79,Female,27,Frequent Traveller,Technology,20,3,Information Systems,Senior Software Engineer,167879,Yes,15-10-2016,No,6,6,6,3,05-08-2020,4,3,5,3,0,4,5,4
84AD-D566,Female,22,Some Travel,Technology,16,3,Business Studies,Software Engineer,30838,No,16-02-2018,No,4,4,4,0,06-08-2020,3,5,2,3,2,4,5,5
5B0E-31FB,Male,37,Some Travel,Technology,22,2,Information Systems,Software Engineer,45927,No,26-08-2013,No,9,5,6,6,08-08-2020,3,2,4,1,2,5,4,4
A1DB-6C34,Female,27,Some Travel,Technology,13,4,Computer Science,Machine Learning Engineer,77039,No,18-06-2015,No,7,3,6,0,08-08-2020,4,5,3,3,0,2,3,3
6925-864E,Female,25,No Travel ,Technology,30,2,Computer Science,Senior Software Engineer,43644,No,02-06-2017,No,5,3,3,5,08-08-2020,4,2,4,2,0,3,4,3
2B08-7D3D,Male,45,Some Travel,Sales,19,4,Marketing ,Sales Representative,47326,No,29-02-2012,No,10,10,10,10,09-08-2020,3,4,5,2,0,5,4,4
F3CD-9B5B,Male,29,Some Travel,Sales,12,2,Marketing ,Sales Representative,97794,No,30-05-2013,Yes,2,0,1,0,05-02-2013,5,4,3,3,1,2,3,3
C219-6C2E,Male,34,Some Travel,Sales,30,2,Marketing,Sales Executive,133468,No,05-01-2012,No,10,3,7,9,23-11-2014,5,5,2,2,2,2,4,4
2EF6-8D96,Female,24,Some Travel,Technology,12,4,Information Systems,Software Engineer,22965,No,12-06-2018,No,4,4,4,4,10-08-2020,5,5,5,1,0,3,3,2
5642-6F1E,Non-Binary,26,No Travel ,Sales,18,2,Economics,Sales Executive,65194,No,22-08-2017,No,5,3,4,5,10-08-2020,3,2,4,3,3,3,5,4
9825-45EF,Non-Binary,36,No Travel ,Sales,31,2,Economics,Sales Representative,56937,No,17-04-2013,No,9,5,8,2,11-08-2020,3,3,4,3,0,5,5,4
69EC-7B13,Female,27,Some Travel,Sales,1,2,Technical Degree,Sales Representative,62496,No,27-10-2015,No,7,6,6,1,11-08-2020,3,4,4,1,2,2,3,3
4294-03D1,Female,43,Some Travel,Sales,12,4,Marketing ,Manager,513262,No,30-06-2016,No,6,1,3,1,11-08-2020,5,5,4,3,1,2,3,2
040C-EDED,Male,22,Frequent Traveller,Technology,45,2,Computer Science,Software Engineer,26782,Yes,08-11-2019,Yes,3,0,2,0,12-08-2020,5,2,3,3,2,4,3,3
46ED-4007,Male,34,Frequent Traveller,Sales,40,3,Economics,Sales Executive,140097,No,27-09-2013,No,9,2,8,6,12-08-2020,3,4,4,1,0,5,4,4
9811-F345,Male,42,Some Travel,Technology,40,4,Computer Science,Data Scientist,142075,No,15-08-2013,No,9,9,9,4,12-08-2020,3,3,5,3,0,2,5,5
106F-F7C7,Female,25,Some Travel,Technology,13,1,Information Systems,Analytics Manager,168483,Yes,20-01-2018,No,4,2,3,1,12-08-2020,3,3,5,1,1,2,4,4
682D-8FD8,Female,25,Some Travel,Technology,37,2,Information Systems,Engineering Manager,188516,No,20-07-2018,No,4,1,3,1,12-08-2020,3,4,5,1,0,3,4,3
5B11-3DB3,Female,24,Some Travel,Sales,43,4,Economics,Sales Executive,144335,No,11-10-2018,Yes,0,0,0,0,26-11-2014,3,3,5,2,1,2,3,2
AFA8-5058,Male,20,Some Travel,Human Resources,8,4,Human Resources,Recruiter,26186,Yes,06-03-2020,Yes,2,0,0,0,13-08-2020,4,3,3,3,1,3,4,3
04D7-C8F3,Female,26,Some Travel,Technology,27,2,Computer Science,Data Scientist,42052,No,26-10-2015,No,7,7,7,2,13-08-2020,3,4,3,1,0,5,5,4
6B20-FFDF,Female,24,No Travel ,Sales,39,2,Marketing,Sales Executive,151986,Yes,09-07-2016,No,6,5,6,3,13-08-2020,5,3,5,2,0,4,5,4
9283-E971,Female,40,Frequent Traveller,Sales,30,4,Marketing ,Sales Executive,250555,Yes,19-03-2018,No,4,4,4,2,13-08-2020,3,2,2,1,1,2,4,4
D7C2-EAA5,Female,23,Frequent Traveller,Technology,16,4,Computer Science,Machine Learning Engineer,67558,No,31-03-2018,No,4,1,1,1,13-08-2020,5,4,2,1,0,3,5,5
FE0F-498F,Female,22,Some Travel,Technology,36,3,Other,Data Scientist,57686,No,23-05-2018,No,4,2,4,1,13-08-2020,4,5,5,3,0,4,3,3
6112-8476,Female,43,Some Travel,Technology,18,1,Computer Science,Software Engineer,49882,No,02-02-2014,No,8,3,8,2,14-08-2020,5,3,5,3,1,4,5,5
D13E-E661,Male,36,Some Travel,Sales,38,2,Marketing,Sales Executive,298558,Yes,12-04-2013,No,9,4,4,7,14-08-2020,4,5,5,3,3,3,3,3
B24C-18BF,Male,26,No Travel ,Sales,5,2,Marketing,Sales Executive,93170,No,10-01-2016,No,6,3,6,1,14-08-2020,3,5,2,3,0,3,4,4
2A89-93B6,Female,24,Some Travel,Technology,13,4,Computer Science,Data Scientist,30117,No,21-08-2018,Yes,3,1,1,2,15-08-2020,5,3,5,2,0,4,4,3
6A2B-42DB,Female,21,Frequent Traveller,Technology,41,2,Information Systems,Software Engineer,23612,Yes,28-09-2022,Yes,0,0,0,0,26-11-2014,3,4,2,1,0,2,4,3
41DC-E8B5,Male,47,Some Travel,Sales,17,3,Other,Sales Executive,106840,No,06-12-2014,No,8,3,4,8,15-08-2020,4,3,5,2,3,4,3,2
CA75-94D1,Male,41,Some Travel,Technology,16,2,Computer Science,Data Scientist,45989,No,17-06-2014,No,8,4,8,4,15-08-2020,3,2,5,3,0,4,4,3
6D3B-AD28,Female,25,Frequent Traveller,Sales,33,3,Marketing,Sales Executive,94810,No,18-01-2017,No,5,0,0,3,15-08-2020,4,4,3,1,1,2,4,4
AE51-5502,Male,23,Some Travel,Technology,19,4,Business Studies,Data Scientist,25986,No,08-02-2017,No,5,4,4,3,15-08-2020,4,4,5,2,1,4,3,3
37EE-004B,Female,22,Some Travel,Technology,29,3,Information Systems,Data Scientist,28790,No,09-01-2019,Yes,3,1,1,2,16-08-2020,3,2,4,2,0,5,4,3
52DD-757F,Female,48,No Travel ,Technology,40,2,Information Systems,Machine Learning Engineer,92884,No,30-05-2012,No,10,5,9,2,16-08-2020,3,3,5,1,0,4,4,3
81F1-950F,Female,25,Some Travel,Technology,26,4,Computer Science,Analytics Manager,174400,No,28-04-2018,No,4,0,2,4,16-08-2020,4,5,5,3,1,5,3,2
B76C-D9CE,Female,22,Some Travel,Human Resources,7,2,Economics,Recruiter,29322,Yes,31-01-2021,Yes,1,0,0,0,17-08-2020,5,4,5,3,2,3,5,5
DF11-9C46,Female,32,Some Travel,Technology,2,2,Computer Science,Software Engineer,152314,Yes,30-03-2013,No,9,4,6,0,17-08-2020,4,3,3,3,1,3,4,3
CDC1-C7CA,Female,25,Frequent Traveller,Sales,6,3,Marketing,Sales Executive,102569,No,12-09-2015,No,7,1,2,5,17-08-2020,4,2,3,1,0,2,3,3
BD70-7DAE,Male,22,Frequent Traveller,Technology,2,3,Business Studies,Software Engineer,37014,Yes,23-10-2020,Yes,1,0,1,0,04-12-2014,4,3,4,1,2,3,4,3
D75C-3E43,Male,25,Some Travel,Technology,24,4,Other,Engineering Manager,204154,Yes,21-12-2017,No,5,2,3,0,17-08-2020,3,3,3,3,1,2,3,2
79C5-FE9D,Non-Binary,28,Some Travel,Technology,5,3,Information Systems,Machine Learning Engineer,140377,Yes,02-06-2015,No,7,2,7,5,18-08-2020,3,3,4,2,1,5,4,4
C7C8-43D9,Female,27,Some Travel,Technology,25,4,Information Systems,Data Scientist,24571,No,17-04-2016,No,6,5,5,6,19-08-2020,3,2,4,2,1,3,5,4
F877-3BF9,Non-Binary,21,Frequent Traveller,Technology,29,4,Information Systems,Software Engineer,61345,No,07-08-2020,Yes,1,0,0,0,20-08-2020,4,3,3,2,1,3,3,3
2962-039F,Female,47,Some Travel,Technology,5,5,Information Systems,Data Scientist,133616,Yes,06-04-2012,No,10,9,9,0,20-08-2020,5,2,5,3,2,2,4,4
60B5-48ED,Male,30,Frequent Traveller,Sales,25,2,Marketing,Sales Executive,135919,No,08-11-2013,No,9,6,6,0,20-08-2020,5,3,2,3,3,3,3,2
7A5A-CC91,Female,23,Some Travel,Sales,12,4,Marketing,Sales Executive,45024,No,17-10-2018,No,4,0,1,0,20-08-2020,4,5,3,3,1,2,4,4
267F-F71D,Female,27,Some Travel,Technology,40,4,Information Systems,Senior Software Engineer,112728,No,18-02-2015,No,7,5,6,4,21-08-2020,4,5,5,1,1,3,4,4
16FB-8835,Female,46,Frequent Traveller,Technology,24,3,Computer Science,Engineering Manager,514945,Yes,05-02-2013,No,9,4,7,7,22-08-2020,4,2,3,3,0,5,3,3
0AE7-DDE2,Male,23,Some Travel,Technology,8,2,Information Systems,Machine Learning Engineer,46850,No,20-10-2018,No,4,3,4,2,22-08-2020,5,3,5,2,1,5,4,3
DDAC-D5FD,Male,22,Frequent Traveller,Technology,4,3,Information Systems,Data Scientist,21854,No,18-06-2021,Yes,0,0,0,0,04-12-2014,3,5,4,3,1,3,3,2
3EAA-95E5,Non-Binary,40,Some Travel,Technology,40,4,Computer Science,Machine Learning Engineer,265523,No,20-07-2018,No,4,1,3,1,22-08-2020,3,5,3,3,2,4,3,3
17AE-E715,Male,31,Frequent Traveller,Technology,38,1,Computer Science,Analytics Manager,547204,Yes,28-09-2014,No,8,7,8,5,23-08-2020,4,4,3,1,2,5,5,5
1D87-3372,Prefer Not To Say,34,Some Travel,Technology,18,3,Computer Science,Engineering Manager,323488,No,01-02-2017,No,5,0,1,1,23-08-2020,3,2,3,1,0,5,3,2
D186-CBF5,Female,19,Some Travel,Sales,21,3,Marketing,Sales Representative,33454,Yes,19-05-2022,Yes,0,0,0,0,24-08-2020,3,2,5,2,0,4,4,4
42F5-707F,Male,23,Some Travel,Technology,44,3,Information Systems,Senior Software Engineer,81034,Yes,25-03-2018,No,4,1,1,0,24-08-2020,3,2,4,1,0,5,3,3
65A0-5D04,Female,28,Frequent Traveller,Technology,20,1,Computer Science,Data Scientist,62016,No,02-06-2015,No,7,6,6,4,25-08-2020,5,2,4,1,1,4,5,4
473C-EA4E,Male,26,Some Travel,Technology,28,5,Computer Science,Engineering Manager,246505,No,04-09-2017,No,5,1,3,2,25-08-2020,5,3,2,3,1,2,3,2
4FD5-CC71,Female,22,Some Travel,Technology,31,4,Information Systems,Software Engineer,75738,Yes,23-02-2019,Yes,3,1,2,0,26-08-2020,3,5,4,3,0,4,5,4
AEEC-804D,Female,23,No Travel ,Technology,24,4,Computer Science,Senior Software Engineer,69325,No,04-07-2018,No,4,3,4,4,27-08-2020,4,5,5,1,0,4,4,3
993B-186B,Male,27,Some Travel,Sales,7,3,Marketing,Sales Executive,73918,No,21-10-2015,No,7,3,4,1,28-08-2020,4,5,5,3,0,2,3,2
3D71-8DC2,Male,38,Some Travel,Sales,20,4,Marketing ,Sales Executive,147098,No,11-01-2012,No,10,5,8,2,06-12-2014,4,5,5,1,3,4,4,3
15B3-F392,Female,39,Some Travel,Sales,37,3,Economics,Sales Representative,65612,No,23-02-2014,No,8,2,8,7,29-08-2020,5,2,4,2,1,5,4,3
E616-CAD8,Female,27,Some Travel,Technology,1,3,Information Systems,Engineering Manager,200409,No,17-09-2015,No,7,5,6,1,30-08-2020,5,4,5,3,1,4,5,5
C27A-1115,Male,25,Frequent Traveller,Technology,20,4,Computer Science,Machine Learning Engineer,96514,No,04-02-2018,No,4,4,4,0,30-08-2020,5,4,5,3,1,3,5,5
134B-4157,Male,37,Some Travel,Technology,29,3,Computer Science,Analytics Manager,513608,No,03-09-2013,No,9,4,7,3,31-08-2020,3,3,4,1,0,5,5,5
BD97-F94D,Male,26,Some Travel,Technology,8,2,Information Systems,Software Engineer,50614,No,25-12-2015,No,7,7,7,2,31-08-2020,3,2,4,3,0,3,4,3
2DD1-FD7F,Male,22,Some Travel,Technology,3,3,Computer Science,Data Scientist,34753,Yes,18-07-2018,Yes,1,0,0,0,01-09-2020,3,5,5,3,0,2,5,4
C730-6B13,Female,32,Some Travel,Technology,20,4,Computer Science,Data Scientist,85884,No,31-10-2013,No,9,9,9,5,01-09-2020,4,4,2,2,0,4,3,3
11C2-2B5B,Female,26,Frequent Traveller,Technology,14,3,Computer Science,Machine Learning Engineer,92778,No,09-11-2016,No,6,6,6,1,01-09-2020,5,3,2,3,0,4,3,2
D6A7-EF72,Female,40,Some Travel,Human Resources,7,4,Technical Degree,Recruiter,70703,No,04-12-2013,No,9,0,9,7,02-09-2020,4,5,4,2,1,3,5,4
2ED2-2CEC,Male,44,Frequent Traveller,Technology,18,3,Computer Science,Senior Software Engineer,102708,Yes,03-11-2014,No,8,3,4,7,02-09-2020,3,3,2,1,0,5,5,4
598D-E3B4,Male,19,No Travel ,Technology,9,3,Information Systems,Software Engineer,29798,Yes,19-03-2022,Yes,0,0,0,0,09-12-2014,4,4,2,2,2,4,3,3
2546-1312,Male,25,Frequent Traveller,Technology,20,3,Information Systems,Data Scientist,61054,No,24-06-2017,No,5,0,1,0,02-09-2020,4,4,5,3,3,2,3,3
6E61-A2BA,Non-Binary,24,Some Travel,Sales,41,2,Marketing ,Sales Executive,111750,No,10-06-2016,No,6,4,6,2,02-09-2020,5,3,3,1,1,4,3,2
9075-A294,Male,27,No Travel ,Sales,17,4,Marketing,Sales Executive,71832,No,23-05-2016,No,6,6,6,1,02-09-2020,3,3,4,3,1,2,3,2
39A2-9B0A,Female,19,Frequent Traveller,Sales,35,4,Marketing ,Sales Representative,24959,No,25-10-2022,Yes,0,0,0,0,03-09-2020,5,3,5,2,0,3,4,4
F5C3-07B0,Female,26,Some Travel,Technology,16,3,Computer Science,Software Engineer,25110,No,03-09-2015,No,7,1,5,0,03-09-2020,3,4,5,1,1,4,3,2
7845-EF8F,Male,27,Some Travel,Technology,6,3,Information Systems,Engineering Manager,292500,No,25-09-2016,No,6,5,6,2,03-09-2020,5,2,5,3,2,5,3,2
71CC-7412,Prefer Not To Say,25,Some Travel,Technology,4,2,Computer Science,Engineering Manager,179602,No,01-03-2015,No,7,6,6,6,04-09-2020,4,2,5,3,0,2,5,4
B09D-DFEC,Male,47,Some Travel,Technology,37,1,Information Systems,Data Scientist,62999,No,06-04-2013,No,9,2,3,7,05-09-2020,4,3,2,3,2,5,5,5
D014-7DB2,Female,20,Some Travel,Sales,16,3,Marketing ,Sales Representative,35754,No,24-08-2020,Yes,0,0,0,0,07-09-2020,4,5,2,1,2,2,3,3
07F1-62C3,Male,27,Frequent Traveller,Technology,9,4,Computer Science,Software Engineer,39001,Yes,03-03-2015,No,7,7,7,4,07-09-2020,4,3,4,3,1,5,4,3
B98B-4689,Non-Binary,22,Frequent Traveller,Sales,28,4,Marketing ,Sales Executive,39845,No,13-01-2019,Yes,1,0,0,0,09-12-2014,5,3,2,3,2,3,4,3
0DC1-7EE4,Female,25,No Travel ,Technology,28,4,Other,Senior Software Engineer,68762,Yes,23-09-2017,No,5,3,5,4,07-09-2020,3,3,3,1,0,3,4,4
A409-26AC,Non-Binary,25,Frequent Traveller,Technology,34,1,Computer Science,Engineering Manager,170803,No,20-04-2018,No,4,2,2,3,07-09-2020,5,4,3,1,1,3,5,4
9F02-0D39,Female,27,Some Travel,Technology,9,2,Computer Science,Analytics Manager,252301,No,30-05-2015,No,7,1,6,5,08-09-2020,3,3,2,3,1,3,4,4
0AF4-EC15,Female,24,Some Travel,Sales,33,3,Marketing ,Sales Executive,91915,No,23-07-2018,No,4,0,4,4,08-09-2020,5,3,4,2,2,5,3,2
1D35-190A,Female,35,Some Travel,Human Resources,18,4,Marketing ,HR Executive,132563,Yes,22-09-2013,No,9,1,6,9,10-09-2020,4,3,2,2,2,5,5,4
B268-1642,Female,26,No Travel ,Sales,8,2,Technical Degree,Sales Executive,61686,Yes,14-03-2017,No,5,0,0,1,10-09-2020,3,2,2,3,1,3,4,4
4404-DE5A,Female,32,Some Travel,Technology,39,1,Computer Science,Software Engineer,68256,No,10-05-2012,No,10,7,9,6,11-09-2020,5,5,2,2,0,4,4,4
8F78-4A32,Male,25,No Travel ,Technology,12,3,Information Systems,Data Scientist,31962,No,14-03-2015,No,7,2,7,4,11-09-2020,3,3,2,1,2,3,5,4
BB09-BF7F,Female,27,Some Travel,Sales,45,2,Economics,Sales Executive,57102,No,29-11-2015,No,7,6,6,4,11-09-2020,3,4,3,3,0,3,3,3
503B-AACE,Female,25,Some Travel,Technology,10,3,Information Systems,Data Scientist,23198,No,26-07-2018,No,4,0,3,0,11-09-2020,5,4,4,1,0,2,4,4
63BF-A86A,Female,39,Frequent Traveller,Human Resources,16,3,Human Resources,HR Executive,201564,Yes,12-10-2022,Yes,0,0,0,0,10-12-2014,3,3,2,2,3,3,3,2
5A78-0F17,Male,26,Some Travel,Sales,39,3,Marketing ,Sales Executive,104176,No,03-11-2017,No,5,2,3,3,12-09-2020,5,4,3,1,0,3,3,2
F7B0-E6B2,Male,24,Frequent Traveller,Technology,15,2,Computer Science,Data Scientist,63078,No,17-07-2017,No,5,5,5,2,12-09-2020,5,3,2,2,1,4,3,2
6135-885F,Female,18,Frequent Traveller,Technology,8,3,Computer Science,Software Engineer,31894,Yes,31-08-2022,Yes,0,0,0,0,13-09-2020,4,2,4,2,1,4,4,4
411F-6325,Male,27,Frequent Traveller,Technology,45,2,Information Systems,Data Scientist,34579,No,17-06-2016,No,6,4,4,4,13-09-2020,5,5,3,3,0,2,3,2
1E61-B76A,Female,24,Some Travel,Technology,26,2,Other,Data Scientist,39048,No,05-04-2016,No,6,1,4,1,14-09-2020,4,5,2,1,1,3,3,3
8369-ED26,Prefer Not To Say,25,No Travel ,Technology,19,2,Information Systems,Machine Learning Engineer,83894,No,30-06-2018,No,4,2,2,3,14-09-2020,3,2,5,3,1,4,3,2
D29C-A21F,Male,25,Frequent Traveller,Technology,23,3,Information Systems,Software Engineer,22525,No,31-08-2017,No,5,3,4,5,14-09-2020,5,3,4,3,1,5,3,2
3F19-FC5A,Male,35,Some Travel,Sales,29,5,Marketing,Sales Executive,182764,Yes,10-03-2012,No,10,7,9,9,15-09-2020,4,2,5,3,3,4,4,3
A71E-A9DC,Female,31,Frequent Traveller,Sales,21,3,Marketing,Sales Executive,253719,No,12-02-2013,No,9,2,4,3,15-09-2020,4,5,4,2,0,2,5,5
3E50-011E,Female,24,No Travel ,Technology,29,4,Information Systems,Machine Learning Engineer,158330,Yes,18-08-2017,No,5,1,3,0,17-09-2020,3,4,3,3,1,5,3,2
E6D9-ADEE,Female,20,No Travel ,Technology,45,2,Computer Science,Software Engineer,28262,No,29-08-2020,Yes,1,0,0,0,14-12-2014,5,3,5,2,3,5,3,3
5741-0022,Female,25,Some Travel,Technology,43,1,Computer Science,Engineering Manager,190198,No,18-05-2015,No,7,0,2,3,18-09-2020,3,5,5,3,0,4,5,5
CECC-60FF,Female,27,Some Travel,Technology,16,1,Information Systems,Software Engineer,54379,No,04-10-2016,No,6,1,2,2,18-09-2020,3,3,3,1,0,3,3,3
2FC8-999D,Female,27,Some Travel,Technology,30,2,Information Systems,Analytics Manager,240633,No,22-01-2015,No,7,1,6,7,19-09-2020,5,3,2,2,1,3,3,2
CD7F-377F,Male,25,Frequent Traveller,Sales,25,3,Marketing ,Sales Executive,46283,No,24-08-2016,No,6,5,6,1,19-09-2020,4,3,4,2,2,5,3,2
3476-CA56,Female,24,Some Travel,Sales,16,3,Economics,Sales Representative,25102,No,05-06-2019,Yes,1,0,0,0,20-09-2020,4,5,5,1,0,3,5,4
80BE-E2B5,Female,29,Some Travel,Technology,29,3,Computer Science,Senior Software Engineer,110744,No,02-03-2014,No,8,8,8,1,20-09-2020,3,2,4,2,2,5,4,4
07F5-A45D,Male,24,Frequent Traveller,Sales,23,2,Economics,Sales Representative,38448,Yes,09-08-2018,Yes,4,3,3,2,21-09-2020,3,2,4,1,0,4,3,3
E430-E462,Male,28,Some Travel,Technology,38,3,Information Systems,Senior Software Engineer,194982,No,25-05-2015,No,7,2,7,2,22-09-2020,5,2,5,2,2,4,3,3
46D6-CA7A,Male,27,Frequent Traveller,Technology,16,4,Information Systems,Senior Software Engineer,75275,No,19-01-2016,No,6,4,5,5,22-09-2020,3,3,2,1,0,2,4,3
EA37-AE5E,Female,23,Some Travel,Sales,5,3,Marketing ,Sales Executive,69678,No,04-04-2018,No,4,0,0,2,22-09-2020,5,5,2,3,1,4,3,2
151D-1FF2,Female,34,Frequent Traveller,Sales,15,2,Marketing ,Sales Executive,173246,Yes,20-02-2012,Yes,9,4,7,7,06-02-2013,4,5,4,2,3,2,4,4
39FC-7149,Female,27,Some Travel,Technology,1,3,Computer Science,Software Engineer,31450,No,10-01-2015,No,7,3,5,7,14-12-2014,3,2,5,2,1,2,4,3
E7D3-03C9,Male,42,Some Travel,Sales,26,4,Marketing,Sales Executive,91179,No,30-05-2012,No,10,7,9,0,23-09-2020,5,5,2,2,1,2,3,2
1DC4-97CF,Female,25,Some Travel,Sales,28,4,Marketing,Sales Executive,167051,No,24-04-2018,No,4,3,4,1,23-09-2020,5,4,4,2,2,5,4,3
994A-5F84,Male,25,Some Travel,Sales,44,1,Technical Degree,Sales Representative,37461,No,23-04-2018,No,4,3,4,3,23-09-2020,5,2,2,3,1,4,3,3
DF7E-3233,Male,47,Some Travel,Sales,23,3,Marketing,Sales Representative,44646,No,02-12-2014,No,8,5,5,4,24-09-2020,3,4,3,1,2,4,5,5
DBF5-E57D,Male,25,Some Travel,Technology,25,3,Other,Analytics Manager,303446,No,11-05-2018,No,4,0,3,0,24-09-2020,5,4,5,2,0,2,5,4
7F61-2397,Non-Binary,41,No Travel ,Technology,26,4,Computer Science,Analytics Manager,283081,Yes,03-09-2018,Yes,4,1,3,2,25-09-2020,3,2,5,2,0,3,5,4
EB81-3E51,Female,41,Some Travel,Technology,18,4,Information Systems,Senior Software Engineer,268964,No,01-07-2019,Yes,3,1,1,0,25-09-2020,3,3,2,2,3,2,5,5
C1B4-46B2,Male,27,No Travel ,Technology,21,4,Information Systems,Senior Software Engineer,73326,No,02-09-2015,No,7,0,5,0,25-09-2020,4,5,2,3,0,3,5,5
469A-8121,Male,30,Some Travel,Technology,36,4,Information Systems,Engineering Manager,328415,No,20-01-2012,No,10,1,10,1,26-09-2020,4,4,4,2,2,3,4,3
07F6-D61B,Female,23,Some Travel,Technology,5,3,Information Systems,Software Engineer,23995,No,27-04-2018,No,4,4,4,0,26-09-2020,3,3,3,2,0,5,5,5
E55E-9436,Male,41,No Travel ,Sales,34,3,Marketing ,Sales Executive,326896,Yes,03-02-2020,Yes,2,1,1,1,17-12-2014,5,4,5,3,2,5,5,5
1CB3-F7D7,Female,21,No Travel ,Sales,6,4,Other,Sales Executive,43259,No,03-11-2022,Yes,0,0,0,0,27-09-2020,4,4,3,2,2,2,3,3
9085-1FE8,Female,35,Some Travel,Technology,32,2,Business Studies,Data Scientist,119917,Yes,15-05-2012,No,10,5,7,4,27-09-2020,4,5,5,1,0,3,5,4
F890-975A,Female,48,Some Travel,Technology,35,2,Information Systems,Engineering Manager,314656,No,09-07-2013,No,9,7,8,3,27-09-2020,4,4,2,1,2,2,3,2
B990-35DA,Female,47,Some Travel,Technology,7,3,Information Systems,Data Scientist,116165,No,27-10-2013,No,9,0,7,8,28-09-2020,3,2,3,1,0,2,3,2
E62F-4FF7,Male,27,Some Travel,Technology,27,4,Information Systems,Machine Learning Engineer,92522,No,22-02-2015,No,7,4,5,2,28-09-2020,3,5,5,2,2,3,4,3
5C7B-86C0,Female,32,Some Travel,Technology,31,4,Business Studies,Senior Software Engineer,186169,No,26-07-2014,No,8,2,6,0,29-09-2020,3,5,2,3,0,4,4,4
130F-32AB,Female,20,Some Travel,Technology,6,1,Computer Science,Software Engineer,30714,Yes,05-06-2020,Yes,2,0,1,1,30-09-2020,3,2,4,1,1,5,5,4
B34E-95FF,Male,25,Some Travel,Sales,33,5,Marketing,Sales Executive,87347,Yes,09-11-2019,Yes,2,1,1,0,30-09-2020,5,5,2,1,1,3,4,4
87D2-8B67,Female,45,Some Travel,Technology,34,2,Information Systems,Machine Learning Engineer,152278,Yes,18-04-2012,No,10,8,8,2,30-09-2020,5,5,4,1,1,5,5,5
2C7D-F9F1,Male,30,Some Travel,Technology,45,2,Business Studies,Machine Learning Engineer,262409,No,20-12-2013,No,9,8,9,8,30-09-2020,5,4,3,2,3,4,5,4
DF94-FD29,Male,22,Frequent Traveller,Sales,4,4,Marketing,Sales Executive,75816,No,24-12-2020,Yes,1,0,0,0,18-12-2014,4,5,2,1,2,3,5,5
B102-5713,Non-Binary,27,Some Travel,Sales,31,5,Marketing ,Manager,205622,No,19-08-2015,No,7,5,5,3,30-09-2020,3,2,3,3,1,3,3,3
277A-A6FA,Female,35,Some Travel,Technology,8,4,Information Systems,Machine Learning Engineer,272175,No,12-01-2012,No,10,7,8,2,02-10-2020,4,4,4,2,1,2,3,3
825E-0B3A,Male,30,Some Travel,Technology,26,3,Information Systems,Machine Learning Engineer,94791,No,27-12-2013,No,9,9,9,0,03-10-2020,4,4,4,3,2,4,4,4
6C86-3DC0,Male,31,Some Travel,Technology,20,2,Computer Science,Senior Software Engineer,149482,Yes,22-08-2014,No,8,3,7,2,03-10-2020,5,4,3,1,1,5,3,2
D4D7-3C3F,Female,28,Some Travel,Technology,27,2,Information Systems,Machine Learning Engineer,117918,No,02-12-2014,No,8,3,8,7,03-10-2020,3,4,5,1,0,5,5,5
3DB7-2942,Female,27,Some Travel,Technology,3,2,Computer Science,Engineering Manager,137012,No,16-08-2015,No,7,6,7,7,03-10-2020,4,4,2,1,2,3,4,4
7D95-B5B1,Female,25,Some Travel,Technology,28,4,Computer Science,Senior Software Engineer,70737,No,06-07-2018,No,4,3,3,3,06-10-2020,5,5,4,2,0,3,4,4
022A-0219,Female,32,Frequent Traveller,Technology,14,3,Business Studies,Software Engineer,86639,No,21-05-2012,No,10,3,9,5,07-10-2020,4,3,5,3,1,4,5,4
817D-28CE,Female,22,Frequent Traveller,Technology,30,3,Computer Science,Data Scientist,40614,Yes,29-07-2020,Yes,0,0,0,0,08-10-2020,3,3,5,3,0,2,3,2
EC6A-DD76,Female,20,Frequent Traveller,Technology,31,3,Information Systems,Data Scientist,37361,No,13-09-2021,Yes,0,0,0,0,08-10-2020,3,3,5,3,1,3,5,5
AF5D-A8C8,Male,24,Some Travel,Sales,27,4,Marketing ,Sales Executive,86102,Yes,04-05-2021,Yes,0,0,0,0,20-12-2014,3,2,3,3,1,4,4,4
8365-EB74,Male,40,Frequent Traveller,Technology,14,2,Information Systems,Data Scientist,43854,No,19-08-2013,No,9,4,9,2,08-10-2020,4,2,5,2,3,3,3,2
F401-1B75,Non-Binary,27,Some Travel,Technology,5,2,Computer Science,Software Engineer,26542,No,05-10-2015,No,7,1,7,5,08-10-2020,4,3,5,2,0,2,4,3
45BA-6683,Male,23,Some Travel,Technology,1,1,Other,Data Scientist,47648,Yes,29-08-2017,No,5,2,4,5,08-10-2020,3,2,2,3,0,5,3,2
7589-66E3,Male,47,Frequent Traveller,Sales,42,3,Marketing,Sales Executive,232155,No,30-10-2014,No,8,7,7,3,09-10-2020,5,4,4,1,2,5,4,4
278C-D482,Female,26,No Travel ,Technology,20,3,Business Studies,Software Engineer,28751,No,15-06-2015,No,7,6,6,2,13-10-2020,3,2,4,2,1,5,4,3
63D2-F412,Female,25,Some Travel,Sales,3,1,Marketing,Sales Executive,58631,Yes,26-09-2017,No,5,4,4,3,13-10-2020,3,2,2,1,2,4,4,3
15D4-53C2,Prefer Not To Say,33,Some Travel,Sales,30,3,Economics,Sales Executive,90726,No,17-09-2014,No,8,0,5,1,14-10-2020,3,4,5,3,0,2,3,2
2250-86C5,Prefer Not To Say,41,Some Travel,Sales,33,1,Marketing ,Sales Executive,119592,Yes,06-05-2014,No,8,7,8,2,14-10-2020,5,5,5,1,2,4,5,4
5C48-9106,Male,37,Frequent Traveller,Technology,15,4,Computer Science,Data Scientist,53929,No,15-11-2014,No,8,7,7,5,14-10-2020,5,2,3,1,1,2,4,4
8DA7-0090,Non-Binary,41,Some Travel,Human Resources,11,2,Economics,HR Business Partner,445906,Yes,01-04-2015,No,7,1,5,4,14-10-2020,3,4,4,3,1,2,3,2
E681-7B57,Male,18,Frequent Traveller,Technology,26,2,Information Systems,Data Scientist,31532,No,22-05-2022,Yes,0,0,0,0,25-12-2014,3,4,3,2,2,2,3,2
30CB-BCD0,Female,38,Frequent Traveller,Technology,31,3,Computer Science,Data Scientist,90187,Yes,27-06-2014,No,8,4,5,2,15-10-2020,5,3,2,2,1,3,3,2
45FF-ACE6,Female,28,Some Travel,Sales,13,3,Marketing ,Sales Executive,207479,No,19-07-2020,Yes,1,0,0,0,16-10-2020,4,3,5,1,3,2,4,4
AA19-95BD,Male,33,Some Travel,Sales,43,4,Marketing,Sales Executive,165988,Yes,08-05-2021,Yes,1,0,0,0,16-10-2020,5,3,2,1,1,2,3,2
FEEC-A663,Non-Binary,27,Some Travel,Technology,1,1,Information Systems,Software Engineer,48442,No,17-04-2015,No,7,3,4,5,16-10-2020,5,5,4,2,0,3,4,4
05DA-5423,Female,26,Some Travel,Technology,16,2,Business Studies,Software Engineer,34630,No,30-07-2016,No,6,2,6,0,16-10-2020,3,4,3,3,0,4,3,2
75CF-67E0,Female,25,No Travel ,Technology,12,2,Information Systems,Data Scientist,28926,Yes,06-03-2018,No,4,1,3,4,16-10-2020,3,2,3,3,1,4,3,3
7269-88EC,Female,28,Frequent Traveller,Technology,31,1,Other,Senior Software Engineer,176282,Yes,23-04-2019,Yes,2,0,1,0,17-10-2020,3,2,4,3,0,2,3,2
BBB4-89C7,Non-Binary,25,Some Travel,Technology,19,3,Computer Science,Senior Software Engineer,90418,Yes,14-02-2018,No,4,4,4,4,17-10-2020,5,3,2,2,2,5,5,5
465A-91D1,Female,42,Some Travel,Sales,36,1,Marketing ,Sales Representative,43753,No,01-05-2013,No,9,0,1,1,18-10-2020,3,5,3,1,1,2,5,5
6F3E-2A75,Male,28,Frequent Traveller,Sales,4,4,Other,Sales Executive,110839,No,12-11-2013,No,9,8,8,4,19-10-2020,5,5,3,2,3,5,3,2
6C42-A719,Female,22,Some Travel,Technology,37,3,Computer Science,Data Scientist,30442,Yes,11-03-2020,Yes,0,0,0,0,26-12-2014,5,4,5,2,1,3,5,5
CD0F-DE05,Female,28,No Travel ,Technology,43,3,Computer Science,Software Engineer,50175,No,18-07-2013,No,9,9,9,3,19-10-2020,3,2,5,1,2,5,4,4
0B72-0EE6,Male,24,Some Travel,Technology,1,4,Computer Science,Senior Software Engineer,70849,No,03-09-2016,No,6,0,1,6,19-10-2020,3,3,3,3,2,5,3,3
1C6F-87AA,Non-Binary,26,Some Travel,Sales,5,3,Marketing,Sales Executive,107966,No,23-06-2016,No,6,6,6,6,19-10-2020,5,2,4,3,0,5,5,4
C292-EC0C,Non-Binary,26,Some Travel,Technology,8,2,Computer Science,Software Engineer,27219,No,16-08-2016,No,6,3,5,4,19-10-2020,4,3,4,2,1,4,4,4
851C-E7E2,Male,27,Some Travel,Technology,14,2,Information Systems,Machine Learning Engineer,120049,No,07-11-2015,No,7,1,6,1,20-10-2020,5,4,3,1,0,3,3,2
FC24-43F6,Female,26,Some Travel,Technology,33,3,Computer Science,Data Scientist,34805,No,21-10-2017,No,5,5,5,0,20-10-2020,4,3,2,2,0,5,5,5
21CB-EF3E,Female,36,Some Travel,Technology,4,3,Information Systems,Senior Software Engineer,208338,No,07-04-2012,No,10,10,10,1,21-10-2020,3,5,3,3,0,3,3,2
31FB-D496,Female,25,Some Travel,Technology,5,4,Other,Software Engineer,51454,No,17-04-2015,No,7,1,6,7,21-10-2020,4,4,3,2,1,3,4,3
4467-6B8F,Female,26,Frequent Traveller,Technology,28,4,Information Systems,Machine Learning Engineer,79324,Yes,29-09-2017,No,5,2,3,5,21-10-2020,4,4,4,3,1,2,4,3
A6AA-56AE,Female,19,Some Travel,Technology,18,3,Computer Science,Software Engineer,28346,No,07-06-2021,No,1,1,1,1,22-10-2020,3,3,2,2,1,3,3,3
4CA1-F139,Male,24,Frequent Traveller,Technology,34,2,Computer Science,Software Engineer,28484,Yes,01-05-2019,Yes,1,1,1,1,27-12-2014,5,5,4,2,1,5,3,2
A76C-AEB3,Male,25,Some Travel,Technology,10,3,Business Studies,Machine Learning Engineer,145905,Yes,07-06-2015,No,7,3,3,2,23-10-2020,3,5,3,2,2,3,5,4
DAE0-B44F,Female,24,Some Travel,Sales,4,3,Economics,Sales Executive,133274,No,23-06-2016,No,6,2,3,1,23-10-2020,3,2,2,1,2,3,4,3
2E9A-BD2E,Male,36,Some Travel,Sales,13,5,Marketing ,Manager,432191,No,27-09-2013,No,9,1,8,0,24-10-2020,3,2,5,2,0,5,3,3
7378-5351,Female,35,Some Travel,Technology,43,1,Business Studies,Engineering Manager,243863,Yes,04-02-2014,No,8,1,6,6,24-10-2020,4,4,3,3,0,3,4,3
CEE0-94C3,Male,42,Some Travel,Sales,12,1,Technical Degree,Sales Representative,70535,No,29-09-2013,No,9,3,8,5,24-10-2020,3,4,2,3,0,3,4,3
EFB8-ED99,Female,24,Some Travel,Sales,16,2,Marketing ,Sales Executive,43158,Yes,29-01-2017,No,5,0,5,5,24-10-2020,4,4,5,3,1,4,5,5
9C7D-E1B1,Male,22,Some Travel,Technology,26,3,Information Systems,Machine Learning Engineer,62509,No,23-10-2019,Yes,1,0,0,0,25-10-2020,5,3,5,3,1,5,4,4
D199-1896,Female,42,Some Travel,Sales,39,3,Economics,Sales Executive,206277,No,02-05-2012,No,10,6,10,1,25-10-2020,3,5,4,3,2,5,5,4
7F91-C628,Non-Binary,36,Frequent Traveller,Technology,14,1,Information Systems,Data Scientist,43358,No,07-05-2013,No,9,0,9,5,25-10-2020,5,2,4,2,3,5,4,3
B341-8D6A,Female,40,No Travel ,Technology,26,1,Business Studies,Software Engineer,48125,No,14-03-2014,No,8,5,8,2,25-10-2020,3,5,4,2,3,5,5,5
40BE-EEAF,Male,24,Frequent Traveller,Technology,45,3,Computer Science,Data Scientist,85422,Yes,28-03-2021,Yes,1,0,0,0,01-01-2015,4,4,2,2,0,3,3,3
B375-26A9,Female,24,No Travel ,Human Resources,5,3,Human Resources,HR Executive,41745,No,03-09-2018,No,4,2,4,0,25-10-2020,5,3,3,3,1,3,5,5
2698-A448,Male,43,Some Travel,Technology,40,3,Information Systems,Software Engineer,63511,No,31-12-2014,No,8,5,7,4,26-10-2020,5,5,4,1,1,2,3,2
D18F-8C48,Female,27,No Travel ,Technology,8,1,Information Systems,Engineering Manager,152322,No,17-04-2016,No,6,0,5,4,26-10-2020,5,4,4,2,1,2,5,5
8C57-8F84,Male,20,Frequent Traveller,Technology,45,2,Information Systems,Software Engineer,22773,Yes,14-04-2021,Yes,1,0,0,0,27-10-2020,5,4,4,2,2,4,3,3
425F-4D2D,Female,25,Some Travel,Sales,30,4,Marketing,Sales Executive,57742,Yes,10-05-2018,No,4,3,4,1,27-10-2020,4,3,5,2,2,5,3,2
9E22-6287,Non-Binary,48,Some Travel,Technology,37,3,Computer Science,Machine Learning Engineer,145337,No,21-01-2012,No,10,10,10,0,28-10-2020,3,2,4,2,0,4,4,4
8F7F-015D,Male,28,Some Travel,Technology,43,4,Information Systems,Engineering Manager,249071,No,24-08-2015,No,7,5,5,6,28-10-2020,4,2,2,3,2,5,4,3
65C9-0885,Male,25,Frequent Traveller,Technology,24,1,Computer Science,Senior Software Engineer,121373,No,21-03-2018,No,4,0,2,1,28-10-2020,5,2,4,3,1,5,4,3
3012-1A41,Female,30,Some Travel,Sales,27,5,Marketing,Sales Executive,102059,No,03-01-2012,No,10,4,9,7,29-10-2020,3,2,5,1,0,3,5,4
6280-B47F,Male,25,Frequent Traveller,Technology,39,4,Computer Science,Software Engineer,26545,Yes,21-06-2022,Yes,0,0,0,0,30-10-2020,4,4,3,3,1,2,3,3
79F3-8AA5,Female,47,Some Travel,Human Resources,21,3,Marketing ,HR Executive,98608,No,14-02-2012,No,10,5,10,4,01-01-2015,3,2,2,1,2,4,5,4
0868-097F,Non-Binary,33,Some Travel,Technology,26,3,Information Systems,Engineering Manager,267009,No,23-09-2013,No,9,0,1,7,30-10-2020,4,4,2,1,3,4,4,3
7B9D-8612,Female,32,Some Travel,Sales,9,2,Marketing ,Sales Executive,133865,Yes,12-03-2013,No,9,3,3,0,30-10-2020,4,4,3,1,0,4,4,4
D457-AB87,Male,24,Some Travel,Sales,29,3,Marketing,Sales Executive,105859,No,13-02-2017,No,5,5,5,3,30-10-2020,5,3,2,2,0,3,4,3
B1BC-0011,Female,23,Some Travel,Technology,37,2,Business Studies,Data Scientist,36098,No,01-01-2018,No,4,3,3,1,30-10-2020,3,5,3,1,3,5,4,3
C1C6-F683,Male,45,Frequent Traveller,Technology,6,4,Information Systems,Software Engineer,92613,Yes,23-11-2013,No,9,6,6,2,31-10-2020,5,3,4,3,1,3,4,3
D712-9E1C,Non-Binary,24,Some Travel,Sales,8,2,Economics,Sales Executive,85238,No,24-12-2017,No,5,0,4,1,31-10-2020,5,2,3,3,1,2,4,4
EBBD-37D4,Non-Binary,35,Some Travel,Sales,26,4,Marketing,Sales Executive,98435,No,23-04-2012,No,10,7,9,9,01-11-2020,5,4,2,2,2,2,4,4
0240-4D29,Non-Binary,35,Some Travel,Technology,31,4,Computer Science,Software Engineer,77269,No,13-09-2014,No,8,8,8,6,01-11-2020,3,5,5,2,1,4,5,4
7FA1-BC64,Male,19,Some Travel,Technology,7,3,Information Systems,Software Engineer,30896,Yes,17-03-2021,Yes,1,0,0,0,02-11-2020,5,5,3,1,0,3,3,2
D245-5D80,Male,26,Some Travel,Technology,10,4,Information Systems,Senior Software Engineer,148080,Yes,03-05-2015,No,7,7,7,1,02-11-2020,3,2,2,1,1,4,4,3
79F7-78EC,Non-Binary,27,Some Travel,Sales,37,4,Marketing ,Sales Executive,141998,Yes,14-12-2013,Yes,5,5,5,1,02-01-2015,4,3,4,3,1,2,4,3
DD78-E811,Female,38,Some Travel,Technology,25,2,Other,Data Scientist,60549,No,05-06-2013,No,9,5,6,6,03-11-2020,5,5,3,3,0,4,4,4
EC6E-7F42,Male,42,Frequent Traveller,Technology,28,3,Computer Science,Senior Software Engineer,264513,No,08-07-2020,Yes,1,0,0,1,04-11-2020,4,3,2,3,1,5,4,4
2407-5A4E,Male,40,Some Travel,Technology,22,1,Business Studies,Data Scientist,38849,No,06-06-2014,No,8,6,6,3,04-11-2020,4,3,2,1,0,3,3,3
1363-6BF9,Male,36,Some Travel,Technology,10,3,Business Studies,Senior Software Engineer,189405,No,23-05-2013,No,9,4,6,7,05-11-2020,4,2,2,1,0,2,4,4
1C24-233B,Non-Binary,40,Some Travel,Technology,30,4,Computer Science,Machine Learning Engineer,145328,No,09-12-2013,No,9,0,9,9,05-11-2020,5,5,3,2,3,5,4,3
67ED-A630,Male,29,Some Travel,Sales,38,4,Marketing,Sales Executive,102061,No,17-01-2013,No,9,5,9,5,05-11-2020,4,4,5,2,1,3,5,4
CC7A-EE97,Male,31,Some Travel,Technology,10,3,Computer Science,Senior Software Engineer,168087,No,24-06-2014,No,8,4,7,3,05-11-2020,3,3,4,1,1,5,5,4
41A7-9C19,Female,23,Some Travel,Sales,8,4,Economics,Sales Executive,78937,No,10-04-2018,No,4,0,3,0,05-11-2020,5,2,2,1,3,5,3,2
FD95-9EEB,Male,30,Some Travel,Technology,19,4,Business Studies,Data Scientist,96187,Yes,19-11-2020,Yes,0,0,0,0,06-11-2020,4,2,4,2,1,4,3,3
4C62-5BE8,Non-Binary,39,Frequent Traveller,Technology,4,1,Business Studies,Software Engineer,87879,Yes,25-05-2013,No,9,6,8,9,06-11-2020,4,4,2,3,2,5,5,5
5476-CA0D,Female,31,Frequent Traveller,Technology,4,2,Information Systems,Data Scientist,69747,No,12-01-2012,Yes,6,5,5,1,06-02-2013,5,3,5,3,2,3,5,5
B61E-0F26,Male,28,Frequent Traveller,Technology,3,3,Business Studies,Software Engineer,58993,Yes,07-11-2014,Yes,7,2,7,1,03-01-2015,5,3,3,3,0,4,5,4
B679-F7C9,Male,29,Some Travel,Technology,36,5,Business Studies,Software Engineer,113448,Yes,31-12-2015,No,7,0,4,1,06-11-2020,5,4,4,2,2,3,4,4
AFDF-3DA8,Male,41,Some Travel,Sales,35,1,Marketing,Manager,314961,No,23-05-2021,Yes,0,0,0,0,07-11-2020,3,2,5,1,1,2,4,3
3642-EEAE,Female,48,Some Travel,Technology,43,3,Information Systems,Data Scientist,56053,No,27-06-2014,No,8,6,8,4,07-11-2020,5,3,5,1,2,5,5,4
BAB4-3AC8,Female,25,No Travel ,Technology,24,4,Computer Science,Software Engineer,44146,No,08-01-2016,No,6,1,1,3,07-11-2020,3,4,4,2,2,4,4,3
AD1C-2AC5,Female,22,No Travel ,Technology,6,2,Information Systems,Data Scientist,38169,No,11-09-2018,No,4,4,4,4,07-11-2020,5,3,5,2,0,2,4,4
BFF3-AADC,Female,31,No Travel ,Human Resources,25,2,Marketing ,Recruiter,55682,No,25-01-2012,No,10,0,2,0,08-11-2020,3,2,5,3,1,4,5,5
AB4A-E71A,Male,43,Some Travel,Sales,3,3,Marketing,Manager,429939,Yes,05-09-2013,No,9,3,3,7,08-11-2020,4,1,1,3,0,1,3,2
D871-1F74,Female,32,Frequent Traveller,Technology,40,5,Computer Science,Data Scientist,60759,No,22-06-2014,No,8,0,6,3,08-11-2020,3,4,2,3,0,4,3,3
8DB6-5FC6,Female,21,No Travel ,Sales,25,3,Marketing,Sales Executive,69078,No,08-09-2019,No,3,3,3,3,08-11-2020,4,4,4,3,2,3,5,4
4FC2-A40D,Female,32,No Travel ,Technology,12,3,Computer Science,Engineering Manager,316725,No,02-02-2012,No,10,6,10,2,09-11-2020,2,4,4,3,0,2,5,5
F5E3-48BB,Female,25,Frequent Traveller,Human Resources,3,3,Human Resources,Recruiter,23547,No,13-01-2015,Yes,3,0,2,1,03-01-2015,5,3,4,3,0,3,4,3
3E4A-F28F,Female,20,Some Travel,Technology,45,2,Information Systems,Senior Software Engineer,41877,No,02-11-2022,Yes,0,0,0,0,10-11-2020,4,4,4,3,2,3,4,4
F578-F0C8,Female,21,Some Travel,Technology,6,5,Business Studies,Software Engineer,25149,No,03-11-2020,Yes,1,1,1,1,10-11-2020,4,4,2,1,1,4,4,3
2A04-49D1,Non-Binary,41,Some Travel,Technology,11,5,Information Systems,Engineering Manager,372980,No,22-08-2013,No,9,1,2,3,10-11-2020,4,2,5,1,0,3,4,4
F9E1-87E9,Female,33,No Travel ,Sales,41,2,Economics,Sales Executive,193190,Yes,22-04-2014,No,8,0,3,4,11-11-2020,5,5,4,1,1,4,4,4
EA3A-E005,Male,24,Some Travel,Technology,30,3,Business Studies,Software Engineer,26363,No,24-07-2016,No,6,6,6,2,11-11-2020,5,2,5,3,2,5,5,4
A696-1216,Female,36,Some Travel,Sales,37,3,Marketing ,Sales Executive,192475,No,20-07-2014,No,8,2,2,0,12-11-2020,3,5,2,1,0,3,4,4
9728-1A5B,Male,48,Some Travel,Sales,33,2,Marketing ,Sales Executive,191771,No,17-05-2012,No,10,0,10,4,13-11-2020,3,2,2,2,2,4,5,4
4565-62DE,Male,37,Some Travel,Technology,29,3,Computer Science,Machine Learning Engineer,155506,No,18-03-2014,No,8,8,8,8,14-11-2020,3,3,4,1,1,5,4,4
1D32-9620,Male,23,Some Travel,Human Resources,39,2,Human Resources,HR Executive,55805,No,29-10-2017,No,5,3,3,1,14-11-2020,3,3,4,1,1,5,3,2
FB6A-3F11,Female,22,Frequent Traveller,Technology,21,1,Information Systems,Data Scientist,34193,No,29-04-2018,No,4,2,4,3,14-11-2020,5,4,3,2,0,4,3,3
C2DD-9D37,Male,42,Some Travel,Sales,16,4,Marketing ,Sales Executive,106277,No,19-03-2012,No,10,0,5,5,03-01-2015,4,2,3,2,0,3,4,4
C395-8C36,Male,33,Some Travel,Human Resources,3,1,Technical Degree,Recruiter,53616,Yes,19-01-2012,No,10,2,3,7,16-11-2020,4,4,4,3,1,5,5,4
B063-A2B5,Male,41,Some Travel,Sales,11,1,Marketing,Sales Executive,81654,No,28-11-2014,No,8,3,4,7,16-11-2020,3,3,4,1,0,4,4,3
FB5B-C127,Female,25,Some Travel,Technology,42,3,Computer Science,Software Engineer,70068,No,29-12-2015,No,7,4,6,7,16-11-2020,4,3,2,2,1,5,4,4
C25C-C434,Female,35,Frequent Traveller,Technology,39,4,Computer Science,Software Engineer,71257,No,01-05-2012,No,10,1,6,10,17-11-2020,4,4,3,2,2,2,3,2
4DA0-81D7,Male,28,Some Travel,Human Resources,34,2,Marketing ,HR Executive,94534,No,11-05-2013,No,9,3,3,1,17-11-2020,4,5,3,2,2,3,4,3
7DD6-128C,Female,32,No Travel ,Sales,2,4,Marketing,Sales Executive,114246,No,26-07-2014,No,8,3,6,5,17-11-2020,5,4,2,3,1,3,4,4
0145-DBFC,Female,34,No Travel ,Technology,8,4,Information Systems,Data Scientist,104268,No,10-02-2014,No,8,7,7,7,18-11-2020,3,5,2,3,1,2,5,4
8292-6635,Male,26,Some Travel,Sales,14,4,Marketing ,Sales Executive,127450,No,11-07-2015,No,7,0,0,1,18-11-2020,4,5,3,3,1,2,4,3
8328-A764,Male,24,Some Travel,Technology,17,4,Other,Software Engineer,30720,No,09-09-2017,No,5,4,5,4,18-11-2020,4,2,3,1,1,4,4,3
085C-7FC2,Male,47,No Travel ,Sales,17,4,Other,Sales Executive,176158,No,13-04-2012,No,10,9,10,2,19-11-2020,5,3,5,2,0,5,4,3
0678-748A,Male,25,Some Travel,Sales,4,2,Economics,Sales Executive,57698,Yes,11-05-2015,Yes,6,5,6,2,04-01-2015,5,3,3,3,0,5,3,2
8078-6154,Female,26,Some Travel,Sales,29,1,Marketing,Manager,172070,No,09-04-2017,No,5,4,4,3,19-11-2020,4,5,2,2,0,4,5,4
CC88-AE14,Female,25,Some Travel,Technology,27,2,Computer Science,Machine Learning Engineer,84770,Yes,20-12-2016,No,6,0,5,0,19-11-2020,3,2,2,2,0,3,4,3
7FFD-C810,Female,32,Some Travel,Technology,22,2,Other,Data Scientist,75821,No,30-01-2012,No,10,1,5,1,20-11-2020,3,4,5,2,1,2,5,4
9360-3A68,Female,27,No Travel ,Technology,12,3,Information Systems,Data Scientist,41524,No,12-11-2015,No,7,6,6,6,20-11-2020,5,5,2,2,3,5,5,4
3D9E-FB05,Male,25,Some Travel,Sales,2,4,Economics,Sales Executive,75555,No,08-11-2016,No,6,5,6,4,20-11-2020,3,4,4,1,0,4,5,4
C219-6C2E,Male,34,Some Travel,Sales,30,2,Marketing,Sales Executive,133468,No,05-01-2012,No,10,3,7,9,21-11-2020,4,5,4,1,3,5,5,4
757F-78FE,Male,25,No Travel ,Technology,32,4,Information Systems,Machine Learning Engineer,52614,No,08-05-2016,No,6,4,5,1,21-11-2020,5,3,3,1,3,4,3,3
1749-81A2,Female,48,Some Travel,Technology,17,3,Information Systems,Software Engineer,65860,No,01-02-2012,No,10,6,7,1,22-11-2020,3,3,3,1,0,3,4,4
C22D-CE5F,Female,42,Frequent Traveller,Sales,37,3,Marketing ,Sales Executive,189256,No,10-07-2014,No,8,1,2,2,23-11-2020,3,3,5,3,3,3,5,5
E523-D168,Male,27,Some Travel,Sales,42,2,Technical Degree,Sales Executive,68638,Yes,10-03-2015,No,7,7,7,0,23-11-2020,4,4,4,3,2,2,4,3
541F-3E19,Female,27,Some Travel,Technology,30,1,Information Systems,Data Scientist,49374,Yes,02-04-2014,Yes,1,0,0,1,04-01-2015,5,3,4,3,1,5,4,4
5B11-3DB3,Female,24,Some Travel,Sales,43,4,Economics,Sales Executive,144335,No,11-10-2018,Yes,0,0,0,0,24-11-2020,3,2,5,3,0,4,4,3
6A2B-42DB,Female,21,Frequent Traveller,Technology,41,2,Information Systems,Software Engineer,23612,Yes,28-09-2022,Yes,0,0,0,0,24-11-2020,3,3,4,1,0,4,3,3
F838-C681,Male,32,Some Travel,Technology,22,4,Business Studies,Software Engineer,72688,No,06-05-2013,No,9,3,3,8,24-11-2020,5,3,5,2,1,2,4,4
6413-42F1,Female,27,Some Travel,Human Resources,24,2,Other,HR Executive,55206,No,13-07-2016,No,6,1,3,4,24-11-2020,4,3,4,1,2,3,4,4
3994-472A,Male,29,Some Travel,Technology,33,3,Computer Science,Software Engineer,153909,No,23-04-2012,No,10,10,10,2,25-11-2020,5,4,4,1,3,3,4,4
12B5-11CC,Female,30,Some Travel,Technology,8,3,Information Systems,Software Engineer,70771,No,08-03-2012,No,10,9,9,2,26-11-2020,5,3,2,1,3,2,4,4
4969-9A35,Non-Binary,39,Frequent Traveller,Technology,8,4,Information Systems,Software Engineer,137427,Yes,04-03-2012,No,10,9,10,8,27-11-2020,5,5,5,2,0,3,3,3
2BEA-43B2,Male,48,Some Travel,Technology,44,1,Computer Science,Software Engineer,103198,No,03-04-2013,No,9,7,9,2,27-11-2020,5,3,2,1,3,5,3,3
6A67-EC2C,Female,23,Some Travel,Sales,21,4,Marketing,Sales Executive,37626,No,04-02-2017,No,5,4,4,2,27-11-2020,2,3,4,2,0,4,3,3
C54B-DBC5,Female,33,Frequent Traveller,Sales,33,5,Marketing,Sales Executive,115114,No,12-11-2013,No,9,9,9,6,28-11-2020,4,1,3,2,3,1,4,4
F93E-BDEF,Male,43,Some Travel,Technology,17,4,Information Systems,Machine Learning Engineer,130848,Yes,09-02-2014,No,8,8,8,8,04-01-2015,3,2,4,2,0,2,4,3
B312-7192,Female,39,No Travel ,Sales,12,2,Marketing ,Sales Executive,89351,No,11-11-2014,No,8,2,2,0,28-11-2020,4,3,1,1,2,4,3,2
296A-A685,Female,27,No Travel ,Technology,34,2,Business Studies,Data Scientist,30783,No,03-02-2015,No,7,7,7,2,29-11-2020,4,3,2,1,1,3,5,4
9FE1-0345,Male,28,Some Travel,Technology,6,1,Information Systems,Data Scientist,87175,No,21-04-2012,No,10,6,10,7,30-11-2020,1,1,4,3,0,2,5,5
F265-79B0,Female,37,Frequent Traveller,Technology,14,4,Computer Science,Machine Learning Engineer,99936,No,01-05-2012,No,10,9,10,6,30-11-2020,3,2,3,1,2,3,5,5
4886-62DF,Female,48,Some Travel,Technology,45,3,Other,Senior Software Engineer,207456,No,18-10-2013,No,9,2,6,4,01-12-2020,4,3,3,1,1,4,3,2
6987-6124,Male,25,Frequent Traveller,Technology,21,4,Information Systems,Engineering Manager,182961,No,15-11-2016,No,6,3,5,1,01-12-2020,5,2,3,1,0,2,3,2
BD70-7DAE,Male,22,Frequent Traveller,Technology,2,3,Business Studies,Software Engineer,37014,Yes,23-10-2020,Yes,1,0,1,0,02-12-2020,5,4,5,1,0,4,3,3
DDAC-D5FD,Male,22,Frequent Traveller,Technology,4,3,Information Systems,Data Scientist,21854,No,18-06-2021,Yes,0,0,0,0,02-12-2020,3,4,2,2,0,4,3,3
ACB2-6640,Female,24,Some Travel,Sales,16,4,Marketing ,Sales Executive,75250,No,29-06-2018,No,4,0,0,0,02-12-2020,4,3,4,2,1,3,3,2
3D71-8DC2,Male,38,Some Travel,Sales,20,4,Marketing ,Sales Executive,147098,No,11-01-2012,No,10,5,8,2,04-12-2020,4,5,2,1,1,5,4,3
C0A1-EB7D,Female,36,Some Travel,Technology,32,3,Computer Science,Senior Software Engineer,111294,No,02-03-2012,No,10,8,8,10,05-01-2015,5,4,2,2,1,3,3,2
A923-9EF6,Female,41,Frequent Traveller,Technology,7,1,Business Studies,Machine Learning Engineer,107008,No,05-02-2012,No,10,9,10,9,04-12-2020,5,5,5,2,1,2,4,3
DFA9-990E,Male,43,No Travel ,Sales,34,4,Marketing ,Sales Executive,108315,No,17-01-2012,No,10,9,10,10,04-12-2020,5,3,3,1,0,4,3,3
D39D-4015,Female,30,Frequent Traveller,Technology,28,3,Information Systems,Software Engineer,46388,No,16-01-2014,No,8,6,6,3,04-12-2020,3,4,2,2,1,2,4,4
4A39-E8E6,Male,35,Some Travel,Technology,26,3,Information Systems,Engineering Manager,311475,No,15-04-2014,No,8,0,0,2,04-12-2020,3,5,3,1,0,3,3,3
1A82-AF2C,Female,40,Some Travel,Technology,38,2,Information Systems,Senior Software Engineer,380248,Yes,09-06-2021,No,1,0,1,1,04-12-2020,3,3,4,3,1,2,5,5
C6EC-FEB5,Female,38,Some Travel,Sales,1,1,Economics,Sales Executive,151141,No,19-01-2012,No,10,3,6,9,06-12-2020,5,3,2,3,1,5,3,2
1B4A-5D80,Female,26,Some Travel,Technology,37,4,Information Systems,Analytics Manager,107863,Yes,03-01-2016,No,6,3,6,0,06-12-2020,5,4,3,1,1,2,5,4
598D-E3B4,Male,19,No Travel ,Technology,9,3,Information Systems,Software Engineer,29798,Yes,19-03-2022,Yes,0,0,0,0,07-12-2020,5,3,2,1,1,4,4,4
B98B-4689,Non-Binary,22,Frequent Traveller,Sales,28,4,Marketing ,Sales Executive,39845,No,13-01-2019,Yes,1,0,0,0,07-12-2020,3,4,5,1,0,2,4,3
DBF0-2EA3,Female,27,Frequent Traveller,Technology,1,4,Computer Science,Senior Software Engineer,56302,Yes,04-08-2016,No,6,3,5,4,07-12-2020,4,4,5,1,0,5,5,5
2B5B-7A52,Female,23,Some Travel,Sales,35,3,Economics,Sales Executive,45518,Yes,12-12-2019,No,3,3,3,2,06-01-2015,3,5,5,3,3,5,3,3
63BF-A86A,Female,39,Frequent Traveller,Human Resources,16,3,Human Resources,HR Executive,201564,Yes,12-10-2022,Yes,0,0,0,0,08-12-2020,4,4,4,3,0,2,3,2
58C8-63FA,Male,38,Some Travel,Technology,40,4,Computer Science,Senior Software Engineer,126505,No,15-04-2012,No,10,1,5,8,08-12-2020,4,5,2,2,2,2,5,4
CF8D-7379,Prefer Not To Say,43,Some Travel,Technology,14,4,Information Systems,Engineering Manager,365504,Yes,04-11-2013,No,9,6,7,8,10-12-2020,4,5,2,2,1,2,3,3
939F-2461,Male,28,Some Travel,Technology,17,3,Information Systems,Senior Software Engineer,101210,No,03-01-2020,No,2,2,2,1,10-12-2020,3,2,4,3,1,2,3,3
533B-938D,Male,28,Some Travel,Sales,43,4,Marketing ,Sales Executive,157549,No,20-10-2015,No,7,0,0,3,11-12-2020,3,3,4,3,3,5,4,4
BEE2-8052,Female,26,Some Travel,Technology,45,3,Computer Science,Software Engineer,74096,No,19-09-2017,No,5,0,5,4,11-12-2020,5,2,2,2,1,2,5,4
E6D9-ADEE,Female,20,No Travel ,Technology,45,2,Computer Science,Software Engineer,28262,No,29-08-2020,Yes,1,0,0,0,12-12-2020,3,3,2,1,0,2,3,3
E5C1-B122,Female,36,No Travel ,Sales,33,4,Marketing,Sales Executive,116057,No,19-03-2012,No,10,2,10,2,12-12-2020,4,4,3,3,1,4,4,4
08FC-817E,Female,26,Some Travel,Technology,43,4,Computer Science,Software Engineer,30217,No,04-09-2015,No,7,2,4,0,14-12-2020,5,2,4,2,1,5,3,2
E55E-9436,Male,41,No Travel ,Sales,34,3,Marketing ,Sales Executive,326896,Yes,03-02-2020,Yes,2,1,1,1,15-12-2020,5,5,5,1,1,3,5,4
D5DA-363A,Male,33,Some Travel,Sales,41,2,Marketing,Sales Executive,71201,No,24-01-2012,No,10,8,10,4,07-01-2015,5,4,4,3,0,5,3,3
9CC0-FF43,Female,25,Some Travel,Technology,32,3,Information Systems,Software Engineer,35586,No,17-02-2017,No,5,4,5,0,15-12-2020,4,5,2,3,2,4,3,3
3A36-DA50,Female,24,Some Travel,Technology,26,3,Information Systems,Senior Software Engineer,80374,No,14-10-2017,No,5,4,4,4,15-12-2020,5,5,3,3,2,2,4,4
CAD7-01BE,Male,47,Some Travel,Sales,26,4,Marketing,Sales Executive,244765,Yes,04-07-2018,No,4,2,3,1,15-12-2020,4,4,5,3,0,5,4,3
DF94-FD29,Male,22,Frequent Traveller,Sales,4,4,Marketing,Sales Executive,75816,No,24-12-2020,Yes,1,0,0,0,16-12-2020,5,2,5,3,1,2,5,5
9C71-34AE,Non-Binary,40,Some Travel,Technology,44,2,Computer Science,Software Engineer,69119,No,15-02-2012,No,10,8,10,5,17-12-2020,5,4,3,3,1,3,4,4
8E5B-CBBF,Male,25,Some Travel,Sales,12,4,Marketing,Sales Executive,67814,No,28-03-2015,No,7,6,7,1,17-12-2020,5,2,5,2,0,5,4,4
C0B9-E4C1,Female,25,Some Travel,Technology,40,2,Computer Science,Machine Learning Engineer,80779,Yes,04-10-2017,No,5,1,4,5,17-12-2020,5,5,5,1,0,4,3,3
AF5D-A8C8,Male,24,Some Travel,Sales,27,4,Marketing ,Sales Executive,86102,Yes,04-05-2021,Yes,0,0,0,0,18-12-2020,4,5,5,3,1,2,5,5
DCFE-F601,Male,48,Some Travel,Technology,36,3,Information Systems,Senior Software Engineer,180561,No,01-06-2013,No,9,1,8,7,18-12-2020,4,2,5,1,1,4,4,3
776A-CDBC,Female,26,Some Travel,Sales,4,2,Economics,Sales Executive,82147,No,05-12-2016,No,6,2,4,3,18-12-2020,4,5,3,1,0,4,3,3
9E7A-1F70,Female,29,Some Travel,Sales,4,2,Marketing ,Sales Executive,129356,No,02-05-2012,Yes,5,1,1,2,08-01-2015,3,2,2,3,1,3,5,5
0CED-EE28,Female,48,Some Travel,Technology,25,1,Computer Science,Data Scientist,47464,No,06-03-2012,No,10,4,8,10,19-12-2020,4,5,3,1,0,5,3,2
5C61-8F3A,Female,34,Some Travel,Technology,5,1,Information Systems,Data Scientist,127432,Yes,06-02-2012,No,10,8,9,9,19-12-2020,4,5,5,1,1,2,3,2
13E5-8466,Female,47,Some Travel,Sales,14,4,Marketing ,Manager,410970,No,06-12-2014,No,8,2,5,8,19-12-2020,3,3,3,3,2,3,4,3
10CE-8403,Female,27,Some Travel,Technology,31,4,Computer Science,Senior Software Engineer,120225,No,08-11-2015,No,7,2,5,4,20-12-2020,5,5,4,2,1,2,5,4
A2FB-2D5D,Female,43,Some Travel,Technology,11,5,Information Systems,Analytics Manager,482510,No,17-03-2012,No,10,9,9,1,21-12-2020,3,5,3,3,1,3,4,4
F93D-CB5A,Female,40,Some Travel,Technology,26,3,Information Systems,Senior Software Engineer,120858,No,29-04-2012,No,10,9,9,8,21-12-2020,5,2,2,3,0,4,5,5
0697-ADC3,Male,38,No Travel ,Technology,4,3,Information Systems,Software Engineer,45942,Yes,30-01-2014,No,8,4,5,8,21-12-2020,5,4,5,1,1,2,3,3
A896-CDE2,Female,25,Some Travel,Technology,16,5,Information Systems,Software Engineer,28317,Yes,13-05-2015,No,7,4,6,5,21-12-2020,5,3,3,2,1,2,4,4
5E53-1897,Male,23,Some Travel,Technology,6,4,Other,Software Engineer,87483,Yes,06-03-2017,No,5,1,2,0,22-12-2020,5,5,4,3,0,4,4,4
E681-7B57,Male,18,Frequent Traveller,Technology,26,2,Information Systems,Data Scientist,31532,No,22-05-2022,Yes,0,0,0,0,23-12-2020,5,2,3,2,1,3,5,5
0D1B-DEC2,Non-Binary,24,Some Travel,Technology,23,3,Computer Science,Data Scientist,100586,No,23-04-2017,Yes,4,4,4,4,11-02-2013,4,5,3,1,3,3,5,4
05ED-92F1,Non-Binary,27,Frequent Traveller,Sales,41,3,Marketing,Sales Representative,28984,Yes,10-10-2016,Yes,3,1,1,0,10-01-2015,5,4,3,3,3,2,5,4
637B-DBAD,Male,44,Some Travel,Technology,31,2,Computer Science,Software Engineer,81297,Yes,14-12-2013,No,9,1,8,9,23-12-2020,5,3,4,1,0,3,4,3
D836-B375,Female,44,Some Travel,Technology,21,2,Computer Science,Software Engineer,91563,No,06-11-2013,No,9,9,9,8,23-12-2020,5,5,5,2,0,5,3,3
63E9-F74A,Male,25,Frequent Traveller,Technology,11,1,Business Studies,Machine Learning Engineer,67708,No,02-11-2015,No,7,7,7,0,23-12-2020,3,5,4,1,1,5,5,4
B492-D447,Male,28,Some Travel,Sales,3,2,Marketing ,Sales Executive,128719,No,21-07-2015,No,7,1,3,6,23-12-2020,4,5,4,3,0,5,3,2
1BAE-4DA1,Female,25,No Travel ,Technology,27,4,Business Studies,Software Engineer,28288,No,01-03-2017,No,5,5,5,0,23-12-2020,4,2,2,3,0,4,5,4
61CC-2C1D,Male,25,Some Travel,Technology,2,3,Computer Science,Engineering Manager,217544,No,25-04-2016,No,6,5,6,6,23-12-2020,3,4,3,1,2,2,4,4
A859-9A84,Male,23,Some Travel,Technology,26,2,Computer Science,Data Scientist,31426,No,12-09-2019,No,3,1,2,0,23-12-2020,3,4,3,1,3,4,4,3
6C42-A719,Female,22,Some Travel,Technology,37,3,Computer Science,Data Scientist,30442,Yes,11-03-2020,Yes,0,0,0,0,24-12-2020,4,3,5,3,0,2,3,2
A9EB-9E41,Female,30,Some Travel,Technology,30,1,Computer Science,Machine Learning Engineer,228438,No,30-04-2012,No,10,6,9,10,24-12-2020,4,3,3,2,0,2,4,4
ADA1-966E,Female,40,Some Travel,Technology,29,3,Computer Science,Engineering Manager,304343,Yes,27-10-2018,No,4,2,4,0,24-12-2020,4,3,5,1,0,5,3,3
F72D-261D,Male,28,Frequent Traveller,Technology,5,3,Information Systems,Data Scientist,76133,Yes,06-01-2014,Yes,1,0,1,0,10-01-2015,5,4,2,1,1,2,5,4
4CA1-F139,Male,24,Frequent Traveller,Technology,34,2,Computer Science,Software Engineer,28484,Yes,01-05-2019,Yes,1,1,1,1,25-12-2020,3,5,5,3,1,4,3,3
DCA7-D382,Male,22,Some Travel,Technology,8,1,Information Systems,Data Scientist,54371,No,06-08-2018,No,4,4,4,2,26-12-2020,3,3,3,3,1,5,5,5
1609-65E1,Female,33,Frequent Traveller,Technology,34,2,Computer Science,Machine Learning Engineer,91407,No,17-04-2013,No,9,9,9,4,27-12-2020,3,2,5,3,1,5,4,4
4D7E-BDA4,Male,34,Some Travel,Sales,19,3,Marketing ,Sales Representative,46740,No,06-03-2014,No,8,1,6,1,27-12-2020,4,5,2,1,2,5,4,4
2857-A950,Male,24,Some Travel,Sales,13,2,Economics,Sales Executive,64852,No,05-03-2017,No,5,1,5,2,27-12-2020,3,4,4,1,1,5,5,4
03EF-5904,Male,31,Some Travel,Technology,45,3,Other,Machine Learning Engineer,195261,No,09-09-2013,No,9,3,4,5,28-12-2020,3,5,4,1,0,3,4,3
74F2-5C55,Male,47,Some Travel,Technology,40,2,Computer Science,Data Scientist,108798,No,12-04-2012,No,10,0,4,7,29-12-2020,3,3,2,2,2,5,5,5
ACA9-5DC2,Female,46,Frequent Traveller,Sales,14,1,Economics,Sales Executive,205159,No,07-03-2012,No,10,1,9,6,29-12-2020,4,5,5,3,0,2,5,5
211E-BC82,Female,28,Frequent Traveller,Technology,6,1,Information Systems,Software Engineer,47148,No,09-11-2013,No,9,3,8,8,29-12-2020,4,2,4,1,0,2,3,3
E47D-E3C5,Male,26,Some Travel,Technology,14,1,Computer Science,Software Engineer,33180,Yes,10-11-2015,No,7,5,7,3,29-12-2020,3,5,2,2,0,2,4,3
774E-685D,Male,30,Some Travel,Sales,42,4,Marketing,Sales Executive,148862,Yes,03-11-2013,Yes,2,0,1,1,11-01-2015,3,3,2,1,1,3,3,3
097B-A688,Male,23,Some Travel,Technology,33,2,Information Systems,Data Scientist,26198,Yes,04-04-2017,No,5,4,4,0,29-12-2020,4,2,4,2,1,4,4,4
1A2D-52EC,Female,25,Some Travel,Technology,9,3,Information Systems,Software Engineer,39636,Yes,21-07-2016,No,6,0,5,1,29-12-2020,3,4,3,1,3,4,4,4
6CC9-81FC,Male,25,No Travel ,Technology,43,3,Computer Science,Data Scientist,33086,No,15-03-2018,No,4,4,4,2,29-12-2020,3,2,2,3,1,3,5,5
40BE-EEAF,Male,24,Frequent Traveller,Technology,45,3,Computer Science,Data Scientist,85422,Yes,28-03-2021,Yes,1,0,0,0,30-12-2020,5,5,5,3,1,3,4,4
79F3-8AA5,Female,47,Some Travel,Human Resources,21,3,Marketing ,HR Executive,98608,No,14-02-2012,No,10,5,10,4,30-12-2020,5,3,2,1,0,5,4,4
79F7-78EC,Non-Binary,27,Some Travel,Sales,37,4,Marketing ,Sales Executive,141998,Yes,14-12-2013,Yes,5,5,5,1,31-12-2020,3,3,3,3,1,5,5,4
41EC-F2AA,Female,26,Frequent Traveller,Technology,42,1,Computer Science,Data Scientist,56966,No,04-05-2015,No,7,4,5,2,31-12-2020,5,3,5,1,0,2,5,5
8462-E88A,Male,25,Some Travel,Human Resources,18,4,Marketing ,HR Business Partner,190466,No,26-03-2017,No,5,2,2,5,31-12-2020,5,4,2,3,2,4,5,4
B57F-B5CE,Male,26,Some Travel,Technology,23,5,Information Systems,Machine Learning Engineer,78934,No,24-10-2017,No,5,2,2,4,31-12-2020,3,2,2,3,2,4,3,3
24FA-A637,Non-Binary,22,Some Travel,Technology,10,4,Computer Science,Data Scientist,28953,No,01-08-2019,No,3,1,1,1,31-12-2020,3,5,3,2,2,2,3,2
9937-CDF7,Male,28,Some Travel,Sales,19,2,Marketing,Sales Representative,56122,Yes,31-03-2013,Yes,7,5,5,0,11-01-2015,4,4,5,2,0,2,4,3
B61E-0F26,Male,28,Frequent Traveller,Technology,3,3,Business Studies,Software Engineer,58993,Yes,07-11-2014,Yes,7,2,7,1,01-01-2021,5,5,4,2,3,5,4,4
F5E3-48BB,Female,25,Frequent Traveller,Human Resources,3,3,Human Resources,Recruiter,23547,No,13-01-2015,Yes,3,0,2,1,01-01-2021,3,4,4,1,3,2,3,3
C2DD-9D37,Male,42,Some Travel,Sales,16,4,Marketing ,Sales Executive,106277,No,19-03-2012,No,10,0,5,5,01-01-2021,4,5,4,2,2,5,5,5
DF71-97FB,Male,29,No Travel ,Technology,12,4,Computer Science,Data Scientist,62756,No,14-05-2014,No,8,3,5,8,01-01-2021,3,4,5,3,1,4,3,3
2637-BDCD,Male,21,Some Travel,Technology,35,3,Computer Science,Data Scientist,51682,No,15-06-2019,No,3,1,3,0,01-01-2021,5,2,5,2,0,5,4,4
0678-748A,Male,25,Some Travel,Sales,4,2,Economics,Sales Executive,57698,Yes,11-05-2015,Yes,6,5,6,2,02-01-2021,5,5,5,3,3,2,4,3
541F-3E19,Female,27,Some Travel,Technology,30,1,Information Systems,Data Scientist,49374,Yes,02-04-2014,Yes,1,0,0,1,02-01-2021,4,3,4,1,0,3,4,3
89A6-7EF1,Male,26,Some Travel,Human Resources,11,3,Other,HR Executive,70395,No,11-07-2016,No,6,5,6,2,02-01-2021,3,5,5,2,0,5,3,2
4C66-6E16,Male,33,Some Travel,Technology,4,4,Information Systems,Engineering Manager,335261,No,03-08-2017,No,5,5,5,0,02-01-2021,5,2,2,3,0,5,4,4
5609-8585,Male,24,No Travel ,Sales,2,4,Marketing ,Sales Executive,64277,No,15-10-2017,No,5,4,4,5,02-01-2021,4,3,2,3,0,4,4,3
CD59-7F94,Non-Binary,30,Some Travel,Sales,37,4,Economics,Sales Executive,341039,No,16-02-2014,No,8,2,4,1,11-01-2015,4,5,5,3,1,5,3,2
0C6D-2825,Male,21,Some Travel,Technology,30,3,Computer Science,Software Engineer,37164,Yes,06-03-2019,No,3,3,3,3,02-01-2021,4,4,5,2,2,2,5,4
C0A1-EB7D,Female,36,Some Travel,Technology,32,3,Computer Science,Senior Software Engineer,111294,No,02-03-2012,No,10,8,8,10,03-01-2021,4,2,3,3,1,2,5,4
1359-BEE3,Female,41,No Travel ,Technology,22,3,Computer Science,Data Scientist,52581,No,09-12-2013,No,9,8,8,7,04-01-2021,5,5,5,2,2,2,4,3
D5DA-363A,Male,33,Some Travel,Sales,41,2,Marketing,Sales Executive,71201,No,24-01-2012,No,10,8,10,4,05-01-2021,5,3,4,1,1,3,3,3
66D5-3142,Female,30,Frequent Traveller,Technology,7,3,Business Studies,Data Scientist,175692,No,16-12-2019,No,3,0,3,3,05-01-2021,3,3,3,1,1,3,4,4
9E7A-1F70,Female,29,Some Travel,Sales,4,2,Marketing ,Sales Executive,129356,No,02-05-2012,Yes,5,1,1,2,06-01-2021,4,2,5,3,2,4,5,5
58F5-C8FC,Female,37,Some Travel,Sales,19,3,Marketing ,Sales Executive,230381,No,19-12-2014,No,8,3,3,7,06-01-2021,4,5,4,1,1,2,3,3
3C78-06E7,Male,24,Some Travel,Technology,7,4,Information Systems,Software Engineer,85074,No,15-01-2018,No,4,1,2,4,06-01-2021,4,5,3,3,3,3,5,5
4C72-E72F,Female,24,Some Travel,Sales,43,2,Economics,Sales Executive,54841,Yes,31-05-2018,No,4,3,4,0,06-01-2021,3,5,5,1,0,2,3,2
C251-2A18,Non-Binary,26,Some Travel,Technology,28,4,Computer Science,Data Scientist,29791,No,07-08-2015,No,7,7,7,1,07-01-2021,5,2,3,2,0,5,3,2
8CC3-0C6A,Female,24,Frequent Traveller,Sales,9,1,Marketing ,Sales Executive,125759,No,21-11-2018,No,4,3,3,0,11-01-2015,4,3,2,2,0,2,5,5
79E4-6632,Male,23,Some Travel,Technology,45,2,Computer Science,Software Engineer,37322,No,28-03-2017,No,5,3,3,3,07-01-2021,3,3,3,1,2,3,3,2
4304-4B4E,Female,29,Some Travel,Sales,8,3,Marketing,Sales Executive,163950,No,30-04-2019,No,3,3,3,0,07-01-2021,4,3,3,1,0,4,5,5
05ED-92F1,Non-Binary,27,Frequent Traveller,Sales,41,3,Marketing,Sales Representative,28984,Yes,10-10-2016,Yes,3,1,1,0,08-01-2021,3,1,1,2,2,4,5,4
F72D-261D,Male,28,Frequent Traveller,Technology,5,3,Information Systems,Data Scientist,76133,Yes,06-01-2014,Yes,1,0,1,0,08-01-2021,4,2,1,2,1,2,3,3
38EB-ADBD,Male,48,Some Travel,Technology,20,3,Information Systems,Software Engineer,56546,No,01-11-2013,No,9,4,6,3,08-01-2021,4,2,1,2,0,2,5,4
D106-E487,Female,40,Some Travel,Sales,2,4,Technical Degree,Sales Executive,204005,No,10-06-2014,No,8,7,7,3,08-01-2021,1,2,1,1,1,3,5,5
7805-8A7C,Non-Binary,28,Some Travel,Technology,15,4,Computer Science,Engineering Manager,337046,No,08-07-2018,No,4,3,4,0,08-01-2021,3,5,5,2,0,3,3,2
FAB0-2FF2,Female,22,Some Travel,Technology,45,3,Information Systems,Senior Software Engineer,80975,No,15-09-2018,No,4,4,4,1,08-01-2021,5,5,5,1,1,3,5,4
8EF9-CECD,Male,23,Some Travel,Technology,35,3,Computer Science,Data Scientist,28704,No,28-08-2019,No,3,3,3,1,08-01-2021,3,5,4,1,0,5,3,2
774E-685D,Male,30,Some Travel,Sales,42,4,Marketing,Sales Executive,148862,Yes,03-11-2013,Yes,2,0,1,1,09-01-2021,3,4,5,2,1,4,5,4
7839-CA12,Female,23,Some Travel,Sales,16,3,Marketing,Sales Representative,23794,No,25-03-2017,Yes,1,0,0,0,12-01-2015,5,5,2,1,0,2,5,5
9937-CDF7,Male,28,Some Travel,Sales,19,2,Marketing,Sales Representative,56122,Yes,31-03-2013,Yes,7,5,5,0,09-01-2021,3,5,3,3,0,2,3,2
7839-CA12,Female,23,Some Travel,Sales,16,3,Marketing,Sales Representative,23794,No,25-03-2017,Yes,1,0,0,0,10-01-2021,3,5,4,3,1,3,3,3
EB66-D679,Male,20,Some Travel,Sales,8,3,Marketing ,Sales Representative,27060,Yes,04-01-2022,Yes,0,0,0,0,10-01-2021,5,3,2,2,0,4,5,4
9591-C955,Male,24,No Travel ,Technology,35,3,Information Systems,Software Engineer,65838,Yes,17-06-2018,No,4,2,2,2,10-01-2021,4,4,5,2,0,5,4,4
F58A-302D,Male,26,Some Travel,Sales,17,4,Economics,Manager,290774,No,05-11-2016,No,6,5,5,3,11-01-2021,4,5,5,2,2,4,3,3
12F7-BCBB,Female,48,Frequent Traveller,Sales,2,1,Technical Degree,Sales Representative,37124,No,06-12-2013,Yes,9,8,8,7,12-01-2021,4,3,4,3,0,2,3,2
D045-B6CA,Female,26,Some Travel,Technology,34,4,Information Systems,Software Engineer,71198,No,07-11-2017,Yes,5,0,0,1,12-01-2021,3,3,4,2,1,3,5,4
B340-5AD2,Non-Binary,37,Some Travel,Sales,30,3,Marketing,Sales Executive,61117,Yes,10-06-2014,No,8,2,5,0,12-01-2021,5,2,4,3,0,2,3,3
CDAC-40FE,Female,22,Some Travel,Technology,41,5,Information Systems,Machine Learning Engineer,75810,No,24-12-2018,No,4,2,4,3,12-01-2021,3,1,1,2,1,3,4,4
FF14-A43E,Male,47,Some Travel,Technology,41,1,Computer Science,Data Scientist,40786,No,01-02-2012,No,10,3,5,5,13-01-2021,1,3,2,2,1,2,3,3
EB66-D679,Male,20,Some Travel,Sales,8,3,Marketing ,Sales Representative,27060,Yes,04-01-2022,Yes,0,0,0,0,12-01-2015,4,4,4,1,1,2,4,4
3992-22AD,Female,25,Some Travel,Sales,4,3,Marketing,Sales Executive,48917,No,19-08-2017,No,5,2,4,3,13-01-2021,2,1,2,1,0,2,4,4
BD94-98E0,Male,21,Frequent Traveller,Technology,37,4,Other,Software Engineer,32679,No,14-05-2019,No,3,3,3,2,13-01-2021,2,3,1,1,2,2,5,5
02DA-7A72,Male,29,Frequent Traveller,Sales,42,3,Technical Degree,Sales Representative,78726,No,25-04-2012,Yes,6,0,1,1,14-01-2021,2,1,3,1,0,4,4,4
28EA-A010,Female,26,Some Travel,Sales,2,2,Marketing,Sales Executive,149390,Yes,15-08-2016,Yes,3,1,1,2,14-01-2021,3,1,3,2,1,3,4,4
CBB3-0D7E,Male,26,Some Travel,Sales,44,1,Technical Degree,Sales Representative,40638,Yes,11-01-2014,Yes,2,0,0,1,14-01-2021,3,3,4,2,1,5,3,2
C330-DAF4,Female,34,Some Travel,Sales,16,2,Economics,Sales Executive,100710,Yes,20-05-2012,No,10,10,10,2,14-01-2021,4,4,4,3,1,3,3,2
63B8-CCC0,Female,25,Some Travel,Technology,34,3,Information Systems,Data Scientist,37053,No,05-02-2016,No,6,5,5,0,14-01-2021,5,3,3,1,2,3,5,5
79D0-C935,Female,27,Some Travel,Technology,26,1,Information Systems,Software Engineer,37423,Yes,30-09-2016,No,6,4,4,2,14-01-2021,5,3,3,3,3,4,5,5
2796-828F,Male,22,No Travel ,Sales,17,3,Marketing ,Sales Executive,58270,No,02-02-2019,No,3,1,1,1,14-01-2021,5,2,2,1,0,4,4,3
B48C-47D0,Male,28,Frequent Traveller,Sales,28,3,Marketing ,Sales Representative,43939,No,29-07-2013,Yes,6,1,4,3,15-01-2021,3,5,5,1,0,4,5,4
12F7-BCBB,Female,48,Frequent Traveller,Sales,2,1,Technical Degree,Sales Representative,37124,No,06-12-2013,Yes,9,8,8,7,14-01-2015,4,5,3,3,0,5,4,4
6DEB-F440,Non-Binary,21,Some Travel,Technology,41,3,Computer Science,Data Scientist,29793,Yes,22-06-2019,Yes,3,0,0,2,15-01-2021,4,5,3,1,0,4,3,2
EDC5-6FB7,Female,35,Some Travel,Sales,36,4,Marketing,Manager,396470,No,22-03-2019,No,3,3,3,2,15-01-2021,4,5,3,2,1,3,4,3
32AE-C02F,Male,24,No Travel ,Sales,8,3,Marketing,Sales Executive,82405,Yes,19-06-2016,Yes,5,1,4,1,16-01-2021,4,5,3,3,0,4,5,4
8A6B-AD5C,Female,24,Some Travel,Technology,30,3,Information Systems,Data Scientist,61883,No,02-08-2016,Yes,1,1,1,0,16-01-2021,5,2,3,1,1,2,3,3
8D34-EBDF,Male,29,Some Travel,Human Resources,14,4,Technical Degree,Recruiter,46703,No,31-07-2014,Yes,0,0,0,0,16-01-2021,3,4,4,3,1,5,4,4
6BAB-8D77,Male,35,Some Travel,Technology,8,4,Computer Science,Analytics Manager,405965,No,07-06-2019,No,3,1,2,0,16-01-2021,3,5,5,3,1,3,5,5
6FE1-C8A8,Male,29,Some Travel,Sales,35,2,Economics,Sales Executive,140962,Yes,13-06-2013,Yes,4,0,2,4,17-01-2021,2,4,3,2,0,1,5,5
EB8F-204D,Male,26,Some Travel,Technology,5,3,Other,Data Scientist,49045,No,13-01-2016,Yes,1,0,0,0,17-01-2021,1,2,2,3,1,4,3,2
D921-AC35,Female,45,Some Travel,Technology,7,4,Business Studies,Senior Software Engineer,104720,No,29-03-2014,No,8,7,7,0,17-01-2021,2,1,4,1,1,1,5,4
6A8B-EC82,Male,26,Some Travel,Sales,24,1,Marketing ,Sales Executive,82312,Yes,11-04-2015,No,7,2,7,6,17-01-2021,4,1,4,1,1,2,3,2
D045-B6CA,Female,26,Some Travel,Technology,34,4,Information Systems,Software Engineer,71198,No,07-11-2017,Yes,5,0,0,1,14-01-2015,3,5,5,3,0,2,3,2
606E-A262,Male,28,Some Travel,Technology,27,1,Information Systems,Analytics Manager,277344,Yes,02-07-2013,Yes,3,1,1,1,18-01-2021,4,2,1,1,2,1,4,3
2374-7581,Male,25,Some Travel,Technology,1,4,Information Systems,Senior Software Engineer,72840,No,23-04-2015,No,7,6,6,0,18-01-2021,3,4,2,2,2,3,3,2
D3EB-610D,Male,24,Frequent Traveller,Technology,10,4,Computer Science,Data Scientist,67447,Yes,10-10-2016,No,6,2,6,6,18-01-2021,4,4,2,3,0,5,3,3
74B4-CB7A,Non-Binary,26,No Travel ,Human Resources,23,3,Human Resources,HR Business Partner,240035,Yes,03-08-2017,No,5,5,5,3,18-01-2021,4,3,5,2,2,3,3,2
43DD-6998,Female,48,Some Travel,Technology,9,4,Business Studies,Analytics Manager,517695,No,29-10-2019,No,3,2,2,3,18-01-2021,3,3,4,1,0,5,3,3
05B0-755F,Male,44,Some Travel,Technology,29,3,Computer Science,Data Scientist,57890,No,24-05-2013,No,9,8,8,8,19-01-2021,3,2,4,2,0,3,5,5
C1E8-5AAB,Male,25,Some Travel,Sales,5,2,Marketing,Sales Executive,69539,No,13-02-2016,No,6,0,4,4,19-01-2021,3,2,3,3,2,5,4,3
FB4B-067E,Female,31,Some Travel,Technology,42,3,Computer Science,Engineering Manager,442820,Yes,15-12-2017,No,5,1,2,2,19-01-2021,5,3,2,1,1,4,4,3
45D2-369E,Male,30,Some Travel,Technology,7,1,Information Systems,Data Scientist,70182,No,07-06-2013,No,9,8,9,8,20-01-2021,3,4,4,2,0,5,4,3
7F1C-20B8,Female,39,Some Travel,Technology,10,2,Information Systems,Data Scientist,65796,No,02-07-2013,No,9,9,9,5,20-01-2021,3,5,2,3,0,2,3,2
B407-ABCA,Male,26,Some Travel,Sales,2,4,Economics,Sales Executive,60087,Yes,08-11-2016,Yes,4,0,0,3,11-02-2013,5,4,5,2,1,4,3,2
FF14-A43E,Male,47,Some Travel,Technology,41,1,Computer Science,Data Scientist,40786,No,01-02-2012,No,10,3,5,5,15-01-2015,5,4,4,1,3,3,3,3
F98B-61B3,Female,36,Some Travel,Technology,17,3,Computer Science,Data Scientist,72118,No,04-03-2014,No,8,7,7,8,20-01-2021,5,4,4,3,1,5,5,5
D4D5-27FB,Male,29,Some Travel,Technology,36,1,Information Systems,Data Scientist,86428,No,20-11-2014,Yes,6,5,5,5,21-01-2021,3,3,3,1,0,4,5,4
9C71-61AE,Male,18,Some Travel,Technology,32,1,Computer Science,Machine Learning Engineer,50660,Yes,17-04-2022,Yes,0,0,0,0,21-01-2021,3,2,4,1,1,5,3,2
8AAD-FAFB,Female,24,Some Travel,Sales,3,3,Marketing,Sales Executive,130774,Yes,15-08-2016,Yes,4,3,3,4,22-01-2021,5,3,5,1,0,4,3,2
20BA-5868,Non-Binary,19,Some Travel,Sales,29,1,Marketing,Sales Representative,29673,No,27-03-2021,Yes,0,0,0,0,22-01-2021,1,3,2,2,0,4,3,3
45D7-5C8A,Male,26,Some Travel,Sales,45,3,Technical Degree,Sales Representative,20650,No,10-05-2014,Yes,2,0,0,1,23-01-2021,3,1,4,1,1,4,3,2
AB03-8820,Male,43,Some Travel,Sales,3,1,Economics,Manager,313198,No,28-03-2013,No,9,5,9,2,23-01-2021,3,1,4,1,0,3,3,3
E1FE-67B5,Non-Binary,25,Some Travel,Technology,8,3,Information Systems,Senior Software Engineer,126055,No,17-06-2018,No,4,4,4,2,23-01-2021,3,3,3,2,0,2,4,3
B4E1-4A3E,Female,28,Some Travel,Technology,12,2,Computer Science,Data Scientist,115895,No,31-03-2014,Yes,4,1,3,2,24-01-2021,4,1,4,1,2,2,3,3
618D-7685,Female,30,Some Travel,Technology,26,3,Information Systems,Data Scientist,96170,No,15-04-2013,No,9,4,9,1,25-01-2021,4,1,2,2,0,4,5,4
02DA-7A72,Male,29,Frequent Traveller,Sales,42,3,Technical Degree,Sales Representative,78726,No,25-04-2012,Yes,6,0,1,1,16-01-2015,5,3,5,2,0,2,3,3
FBED-F86B,Female,29,Frequent Traveller,Technology,12,3,Information Systems,Software Engineer,72057,No,27-11-2014,No,8,8,8,3,25-01-2021,4,2,2,3,0,2,4,3
6227-9D9E,Female,26,Some Travel,Human Resources,5,4,Human Resources,HR Manager,315071,Yes,25-01-2015,No,7,7,7,1,25-01-2021,4,3,3,3,1,2,5,4
5A0B-7F31,Male,26,Some Travel,Sales,24,3,Marketing,Sales Executive,85982,No,13-03-2015,Yes,5,1,1,0,27-01-2021,4,5,3,1,1,4,3,3
E4F4-11B9,Female,29,Some Travel,Sales,19,2,Marketing ,Sales Executive,122811,Yes,27-02-2012,Yes,2,1,1,1,27-01-2021,5,4,3,1,0,3,4,3
B303-8962,Female,39,Some Travel,Sales,15,3,Marketing ,Sales Executive,136970,No,28-07-2013,No,9,4,8,2,27-01-2021,5,5,2,3,0,4,5,5
B56D-46CE,Female,36,Some Travel,Sales,20,4,Economics,Sales Executive,220472,No,03-04-2019,No,3,1,1,0,27-01-2021,4,5,3,3,0,2,3,3
98EE-8547,Male,31,Some Travel,Technology,44,3,Information Systems,Analytics Manager,531629,Yes,06-01-2020,Yes,1,0,1,1,28-01-2021,5,2,4,3,2,5,5,4
041A-31B0,Female,34,Some Travel,Technology,41,3,Computer Science,Software Engineer,50386,No,20-05-2012,No,10,8,9,10,28-01-2021,3,2,5,3,3,4,5,4
257B-8130,Male,26,Some Travel,Technology,41,3,Computer Science,Senior Software Engineer,47676,No,20-07-2015,No,7,4,6,1,28-01-2021,4,5,5,3,1,5,4,3
449E-0EB7,Female,23,Frequent Traveller,Sales,26,1,Marketing,Sales Executive,44646,No,15-11-2019,No,3,1,2,2,28-01-2021,4,2,2,3,0,2,4,3
28EA-A010,Female,26,Some Travel,Sales,2,2,Marketing,Sales Executive,149390,Yes,15-08-2016,Yes,3,1,1,2,16-01-2015,4,3,2,3,0,5,5,4
7279-6591,Male,41,Some Travel,Sales,25,3,Marketing ,Sales Executive,231843,Yes,01-06-2017,Yes,1,1,1,0,29-01-2021,5,2,2,3,1,5,5,5
EEFC-DEC7,Male,44,Some Travel,Technology,4,4,Other,Data Scientist,85523,Yes,18-08-2014,Yes,8,0,4,1,29-01-2021,4,4,4,3,2,4,3,3
2E7B-43F0,Male,26,Some Travel,Technology,31,2,Computer Science,Engineering Manager,148211,Yes,11-02-2015,No,7,1,6,0,29-01-2021,5,3,2,3,1,5,4,4
4F22-FF67,Male,24,Some Travel,Technology,24,3,Computer Science,Software Engineer,28156,Yes,18-11-2016,No,6,6,6,5,29-01-2021,4,3,3,1,0,3,4,4
1180-BEC9,Male,43,Some Travel,Technology,17,3,Computer Science,Software Engineer,50946,Yes,15-03-2014,Yes,8,6,7,3,30-01-2021,3,3,2,2,1,2,3,3
B50B-5A18,Female,40,Frequent Traveller,Technology,27,4,Computer Science,Software Engineer,42333,No,19-02-2012,No,10,4,5,5,31-01-2021,3,3,5,1,1,2,3,2
E099-3FCC,Male,28,Some Travel,Technology,15,3,Computer Science,Data Scientist,83951,No,12-02-2015,No,7,3,6,5,31-01-2021,4,2,4,3,1,5,3,3
0B19-EFB2,Female,39,Frequent Traveller,Technology,25,4,Computer Science,Engineering Manager,300594,Yes,24-04-2018,No,4,1,4,2,31-01-2021,5,4,5,2,3,4,3,2
8CF6-3079,Female,27,Some Travel,Technology,1,4,Computer Science,Data Scientist,40050,Yes,16-07-2013,Yes,1,0,0,0,01-02-2021,4,3,2,1,0,3,4,3
D7EE-56FC,Female,39,Frequent Traveller,Sales,17,2,Technical Degree,Sales Executive,107863,Yes,19-01-2012,Yes,8,8,8,5,01-02-2021,5,3,3,2,1,4,3,2
CBB3-0D7E,Male,26,Some Travel,Sales,44,1,Technical Degree,Sales Representative,40638,Yes,11-01-2014,Yes,2,0,0,1,16-01-2015,3,5,4,1,1,4,4,3
1F12-DDDA,Male,32,No Travel ,Technology,12,4,Information Systems,Software Engineer,111294,No,19-07-2013,No,9,2,9,4,01-02-2021,3,4,4,1,0,4,3,3
9658-7750,Female,37,Some Travel,Technology,40,4,Information Systems,Data Scientist,49550,No,11-07-2014,No,8,2,8,6,01-02-2021,4,5,5,3,2,3,5,4
B0C3-E578,Female,32,Frequent Traveller,Technology,14,1,Computer Science,Machine Learning Engineer,97595,No,20-04-2014,No,8,0,0,1,01-02-2021,4,2,5,1,0,2,4,3
5F06-D3F6,Male,28,No Travel ,Technology,24,4,Computer Science,Machine Learning Engineer,193347,Yes,09-05-2018,No,4,4,4,0,01-02-2021,4,4,3,2,2,4,3,3
62A3-DEA7,Male,25,Some Travel,Technology,8,1,Information Systems,Software Engineer,30931,Yes,13-08-2015,Yes,1,0,0,1,02-02-2021,3,4,1,1,2,1,3,2
586E-5C14,Male,40,Some Travel,Technology,9,1,Computer Science,Software Engineer,58551,No,27-02-2012,No,10,6,7,3,02-02-2021,1,3,2,1,2,3,4,4
A885-BF42,Male,24,Some Travel,Technology,19,2,Computer Science,Data Scientist,32173,No,24-12-2018,No,4,1,4,1,02-02-2021,3,2,2,1,1,4,5,4
EF95-30A5,Male,23,Some Travel,Technology,37,4,Business Studies,Senior Software Engineer,57603,No,18-09-2019,No,3,0,1,1,02-02-2021,3,3,4,3,1,1,4,4
8EE9-E86D,Male,46,Some Travel,Human Resources,45,3,Human Resources,Recruiter,48740,Yes,20-05-2012,Yes,10,8,9,6,03-02-2021,3,2,1,1,2,3,4,3
F3CD-9B5B,Male,29,Some Travel,Sales,12,2,Marketing ,Sales Representative,97794,No,30-05-2013,Yes,2,0,1,0,03-02-2021,2,4,4,1,1,3,3,2
C330-DAF4,Female,34,Some Travel,Sales,16,2,Economics,Sales Executive,100710,Yes,20-05-2012,No,10,10,10,2,16-01-2015,4,5,3,2,0,2,4,4
AD0D-E79F,Male,22,Some Travel,Sales,16,2,Marketing,Sales Executive,53220,Yes,28-11-2021,Yes,0,0,0,0,03-02-2021,4,5,5,3,1,3,3,2
D8B3-30D2,Female,22,Some Travel,Technology,40,1,Business Studies,Data Scientist,53080,Yes,24-12-2019,Yes,2,0,1,0,03-02-2021,5,5,4,1,0,2,5,5
B975-943A,Male,40,No Travel ,Technology,28,3,Information Systems,Software Engineer,46285,No,23-10-2014,No,8,8,8,3,03-02-2021,3,4,2,2,2,5,3,3
C250-AF15,Male,25,Some Travel,Technology,13,5,Computer Science,Engineering Manager,178337,No,16-07-2015,No,7,1,7,2,03-02-2021,5,4,3,1,1,3,4,3
B122-D3D2,Female,26,Some Travel,Technology,21,2,Other,Data Scientist,89366,No,30-01-2017,No,5,5,5,0,03-02-2021,5,4,3,1,2,2,4,4
45A4-C1D0,Male,22,Some Travel,Technology,11,3,Computer Science,Software Engineer,74314,No,14-03-2018,No,4,0,1,3,03-02-2021,3,2,2,3,1,4,3,2
DB6B-88DA,Female,25,Some Travel,Technology,1,1,Information Systems,Software Engineer,48570,Yes,03-05-2018,No,4,4,4,1,03-02-2021,5,3,2,3,0,5,5,4
151D-1FF2,Female,34,Frequent Traveller,Sales,15,2,Marketing ,Sales Executive,173246,Yes,20-02-2012,Yes,9,4,7,7,04-02-2021,5,3,4,1,0,2,4,4
5476-CA0D,Female,31,Frequent Traveller,Technology,4,2,Information Systems,Data Scientist,69747,No,12-01-2012,Yes,6,5,5,1,04-02-2021,5,2,2,1,3,2,3,2
D696-9D82,Male,38,Some Travel,Technology,39,3,Computer Science,Data Scientist,65416,No,25-03-2012,No,10,5,10,7,04-02-2021,5,2,5,2,0,5,4,3
B48C-47D0,Male,28,Frequent Traveller,Sales,28,3,Marketing ,Sales Representative,43939,No,29-07-2013,Yes,6,1,4,3,17-01-2015,4,2,2,3,3,4,3,2
1453-D3D8,Non-Binary,27,Some Travel,Technology,4,3,Computer Science,Machine Learning Engineer,60967,No,14-08-2015,No,7,7,7,0,05-02-2021,5,3,4,2,3,4,3,3
F80F-29CB,Male,23,Some Travel,Technology,5,2,Other,Machine Learning Engineer,77420,No,24-10-2018,No,4,4,4,3,05-02-2021,3,4,4,1,1,5,4,4
3DCC-7FA4,Female,34,Frequent Traveller,Sales,30,2,Marketing ,Manager,311448,Yes,12-04-2019,No,3,1,2,2,06-02-2021,5,5,2,1,1,2,3,2
C96F-0F3B,Female,41,Some Travel,Sales,16,1,Marketing ,Sales Representative,48147,No,01-03-2012,No,10,8,10,5,07-02-2021,4,2,5,3,1,2,5,5
EE39-C8F2,Female,47,Some Travel,Technology,17,2,Computer Science,Software Engineer,46514,No,12-02-2012,No,10,9,9,2,07-02-2021,5,2,3,3,0,5,3,3
DF63-0D3C,Female,28,Frequent Traveller,Technology,27,2,Information Systems,Analytics Manager,546549,No,18-11-2014,No,8,8,8,2,07-02-2021,5,4,3,1,2,2,4,4
B995-E5CE,Non-Binary,27,Some Travel,Technology,2,4,Computer Science,Data Scientist,39198,No,10-10-2015,No,7,6,7,4,07-02-2021,4,3,4,3,0,4,3,3
9DFE-1FD5,Male,42,Some Travel,Human Resources,4,3,Human Resources,HR Manager,463051,No,01-03-2012,No,10,0,10,7,08-02-2021,5,3,4,2,1,2,5,4
0D1B-DEC2,Non-Binary,24,Some Travel,Technology,23,3,Computer Science,Data Scientist,100586,No,23-04-2017,Yes,4,4,4,4,09-02-2021,4,5,4,1,1,4,5,5
B407-ABCA,Male,26,Some Travel,Sales,2,4,Economics,Sales Executive,60087,Yes,08-11-2016,Yes,4,0,0,3,09-02-2021,5,5,4,3,3,5,5,4
6DEB-F440,Non-Binary,21,Some Travel,Technology,41,3,Computer Science,Data Scientist,29793,Yes,22-06-2019,Yes,3,0,0,2,17-01-2015,3,4,5,1,2,3,5,4
5818-560C,Female,30,Some Travel,Technology,26,1,Computer Science,Senior Software Engineer,159438,No,22-05-2013,No,9,4,4,7,09-02-2021,4,4,3,1,0,2,3,3
DB6C-3B2F,Female,19,Some Travel,Technology,43,3,Information Systems,Data Scientist,49006,No,18-07-2022,Yes,0,0,0,0,10-02-2021,5,5,5,1,2,5,5,5
8ED3-4377,Male,30,Some Travel,Technology,33,3,Computer Science,Software Engineer,78743,No,09-04-2013,No,9,2,7,4,10-02-2021,4,5,4,2,0,2,4,4
279C-7342,Non-Binary,29,Frequent Traveller,Sales,31,4,Marketing,Sales Executive,100925,Yes,08-08-2013,Yes,3,1,1,1,11-02-2021,3,2,4,3,1,4,4,4
83FD-F920,Male,25,Some Travel,Technology,41,1,Computer Science,Data Scientist,28137,Yes,10-01-2016,Yes,4,3,3,1,11-02-2021,5,2,2,3,1,4,5,5
B2D6-A355,Male,38,Some Travel,Technology,4,4,Other,Analytics Manager,361616,Yes,25-06-2014,No,8,1,6,5,11-02-2021,5,2,3,3,1,5,3,3
7D2D-3831,Male,25,Some Travel,Technology,16,3,Information Systems,Data Scientist,37742,No,12-12-2017,No,5,1,3,3,11-02-2021,4,3,2,1,0,3,3,2
626A-9377,Female,27,No Travel ,Technology,19,2,Business Studies,Senior Software Engineer,89785,No,19-12-2015,Yes,0,0,0,0,12-02-2021,3,2,5,2,2,3,3,2
0CF8-1EBD,Female,28,Frequent Traveller,Technology,38,4,Computer Science,Data Scientist,87704,No,28-03-2015,No,7,1,3,6,12-02-2021,3,3,3,1,2,4,5,4
388D-DB68,Female,27,Some Travel,Human Resources,40,3,Human Resources,Recruiter,34320,No,07-06-2015,No,7,5,6,5,12-02-2021,3,4,4,3,1,2,4,3
32AE-C02F,Male,24,No Travel ,Sales,8,3,Marketing,Sales Executive,82405,Yes,19-06-2016,Yes,5,1,4,1,18-01-2015,5,2,5,1,2,2,4,3
6828-1F30,Female,46,Some Travel,Sales,8,3,Marketing ,Sales Executive,249505,Yes,14-08-2019,No,3,2,2,1,12-02-2021,4,5,5,1,1,2,5,5
AE73-B863,Male,32,Some Travel,Sales,15,4,Technical Degree,Sales Executive,208435,No,18-04-2019,No,3,1,2,1,12-02-2021,5,2,2,3,1,2,3,2
0DBC-596E,Non-Binary,44,Some Travel,Technology,14,2,Computer Science,Data Scientist,92634,Yes,06-04-2013,No,9,8,9,9,13-02-2021,4,4,5,1,3,2,5,4
55B1-3712,Female,26,Some Travel,Technology,36,4,Information Systems,Data Scientist,22162,Yes,15-10-2016,No,6,4,5,6,13-02-2021,4,4,5,1,3,3,5,5
5A04-0EB4,Female,27,Frequent Traveller,Sales,43,3,Marketing,Sales Representative,24583,Yes,16-08-2014,Yes,7,0,1,6,14-02-2021,5,4,3,3,0,3,5,5
97F4-0B14,Male,33,Some Travel,Technology,4,4,Other,Senior Software Engineer,97126,No,15-01-2012,No,10,8,10,2,14-02-2021,3,2,5,1,3,2,4,4
F1B6-31B7,Female,25,Some Travel,Human Resources,31,3,Marketing ,HR Executive,48797,No,28-04-2018,No,4,2,4,4,14-02-2021,4,2,3,1,0,2,4,4
C8FA-B6FE,Male,23,Some Travel,Technology,30,4,Information Systems,Senior Software Engineer,54171,Yes,18-04-2019,No,3,2,3,0,14-02-2021,3,2,2,2,0,5,4,3
3261-373A,Female,26,Frequent Traveller,Technology,5,3,Computer Science,Senior Software Engineer,99203,Yes,28-12-2016,No,6,3,3,4,15-02-2021,5,4,5,1,0,5,3,2
5021-95FC,Male,29,Some Travel,Sales,44,3,Marketing,Manager,377203,Yes,16-07-2013,Yes,5,4,4,0,16-02-2021,3,5,3,2,1,3,3,2
8A6B-AD5C,Female,24,Some Travel,Technology,30,3,Information Systems,Data Scientist,61883,No,02-08-2016,Yes,1,1,1,0,18-01-2015,4,2,3,2,0,4,3,2
B97B-73D7,Female,29,Frequent Traveller,Sales,18,3,Marketing,Sales Executive,177402,No,10-07-2014,Yes,6,3,5,3,16-02-2021,3,2,2,2,1,4,5,4
D351-C7E4,Female,42,Some Travel,Technology,9,2,Information Systems,Data Scientist,73577,No,23-01-2013,No,9,9,9,6,16-02-2021,4,4,4,1,2,2,5,4
EEA0-C109,Male,26,Some Travel,Sales,3,1,Marketing ,Sales Executive,56892,No,29-09-2015,No,7,1,3,3,16-02-2021,5,2,2,2,0,4,5,5
3C7D-86ED,Female,40,Some Travel,Sales,3,2,Other,Sales Executive,104426,No,11-01-2012,No,10,3,4,6,17-02-2021,3,3,3,1,2,3,5,4
2219-56CA,Non-Binary,28,Some Travel,Sales,38,3,Marketing,Sales Executive,185380,No,21-09-2015,Yes,5,2,5,3,19-02-2021,5,3,4,1,3,3,5,4
8FB2-4CE0,Male,27,Some Travel,Technology,14,4,Computer Science,Data Scientist,37545,No,06-12-2016,Yes,2,1,1,1,19-02-2021,5,4,5,2,1,5,4,4
B437-FCF8,Female,26,Some Travel,Technology,23,2,Information Systems,Analytics Manager,221954,No,08-03-2017,No,5,0,3,1,19-02-2021,4,4,2,2,1,5,3,3
5237-1B85,Female,28,Some Travel,Technology,9,4,Computer Science,Software Engineer,43578,Yes,27-04-2012,Yes,5,3,5,5,20-02-2021,4,4,2,3,3,5,5,5
F968-671C,Male,27,Frequent Traveller,Sales,16,3,Technical Degree,Sales Executive,50559,No,14-04-2015,Yes,6,0,5,5,20-02-2021,3,5,5,2,0,3,5,4
F997-FE6C,Female,40,Some Travel,Technology,17,1,Information Systems,Software Engineer,41601,No,08-03-2013,No,9,8,9,8,20-02-2021,3,4,3,3,1,2,5,5
8D34-EBDF,Male,29,Some Travel,Human Resources,14,4,Technical Degree,Recruiter,46703,No,31-07-2014,Yes,0,0,0,0,18-01-2015,5,2,3,1,0,5,4,3
CED0-8D31,Female,36,Some Travel,Technology,43,3,Computer Science,Analytics Manager,454993,No,24-06-2014,No,8,3,4,0,20-02-2021,5,5,5,1,2,3,5,5
5B08-EF96,Female,36,No Travel ,Technology,28,4,Other,Data Scientist,77136,No,28-05-2012,No,10,10,10,10,21-02-2021,5,4,5,2,0,4,3,2
E348-E12B,Male,36,No Travel ,Technology,36,2,Information Systems,Software Engineer,61298,Yes,19-01-2012,No,10,3,9,3,21-02-2021,3,4,4,3,0,3,4,3
8ACE-C5CE,Female,43,Some Travel,Sales,38,2,Marketing,Sales Executive,121510,No,18-08-2013,No,9,8,8,5,21-02-2021,4,4,5,1,0,3,4,3
C6A8-4E8A,Male,29,Some Travel,Technology,8,2,Computer Science,Machine Learning Engineer,119083,No,25-04-2014,No,8,3,6,4,21-02-2021,5,2,4,3,1,5,3,3
63DA-AA21,Female,43,Some Travel,Technology,35,3,Computer Science,Engineering Manager,436813,No,07-03-2012,No,10,8,9,7,22-02-2021,4,5,4,1,0,3,5,4
7DA1-A202,Female,24,Some Travel,Technology,18,4,Computer Science,Data Scientist,28539,No,02-09-2018,No,4,1,2,1,22-02-2021,3,3,2,2,1,3,3,2
2E25-987F,Female,24,Some Travel,Technology,45,3,Information Systems,Software Engineer,30390,No,14-06-2019,No,3,0,2,2,22-02-2021,3,4,2,2,1,3,5,5
200B-1979,Male,50,Frequent Traveller,Technology,43,3,Information Systems,Engineering Manager,339245,No,26-08-2019,No,3,0,0,1,23-02-2021,5,2,3,1,2,4,3,2
C016-FA12,Female,25,Some Travel,Sales,22,1,Marketing,Sales Representative,32894,No,14-05-2018,Yes,2,2,2,1,24-02-2021,5,2,2,3,0,3,3,2
279C-7342,Non-Binary,29,Frequent Traveller,Sales,31,4,Marketing,Sales Executive,100925,Yes,08-08-2013,Yes,3,1,1,1,13-02-2013,4,5,2,1,0,3,5,5
8BAB-B4A6,Male,38,Some Travel,Sales,35,3,Marketing ,Manager,340229,Yes,13-01-2012,No,10,7,9,3,18-01-2015,3,3,2,2,2,3,4,3
7816-BF57,Male,37,Some Travel,Sales,22,4,Marketing,Sales Executive,92483,Yes,23-06-2014,No,8,5,5,3,24-02-2021,4,1,3,3,2,2,3,2
D6D2-184B,Female,24,Some Travel,Technology,33,3,Information Systems,Senior Software Engineer,115399,No,09-08-2017,No,5,5,5,3,24-02-2021,3,1,4,3,1,2,4,4
DB54-E47D,Female,22,Frequent Traveller,Technology,29,2,Computer Science,Data Scientist,45850,No,08-12-2018,No,4,2,3,1,24-02-2021,4,4,3,2,1,1,4,3
3560-C117,Female,28,Frequent Traveller,Technology,4,3,Computer Science,Data Scientist,65659,Yes,09-05-2012,Yes,2,0,0,0,25-02-2021,2,1,4,3,3,1,3,3
1914-B934,Female,22,Frequent Traveller,Sales,19,3,Marketing ,Sales Representative,22122,Yes,26-10-2018,Yes,3,2,2,1,25-02-2021,4,2,3,3,1,4,3,2
596B-33F4,Male,26,Some Travel,Technology,2,3,Computer Science,Data Scientist,30207,Yes,01-09-2016,Yes,5,1,3,0,26-02-2021,1,2,1,3,1,3,4,3
E7A6-33A3,Female,38,Some Travel,Technology,39,4,Information Systems,Data Scientist,83590,No,23-02-2012,No,10,2,3,9,26-02-2021,5,3,3,2,3,4,3,3
0CFA-28A3,Male,21,Frequent Traveller,Human Resources,42,4,Other,HR Executive,42303,Yes,13-08-2019,No,3,2,2,2,26-02-2021,5,3,4,1,0,5,4,4
00D4-DD53,Female,30,Frequent Traveller,Technology,44,1,Computer Science,Software Engineer,68508,Yes,28-01-2012,Yes,5,4,4,4,27-02-2021,5,4,5,3,0,2,4,4
7749-B277,Male,24,Some Travel,Human Resources,1,5,Human Resources,HR Executive,44634,No,25-04-2017,Yes,4,3,3,2,27-02-2021,3,2,2,1,1,3,3,3
6FE1-C8A8,Male,29,Some Travel,Sales,35,2,Economics,Sales Executive,140962,Yes,13-06-2013,Yes,4,0,2,4,19-01-2015,5,5,4,1,3,4,5,5
7823-0217,Non-Binary,25,Frequent Traveller,Sales,43,4,Marketing,Sales Executive,81889,Yes,02-11-2018,Yes,0,0,0,0,27-02-2021,4,2,4,1,0,4,4,4
6E7B-D50D,Female,38,Some Travel,Technology,12,1,Other,Senior Software Engineer,253077,No,15-06-2013,No,9,3,3,8,27-02-2021,5,3,5,2,0,5,5,4
82B4-8569,Male,44,Some Travel,Sales,44,3,Marketing,Manager,313891,No,23-12-2018,No,4,4,4,3,27-02-2021,3,5,2,2,0,2,5,5
17AD-99F5,Female,26,Some Travel,Technology,37,3,Computer Science,Software Engineer,26296,Yes,01-08-2014,Yes,5,2,2,2,28-02-2021,4,2,2,1,0,2,5,4
CC8A-0B1F,Female,28,Some Travel,Technology,23,2,Business Studies,Data Scientist,65328,No,27-06-2014,Yes,5,4,4,0,28-02-2021,3,3,4,3,1,2,3,2
DE22-FB63,Female,22,Some Travel,Technology,2,1,Information Systems,Software Engineer,24422,No,11-02-2019,Yes,1,0,0,1,28-02-2021,3,4,4,1,1,3,4,3
A366-C17A,Male,42,Some Travel,Technology,34,4,Business Studies,Machine Learning Engineer,126463,No,04-04-2012,No,10,0,1,8,28-02-2021,4,4,3,2,0,5,4,4
6EDB-94B7,Male,25,Some Travel,Technology,6,3,Computer Science,Engineering Manager,195911,No,09-07-2015,No,7,0,3,4,28-02-2021,4,2,3,3,0,5,4,4
93B1-6510,Male,28,No Travel ,Technology,30,3,Computer Science,Data Scientist,52930,No,23-02-2015,No,7,1,4,2,28-02-2021,1,1,4,1,2,1,4,4
EACC-D1F6,Male,25,Some Travel,Technology,20,3,Computer Science,Data Scientist,27673,Yes,05-05-2017,Yes,3,2,3,1,01-03-2021,2,3,4,2,0,4,4,4
EB8F-204D,Male,26,Some Travel,Technology,5,3,Other,Data Scientist,49045,No,13-01-2016,Yes,1,0,0,0,19-01-2015,4,2,5,1,1,5,5,5
21B3-8491,Male,42,Some Travel,Technology,37,4,Computer Science,Analytics Manager,244114,No,28-05-2013,No,9,6,7,0,01-03-2021,4,3,3,1,0,4,4,3
ABB5-0B95,Non-Binary,28,No Travel ,Technology,26,5,Computer Science,Data Scientist,112175,No,30-09-2015,No,7,1,3,4,01-03-2021,4,2,1,1,0,1,3,3
C57E-6E4F,Male,24,No Travel ,Technology,35,3,Computer Science,Data Scientist,32502,Yes,06-02-2018,Yes,1,1,1,0,02-03-2021,3,3,2,3,1,3,4,3
CC2F-670E,Male,29,Frequent Traveller,Technology,26,3,Computer Science,Data Scientist,78541,Yes,23-02-2013,Yes,6,5,5,2,02-03-2021,1,2,3,3,1,3,4,4
FD0B-7B0A,Female,27,Some Travel,Sales,21,1,Marketing,Sales Representative,22648,Yes,12-01-2016,Yes,1,0,0,0,02-03-2021,3,2,2,1,1,4,4,3
0322-D46B,Male,32,Some Travel,Sales,39,4,Marketing ,Sales Executive,105748,No,28-03-2012,No,10,0,1,8,02-03-2021,4,2,3,1,1,3,3,2
03D3-AA88,Male,23,Some Travel,Technology,8,4,Other,Software Engineer,42250,No,26-03-2018,No,4,1,2,4,02-03-2021,4,4,5,3,0,2,5,4
6819-65F3,Male,21,Some Travel,Technology,34,2,Computer Science,Software Engineer,26137,No,26-06-2021,No,1,0,0,1,02-03-2021,5,3,3,3,2,5,4,4
06B9-B79D,Female,21,Some Travel,Sales,36,3,Marketing,Sales Executive,76057,No,12-12-2020,Yes,1,0,0,0,03-03-2021,4,5,4,3,1,4,3,2
5AA7-C7BA,Male,26,Some Travel,Technology,35,4,Information Systems,Engineering Manager,292386,No,14-08-2017,No,5,2,2,5,03-03-2021,4,4,5,2,1,2,5,5
606E-A262,Male,28,Some Travel,Technology,27,1,Information Systems,Analytics Manager,277344,Yes,02-07-2013,Yes,3,1,1,1,20-01-2015,5,5,3,1,1,3,3,2
70CB-4A9B,Non-Binary,24,Some Travel,Technology,2,1,Information Systems,Data Scientist,28797,Yes,04-03-2019,No,3,0,2,1,03-03-2021,3,5,5,1,2,4,3,3
1054-9C3B,Female,30,Some Travel,Technology,1,4,Other,Data Scientist,40285,Yes,21-03-2013,Yes,1,1,1,0,04-03-2021,4,4,2,3,2,4,4,4
155B-42BE,Female,25,Some Travel,Sales,38,2,Marketing ,Sales Executive,57018,No,21-02-2015,Yes,1,0,0,0,04-03-2021,5,4,5,1,2,4,4,3
5222-EBE1,Male,30,Some Travel,Technology,14,4,Computer Science,Machine Learning Engineer,194823,No,01-04-2012,No,10,4,9,8,04-03-2021,5,3,3,3,1,4,3,2
B1EC-849B,Female,28,Some Travel,Sales,1,4,Marketing ,Sales Executive,87039,No,13-05-2012,No,10,3,5,4,04-03-2021,5,4,3,1,0,4,5,4
468A-E249,Female,26,Some Travel,Technology,22,3,Business Studies,Engineering Manager,206137,No,27-06-2015,No,7,1,1,5,04-03-2021,4,5,2,2,1,4,3,3
36E1-3DDF,Non-Binary,24,Some Travel,Technology,26,2,Computer Science,Software Engineer,34657,No,21-11-2017,No,5,5,5,2,04-03-2021,3,3,4,1,2,5,5,4
8567-5B27,Female,28,Frequent Traveller,Sales,32,1,Technical Degree,Sales Representative,53439,Yes,27-04-2012,Yes,3,0,0,1,05-03-2021,5,5,5,3,1,5,3,2
D970-9F5E,Female,29,Some Travel,Technology,36,3,Computer Science,Data Scientist,46813,No,29-05-2014,Yes,6,1,1,1,05-03-2021,4,2,2,2,0,3,4,3
EAB1-2EB2,Female,21,Some Travel,Technology,8,3,Business Studies,Data Scientist,36534,No,24-05-2019,Yes,0,0,0,0,05-03-2021,5,2,2,1,0,5,5,4
D4D5-27FB,Male,29,Some Travel,Technology,36,1,Information Systems,Data Scientist,86428,No,20-11-2014,Yes,6,5,5,5,23-01-2015,3,5,4,2,0,5,4,4
ACD5-5FA2,Female,28,Some Travel,Sales,17,3,Technical Degree,Sales Representative,70787,Yes,26-11-2015,No,7,2,5,5,05-03-2021,5,5,3,2,2,3,4,4
E7F5-0AD1,Male,24,Some Travel,Technology,16,1,Computer Science,Machine Learning Engineer,55814,No,21-03-2017,No,5,3,4,3,05-03-2021,5,3,3,3,0,2,5,5
ABC2-0036,Female,24,Some Travel,Technology,17,3,Information Systems,Data Scientist,101408,No,31-05-2018,No,4,0,2,1,05-03-2021,3,1,4,3,2,2,3,2
7EE7-2C43,Female,29,Some Travel,Technology,9,4,Computer Science,Data Scientist,48321,Yes,26-10-2013,Yes,7,2,3,2,06-03-2021,3,1,2,2,1,2,3,2
D954-6402,Male,25,Some Travel,Sales,14,3,Marketing ,Sales Executive,123307,Yes,23-12-2015,Yes,7,2,3,1,06-03-2021,3,4,2,1,3,1,5,5
73CF-4956,Female,32,Some Travel,Technology,42,4,Computer Science,Data Scientist,102022,No,12-01-2012,No,10,4,5,8,06-03-2021,1,3,4,2,1,3,5,5
E3B6-49F8,Male,20,Some Travel,Technology,23,3,Business Studies,Software Engineer,33632,No,28-09-2022,Yes,0,0,0,0,06-03-2021,1,2,4,1,2,4,5,5
5F5B-83B1,Female,38,Frequent Traveller,Technology,44,2,Computer Science,Engineering Manager,293425,Yes,05-09-2017,No,5,4,4,4,06-03-2021,2,4,4,3,2,2,3,3
54D0-5A71,Male,24,Some Travel,Technology,9,3,Business Studies,Software Engineer,33443,Yes,24-09-2019,No,3,3,3,0,06-03-2021,3,2,5,2,1,2,4,3
D86B-2E5E,Female,27,Some Travel,Sales,25,3,Technical Degree,Sales Executive,91202,Yes,15-02-2015,No,7,5,7,2,07-03-2021,3,4,3,2,1,5,3,2
9C71-61AE,Male,18,Some Travel,Technology,32,1,Computer Science,Machine Learning Engineer,50660,Yes,17-04-2022,Yes,0,0,0,0,23-01-2015,3,3,4,3,0,2,3,3
4B6E-3C21,Female,32,Some Travel,Sales,29,4,Economics,Sales Executive,68043,No,25-09-2013,Yes,8,0,1,6,08-03-2021,4,2,5,1,0,5,3,2
40A9-8EB0,Female,39,Some Travel,Technology,31,3,Information Systems,Software Engineer,90017,Yes,07-02-2012,No,10,7,7,3,08-03-2021,5,3,3,3,1,5,5,5
0C23-26DD,Female,35,Some Travel,Sales,23,3,Economics,Sales Representative,81389,No,11-03-2013,No,9,3,7,5,08-03-2021,5,2,2,2,0,4,5,4
1BCC-100B,Male,49,Frequent Traveller,Technology,43,2,Computer Science,Machine Learning Engineer,248115,No,12-02-2019,No,3,2,3,3,08-03-2021,3,4,3,1,1,2,3,3
B005-602F,Female,19,Some Travel,Technology,11,4,Computer Science,Software Engineer,27760,Yes,06-11-2022,Yes,0,0,0,0,09-03-2021,3,4,4,2,0,5,4,4
F72B-49FF,Female,36,Some Travel,Technology,14,3,Business Studies,Machine Learning Engineer,251681,No,12-08-2018,No,4,2,3,3,09-03-2021,4,5,4,3,2,5,4,3
A161-29FC,Non-Binary,22,Some Travel,Technology,6,3,Business Studies,Software Engineer,21649,No,02-12-2018,No,4,1,4,1,09-03-2021,4,3,3,2,0,5,3,2
4A0E-9958,Male,26,Some Travel,Technology,6,4,Information Systems,Machine Learning Engineer,89771,Yes,04-10-2016,Yes,1,0,0,0,10-03-2021,5,2,5,1,1,5,4,4
CFE3-312D,Male,21,Frequent Traveller,Sales,36,4,Other,Sales Executive,46452,Yes,08-11-2020,Yes,1,1,1,0,10-03-2021,4,5,5,1,1,2,5,5
34FB-D8F3,Male,25,Some Travel,Technology,11,2,Computer Science,Engineering Manager,285138,No,21-03-2018,No,4,0,3,4,10-03-2021,4,5,4,1,1,4,4,4
8AAD-FAFB,Female,24,Some Travel,Sales,3,3,Marketing,Sales Executive,130774,Yes,15-08-2016,Yes,4,3,3,4,24-01-2015,3,5,3,1,1,2,4,4
68FB-06A7,Female,43,Frequent Traveller,Sales,1,3,Marketing,Sales Executive,180996,No,10-04-2012,No,10,8,10,9,12-03-2021,3,4,5,1,1,3,5,5
56A5-271B,Non-Binary,33,Some Travel,Technology,15,4,Other,Senior Software Engineer,108095,Yes,10-10-2013,No,9,8,9,9,12-03-2021,3,2,4,3,2,2,4,3
B3FE-D332,Female,30,Some Travel,Technology,42,5,Computer Science,Software Engineer,93181,No,15-03-2013,No,9,8,9,4,12-03-2021,3,3,5,2,1,5,5,4
4F28-CFAF,Female,25,Some Travel,Sales,11,3,Marketing,Sales Executive,53930,Yes,13-09-2018,Yes,3,2,3,1,13-03-2021,3,4,5,1,1,5,3,3
7C80-94E0,Female,33,Some Travel,Technology,36,3,Computer Science,Machine Learning Engineer,88726,No,01-01-2013,No,9,8,8,6,13-03-2021,3,4,5,3,2,4,5,4
8233-2483,Female,35,Some Travel,Human Resources,7,3,Marketing ,Recruiter,47995,Yes,12-03-2012,No,10,5,6,3,13-03-2021,5,2,3,2,1,4,4,3
5F4E-EE5A,Prefer Not To Say,28,No Travel ,Technology,45,4,Information Systems,Machine Learning Engineer,87762,No,02-10-2015,No,7,2,7,2,13-03-2021,4,5,4,3,1,3,5,5
3C31-30CB,Female,24,Some Travel,Technology,3,3,Business Studies,Software Engineer,41664,No,08-06-2016,No,6,3,4,2,13-03-2021,5,4,5,2,1,4,4,3
A7BB-F5A7,Female,37,Some Travel,Sales,17,4,Economics,Manager,476151,No,08-12-2014,No,8,3,4,8,14-03-2021,4,4,5,1,1,5,4,4
D383-714B,Male,26,Frequent Traveller,Technology,12,3,Other,Data Scientist,29449,No,22-04-2017,No,5,1,3,1,14-03-2021,5,5,2,1,1,3,4,4
20BA-5868,Non-Binary,19,Some Travel,Sales,29,1,Marketing,Sales Representative,29673,No,27-03-2021,Yes,0,0,0,0,24-01-2015,4,3,5,2,0,5,4,4
4500-37EB,Male,30,Frequent Traveller,Sales,40,2,Marketing,Sales Representative,44632,No,26-03-2013,Yes,1,0,0,0,15-03-2021,4,4,4,2,1,5,4,3
528C-3E0D,Male,30,Some Travel,Technology,4,1,Information Systems,Data Scientist,42045,Yes,15-10-2013,Yes,6,0,3,3,15-03-2021,3,3,3,1,1,3,4,4
D077-169C,Male,46,Some Travel,Sales,20,2,Technical Degree,Sales Executive,150731,No,06-03-2012,No,10,8,9,3,16-03-2021,3,4,3,1,1,5,5,4
B44E-8AEE,Female,28,Some Travel,Sales,7,5,Marketing,Sales Executive,181164,No,01-11-2015,No,7,5,6,1,16-03-2021,5,2,4,3,0,4,4,4
5381-86E4,Male,24,Some Travel,Technology,11,3,Computer Science,Senior Software Engineer,57054,No,28-11-2018,No,4,4,4,4,16-03-2021,3,2,2,2,3,3,4,3
BC5E-3B7B,Non-Binary,24,Some Travel,Sales,33,1,Technical Degree,Sales Representative,24174,No,27-12-2019,No,3,2,2,1,16-03-2021,5,3,2,1,2,3,5,4
9727-BC84,Male,31,Some Travel,Sales,15,3,Marketing,Sales Executive,187930,No,07-04-2012,Yes,3,2,2,0,17-03-2021,4,3,5,1,1,3,5,5
DA8E-9496,Male,27,Some Travel,Technology,22,2,Computer Science,Data Scientist,56449,Yes,04-10-2016,Yes,3,1,1,2,17-03-2021,5,4,2,1,0,5,4,3
DEC5-9319,Male,23,Some Travel,Technology,5,3,Information Systems,Software Engineer,63709,No,14-04-2017,Yes,1,0,0,0,17-03-2021,5,5,2,3,2,3,3,2
88B8-EB84,Female,34,Some Travel,Technology,41,2,Information Systems,Engineering Manager,357371,No,24-03-2012,No,10,9,9,3,18-03-2021,3,4,4,2,0,5,3,2
45D7-5C8A,Male,26,Some Travel,Sales,45,3,Technical Degree,Sales Representative,20650,No,10-05-2014,Yes,2,0,0,1,25-01-2015,4,3,5,3,1,4,4,4
9C57-828C,Male,31,Some Travel,Technology,39,3,Computer Science,Senior Software Engineer,242890,No,11-07-2013,No,9,3,3,9,18-03-2021,4,3,5,2,1,2,3,3
7961-A93B,Male,29,Some Travel,Technology,3,3,Computer Science,Analytics Manager,393103,Yes,30-03-2016,No,6,4,4,5,18-03-2021,3,4,3,1,1,5,5,5
284C-8CB0,Male,22,Frequent Traveller,Technology,15,4,Computer Science,Software Engineer,40115,No,01-02-2019,No,3,3,3,0,19-03-2021,5,3,3,3,2,3,5,5
59F5-F57D,Female,26,Frequent Traveller,Technology,17,2,Information Systems,Senior Software Engineer,59981,Yes,25-05-2015,No,7,1,5,2,20-03-2021,3,3,3,3,1,4,5,5
25F5-0EAF,Non-Binary,26,Some Travel,Sales,38,3,Technical Degree,Sales Executive,104898,No,16-10-2016,No,6,5,5,1,20-03-2021,2,3,2,2,0,2,5,4
40CC-6231,Female,25,Frequent Traveller,Technology,17,3,Computer Science,Software Engineer,54566,No,15-06-2016,No,6,3,6,5,20-03-2021,3,1,2,1,2,1,3,3
8F38-A4DD,Female,27,No Travel ,Technology,25,3,Computer Science,Software Engineer,27369,No,29-11-2016,No,6,4,6,3,20-03-2021,1,1,1,2,0,3,3,2
E1B4-9AA1,Female,46,Some Travel,Sales,36,3,Marketing ,Sales Executive,96188,Yes,26-04-2012,Yes,9,8,9,5,21-03-2021,3,3,4,3,1,1,3,2
CCE7-36ED,Male,36,Some Travel,Technology,11,3,Computer Science,Machine Learning Engineer,236739,No,26-06-2018,No,4,3,4,3,21-03-2021,4,3,2,3,1,1,4,4
E399-E4F6,Male,24,Some Travel,Sales,31,4,Marketing,Sales Executive,105502,No,12-09-2017,No,5,2,5,2,21-03-2021,5,4,4,3,0,2,3,3
B4E1-4A3E,Female,28,Some Travel,Technology,12,2,Computer Science,Data Scientist,115895,No,31-03-2014,Yes,4,1,3,2,26-01-2015,5,5,2,1,0,3,4,3
3CD6-5587,Female,31,Some Travel,Technology,20,2,Computer Science,Software Engineer,59697,Yes,02-02-2012,Yes,7,5,6,0,22-03-2021,5,4,3,3,1,3,4,4
BAFA-86DF,Male,26,No Travel ,Technology,15,4,Business Studies,Software Engineer,35373,Yes,02-08-2017,Yes,4,3,3,0,22-03-2021,4,4,4,3,0,5,5,4
C6D7-A568,Female,42,No Travel ,Sales,10,2,Marketing ,Sales Representative,48922,No,07-05-2012,No,10,3,9,9,22-03-2021,4,5,2,2,1,3,4,4
4862-E40F,Male,46,Some Travel,Technology,39,3,Computer Science,Analytics Manager,381759,No,15-06-2018,No,4,2,4,4,22-03-2021,4,2,3,3,1,3,4,3
5160-53BD,Non-Binary,29,Some Travel,Technology,24,3,Computer Science,Software Engineer,41307,No,19-08-2014,Yes,0,0,0,0,23-03-2021,4,2,3,3,1,4,4,3
81FF-8D6C,Female,24,Some Travel,Sales,13,3,Economics,Sales Representative,24095,No,28-04-2018,Yes,2,2,2,1,23-03-2021,2,3,2,3,2,2,5,4
0846-2064,Non-Binary,33,Some Travel,Technology,44,3,Information Systems,Analytics Manager,230945,No,09-07-2019,No,3,0,2,0,23-03-2021,3,1,1,1,1,2,4,4
78C8-02B8,Female,22,Some Travel,Technology,26,3,Information Systems,Software Engineer,24208,No,09-01-2019,No,3,1,3,2,23-03-2021,2,1,1,3,1,4,4,4
84E7-02D4,Male,26,Some Travel,Technology,41,5,Business Studies,Machine Learning Engineer,161600,No,07-12-2017,Yes,5,0,2,0,24-03-2021,4,1,3,2,0,2,5,5
6010-A052,Female,20,Some Travel,Technology,26,4,Business Studies,Software Engineer,37094,No,02-03-2020,Yes,1,0,0,0,24-03-2021,4,2,3,3,0,3,4,3
83FD-F920,Male,25,Some Travel,Technology,41,1,Computer Science,Data Scientist,28137,Yes,10-01-2016,Yes,4,3,3,1,13-02-2013,4,3,4,1,0,4,3,2
6125-FEC8,Non-Binary,27,No Travel ,Technology,36,4,Business Studies,Software Engineer,50046,No,20-12-2015,No,7,1,6,2,27-01-2015,4,2,4,3,1,5,4,3
5634-9D10,Female,25,Some Travel,Technology,23,1,Information Systems,Software Engineer,42656,No,15-07-2018,No,4,1,4,2,24-03-2021,3,4,4,2,2,2,4,3
E6F7-EF68,Male,22,Some Travel,Sales,32,3,Marketing ,Sales Executive,52318,No,14-06-2018,No,4,4,4,0,24-03-2021,4,3,5,2,1,5,5,5
5F2E-A68B,Prefer Not To Say,26,Some Travel,Technology,16,4,Other,Software Engineer,60834,No,01-06-2015,No,7,0,0,5,25-03-2021,4,5,3,1,2,4,4,3
E442-1FEE,Female,25,Frequent Traveller,Technology,36,2,Information Systems,Data Scientist,31698,No,13-02-2017,No,5,5,5,2,25-03-2021,4,3,2,1,3,5,5,5
4FAC-96CB,Male,24,Some Travel,Sales,9,4,Marketing,Sales Executive,110542,No,23-08-2019,No,3,3,3,2,25-03-2021,4,3,1,1,2,2,4,4
4FBA-4591,Female,42,Some Travel,Sales,20,4,Marketing ,Sales Executive,241646,Yes,07-01-2019,No,3,0,1,3,25-03-2021,2,1,4,1,1,4,4,3
6176-3BEE,Male,29,Some Travel,Sales,20,3,Marketing ,Sales Executive,149688,Yes,04-02-2013,Yes,2,2,2,2,26-03-2021,2,4,2,3,1,2,4,4
47A0-559B,Non-Binary,39,Some Travel,Technology,12,3,Computer Science,Engineering Manager,293132,No,05-01-2012,No,10,10,10,0,26-03-2021,1,1,2,1,1,2,3,3
A954-6310,Female,29,Some Travel,Technology,45,3,Computer Science,Machine Learning Engineer,207952,Yes,17-08-2013,No,9,9,9,7,26-03-2021,2,2,2,2,1,3,4,4
C525-8BB9,Male,29,Some Travel,Technology,14,3,Other,Data Scientist,70872,No,10-04-2013,No,9,2,7,9,26-03-2021,4,3,2,2,0,5,4,3
5A0B-7F31,Male,26,Some Travel,Sales,24,3,Marketing,Sales Executive,85982,No,13-03-2015,Yes,5,1,1,0,29-01-2015,4,2,4,3,0,4,4,4
9AAB-DCD0,Female,28,Some Travel,Technology,14,2,Business Studies,Software Engineer,105984,Yes,04-02-2012,No,10,7,9,10,27-03-2021,5,3,4,2,0,4,5,5
9412-7AA6,Non-Binary,27,Some Travel,Technology,10,3,Information Systems,Data Scientist,45438,No,19-04-2015,No,7,1,5,5,27-03-2021,3,5,2,1,1,3,3,3
184D-06FF,Female,26,Some Travel,Technology,24,4,Computer Science,Data Scientist,35757,No,25-07-2017,No,5,3,4,0,27-03-2021,5,2,2,1,0,4,4,4
00E4-3D60,Female,30,Frequent Traveller,Technology,37,1,Business Studies,Data Scientist,109778,No,23-06-2022,Yes,0,0,0,0,28-03-2021,5,3,3,3,0,3,4,3
DD1E-583D,Male,24,Some Travel,Human Resources,36,3,Human Resources,Recruiter,29428,No,02-03-2017,No,5,5,5,0,28-03-2021,5,3,2,1,1,2,5,5
03C5-51AD,Female,25,Some Travel,Technology,1,2,Computer Science,Data Scientist,32354,Yes,06-12-2015,Yes,7,4,6,2,29-03-2021,5,5,5,3,1,4,3,3
8BCA-723F,Male,46,Some Travel,Technology,24,4,Computer Science,Data Scientist,43487,No,29-06-2014,No,8,8,8,8,29-03-2021,5,2,5,1,0,2,5,5
BFAF-1ED1,Male,24,Frequent Traveller,Technology,14,4,Computer Science,Data Scientist,67538,No,28-07-2018,No,4,3,4,2,29-03-2021,5,2,3,2,1,3,4,4
8FD9-AA59,Non-Binary,26,Frequent Traveller,Sales,14,4,Marketing ,Sales Executive,71349,No,20-06-2014,Yes,7,2,2,1,30-03-2021,5,2,5,3,1,2,4,3
86E2-73D1,Male,39,Some Travel,Technology,3,3,Computer Science,Machine Learning Engineer,81115,No,24-01-2013,No,9,2,4,0,30-03-2021,3,1,2,2,0,3,5,5
E4F4-11B9,Female,29,Some Travel,Sales,19,2,Marketing ,Sales Executive,122811,Yes,27-02-2012,Yes,2,1,1,1,29-01-2015,5,2,4,3,1,2,5,4
C520-6F2B,Female,25,Some Travel,Technology,34,3,Information Systems,Data Scientist,45286,Yes,14-07-2016,No,6,1,3,1,30-03-2021,2,1,2,1,1,1,3,3
A53B-DF3C,Female,22,Some Travel,Technology,2,4,Computer Science,Data Scientist,39732,Yes,08-01-2018,No,4,1,2,2,30-03-2021,1,1,3,2,0,2,3,2
D933-AAC4,Non-Binary,42,Some Travel,Technology,33,4,Computer Science,Engineering Manager,213191,No,03-01-2019,No,3,0,1,2,30-03-2021,1,3,3,3,1,4,5,5
A105-470B,Male,25,Frequent Traveller,Technology,28,1,Information Systems,Software Engineer,23993,Yes,31-05-2016,No,6,3,4,4,31-03-2021,4,1,2,2,2,4,4,4
0210-E0D8,Male,36,Some Travel,Sales,7,3,Technical Degree,Sales Executive,243989,Yes,18-07-2020,Yes,1,0,1,1,01-04-2021,3,3,5,3,2,4,4,4
07B2-D67A,Male,44,Some Travel,Sales,40,2,Economics,Manager,285620,No,30-01-2012,No,10,6,8,4,01-04-2021,3,3,4,1,1,2,5,5
819A-2C9C,Male,30,No Travel ,Technology,7,3,Computer Science,Data Scientist,138989,Yes,14-08-2013,No,9,2,4,8,01-04-2021,4,4,3,1,0,2,4,4
2D85-ABDD,Female,33,No Travel ,Sales,29,3,Economics,Sales Executive,65094,No,20-06-2014,No,8,8,8,0,01-04-2021,3,5,5,2,1,2,4,4
B6EC-313E,Male,26,Frequent Traveller,Human Resources,17,3,Human Resources,Recruiter,30502,No,09-08-2014,Yes,0,0,0,0,02-04-2021,5,4,3,3,0,4,5,4
05F0-6F7B,Female,24,Some Travel,Technology,5,1,Information Systems,Data Scientist,100818,No,24-12-2017,No,5,1,3,0,02-04-2021,3,3,4,2,1,3,3,3
98EE-8547,Male,31,Some Travel,Technology,44,3,Information Systems,Analytics Manager,531629,Yes,06-01-2020,Yes,1,0,1,1,30-01-2015,5,2,2,3,2,2,4,3
1424-0B0C,Female,36,No Travel ,Technology,35,1,Information Systems,Senior Software Engineer,356378,Yes,30-05-2018,No,4,2,4,4,02-04-2021,3,2,4,1,3,2,5,4
6653-BD41,Female,27,Some Travel,Technology,5,3,Computer Science,Engineering Manager,238435,No,07-08-2015,No,7,2,4,1,03-04-2021,1,4,4,2,1,4,3,3
B49A-7D79,Non-Binary,27,Some Travel,Technology,20,1,Business Studies,Software Engineer,22986,Yes,02-06-2015,No,7,6,7,0,03-04-2021,4,3,1,3,2,4,4,4
20CA-404E,Female,25,Some Travel,Technology,13,3,Information Systems,Analytics Manager,211401,No,17-07-2016,No,6,1,1,3,03-04-2021,2,1,2,3,0,4,5,4
0D8F-C0F3,Female,29,Some Travel,Technology,44,3,Business Studies,Data Scientist,67578,No,10-06-2013,Yes,1,0,0,0,04-04-2021,5,2,2,1,0,2,3,2
1799-5B3F,Male,24,Some Travel,Sales,21,4,Marketing,Sales Executive,85118,No,18-03-2019,Yes,0,0,0,0,04-04-2021,3,2,5,3,0,3,5,5
3B11-DF28,Female,23,Frequent Traveller,Technology,28,2,Computer Science,Data Scientist,57133,No,23-08-2019,Yes,3,0,0,1,04-04-2021,3,4,5,2,1,4,5,4
C95C-CE06,Male,44,Some Travel,Sales,35,3,Marketing,Sales Representative,75667,No,27-10-2014,No,8,6,6,3,04-04-2021,4,5,4,1,0,2,3,3
076F-8AA3,Male,39,Some Travel,Technology,5,2,Computer Science,Data Scientist,58685,No,08-03-2012,Yes,9,6,6,2,05-04-2021,4,3,5,3,1,5,3,2
EDF2-2659,Female,25,Some Travel,Technology,21,1,Information Systems,Senior Software Engineer,64398,No,27-07-2017,No,5,2,3,3,05-04-2021,4,2,3,1,0,3,4,4
041A-31B0,Female,34,Some Travel,Technology,41,3,Computer Science,Software Engineer,50386,No,20-05-2012,No,10,8,9,10,30-01-2015,5,5,3,3,0,5,3,3
676C-C884,Female,24,Some Travel,Technology,17,3,Information Systems,Software Engineer,26937,No,31-03-2019,No,3,2,2,1,05-04-2021,4,5,3,3,2,3,5,4
95D7-1CE9,Male,43,Some Travel,Human Resources,29,4,Marketing ,HR Business Partner,309964,No,04-01-2012,No,10,6,10,8,07-04-2021,4,4,3,3,2,4,4,3
2BD8-20A6,Female,35,Frequent Traveller,Technology,38,5,Information Systems,Engineering Manager,310285,Yes,30-11-2017,No,5,4,4,3,07-04-2021,4,5,2,3,1,2,4,4
B013-7D0C,Female,28,Some Travel,Technology,24,3,Information Systems,Data Scientist,46313,Yes,30-08-2013,Yes,1,1,1,0,08-04-2021,5,4,4,2,0,2,5,4
531D-788E,Male,21,Frequent Traveller,Technology,16,2,Computer Science,Data Scientist,42569,No,13-04-2022,Yes,0,0,0,0,08-04-2021,4,2,4,2,3,4,5,5
8EA4-9179,Male,25,Some Travel,Technology,23,3,Computer Science,Data Scientist,24626,No,14-03-2015,No,7,7,7,1,08-04-2021,4,1,1,3,1,2,4,4
61E2-6540,Non-Binary,24,Some Travel,Technology,7,4,Computer Science,Senior Software Engineer,44256,No,18-05-2018,No,4,2,4,3,08-04-2021,3,2,2,2,0,1,4,3
AEDB-BB62,Male,39,Some Travel,Technology,34,1,Computer Science,Machine Learning Engineer,264285,No,23-03-2012,No,10,10,10,1,09-04-2021,4,4,1,3,0,4,4,4
F430-0404,Female,32,No Travel ,Sales,23,4,Economics,Sales Executive,237749,No,19-07-2013,No,9,1,6,6,09-04-2021,3,3,4,2,1,4,3,3
8733-BC3C,Male,26,Frequent Traveller,Technology,22,3,Computer Science,Software Engineer,81726,Yes,06-11-2016,No,6,0,6,1,09-04-2021,2,3,2,2,1,1,5,5
7279-6591,Male,41,Some Travel,Sales,25,3,Marketing ,Sales Executive,231843,Yes,01-06-2017,Yes,1,1,1,0,31-01-2015,5,3,4,2,0,5,5,4
0BAF-7454,Non-Binary,26,Some Travel,Technology,12,4,Computer Science,Software Engineer,37530,No,30-07-2017,No,5,5,5,5,09-04-2021,4,4,1,2,0,3,3,2
152E-8DB1,Female,31,Some Travel,Technology,14,1,Other,Software Engineer,63482,No,23-04-2012,Yes,1,0,1,1,10-04-2021,2,1,1,3,0,3,4,3
1A7C-19DB,Female,39,Some Travel,Technology,42,4,Computer Science,Engineering Manager,539998,Yes,22-11-2020,Yes,1,0,0,0,10-04-2021,4,2,4,3,1,1,4,4
489B-14EC,Female,21,Some Travel,Technology,15,2,Computer Science,Machine Learning Engineer,62882,Yes,09-01-2021,Yes,0,0,0,0,10-04-2021,3,2,1,1,0,1,5,4
D7F8-1775,Male,36,Some Travel,Sales,13,3,Marketing ,Sales Executive,121303,No,12-07-2014,No,8,2,3,0,10-04-2021,4,5,5,2,2,5,4,4
9071-14B2,Male,31,Some Travel,Technology,25,3,Business Studies,Machine Learning Engineer,157676,No,07-08-2019,No,3,0,2,1,10-04-2021,4,4,2,1,1,2,3,2
52CC-3E9E,Male,30,Frequent Traveller,Technology,13,4,Computer Science,Software Engineer,40321,Yes,26-08-2013,Yes,5,0,0,3,11-04-2021,3,5,5,1,1,2,3,2
A531-8159,Female,37,No Travel ,Technology,16,3,Information Systems,Data Scientist,82099,No,23-02-2012,No,10,1,7,6,11-04-2021,5,5,4,2,3,5,4,3
21C8-00EC,Male,22,Some Travel,Technology,37,2,Information Systems,Senior Software Engineer,52314,No,25-05-2018,No,4,0,3,0,11-04-2021,4,3,5,2,1,4,5,4
8373-07C6,Female,25,Some Travel,Technology,21,4,Information Systems,Engineering Manager,261970,Yes,31-07-2017,No,5,4,4,3,11-04-2021,4,5,5,1,1,2,3,3
EEFC-DEC7,Male,44,Some Travel,Technology,4,4,Other,Data Scientist,85523,Yes,18-08-2014,Yes,8,0,4,1,31-01-2015,5,2,2,2,1,2,4,3
C5C2-985F,Male,29,Some Travel,Sales,3,3,Other,Sales Representative,46465,Yes,16-05-2014,Yes,4,3,3,3,12-04-2021,5,5,5,1,1,3,4,4
CDFB-6A08,Male,26,Some Travel,Technology,8,4,Other,Software Engineer,22918,Yes,01-05-2016,Yes,0,0,0,0,12-04-2021,5,5,5,1,1,4,3,2
5C03-1009,Female,42,Some Travel,Technology,21,3,Information Systems,Engineering Manager,316208,No,17-01-2012,No,10,8,8,7,12-04-2021,5,3,3,1,1,4,3,3
E899-A860,Male,31,Some Travel,Sales,10,3,Marketing ,Sales Executive,110076,Yes,23-12-2014,No,8,5,8,6,12-04-2021,4,4,4,3,1,2,4,3
EE91-1A9C,Male,25,Some Travel,Technology,22,3,Information Systems,Data Scientist,21350,Yes,27-10-2016,Yes,5,3,3,2,13-04-2021,4,3,1,3,0,2,4,3
7CFC-C4DA,Male,21,Some Travel,Technology,44,2,Other,Data Scientist,32676,Yes,20-04-2022,Yes,0,0,0,0,13-04-2021,2,4,1,1,1,3,4,3
CF2F-8CA3,Male,45,Some Travel,Sales,20,2,Marketing ,Sales Executive,76693,No,06-02-2012,No,10,2,9,10,13-04-2021,1,4,2,2,2,3,3,2
AC19-7EE7,Male,25,Some Travel,Sales,38,3,Marketing ,Sales Executive,86485,Yes,07-09-2015,No,7,6,6,0,14-04-2021,2,1,2,3,3,4,3,2
7A98-768E,Female,18,Some Travel,Sales,20,3,Technical Degree,Sales Executive,58523,No,25-01-2022,Yes,0,0,0,0,15-04-2021,3,2,3,2,0,3,4,3
C3C0-349E,Male,45,Some Travel,Sales,22,4,Marketing ,Sales Executive,270302,No,13-05-2022,Yes,0,0,0,0,15-04-2021,3,4,3,3,3,2,3,2
1180-BEC9,Male,43,Some Travel,Technology,17,3,Computer Science,Software Engineer,50946,Yes,15-03-2014,Yes,8,6,7,3,01-02-2015,3,5,3,2,0,4,4,4
96F4-896C,Male,43,No Travel ,Technology,21,4,Information Systems,Analytics Manager,280756,No,05-03-2013,No,9,8,8,3,15-04-2021,5,5,3,2,2,2,4,4
B52E-BF41,Female,30,Some Travel,Technology,26,4,Computer Science,Data Scientist,36280,No,04-12-2013,No,9,9,9,9,15-04-2021,4,5,5,3,0,4,4,4
5D69-D350,Male,24,Frequent Traveller,Technology,7,3,Information Systems,Data Scientist,104649,No,23-09-2016,Yes,4,4,4,3,16-04-2021,3,4,2,3,2,2,3,2
4BE1-4A7B,Male,23,Frequent Traveller,Technology,10,3,Information Systems,Software Engineer,44566,Yes,29-01-2020,Yes,1,0,0,0,16-04-2021,3,5,3,3,2,5,3,2
10E9-4C86,Non-Binary,34,Frequent Traveller,Technology,12,2,Computer Science,Data Scientist,44057,Yes,17-05-2014,No,8,7,7,1,16-04-2021,3,2,3,2,0,4,5,4
6661-FA04,Male,44,Some Travel,Technology,28,3,Computer Science,Software Engineer,49447,No,09-10-2014,No,8,7,7,8,16-04-2021,4,3,4,1,0,5,3,3
AB81-A3A0,Male,29,Some Travel,Sales,14,4,Marketing,Sales Executive,96319,No,14-06-2013,No,9,1,4,5,17-04-2021,5,2,2,3,0,2,3,2
9D01-8A02,Male,31,Some Travel,Technology,8,1,Information Systems,Software Engineer,70682,No,24-02-2014,No,8,4,8,2,17-04-2021,4,4,2,1,1,2,4,4
6151-4A92,Non-Binary,25,No Travel ,Technology,29,4,Computer Science,Machine Learning Engineer,105411,No,01-04-2018,No,4,2,4,2,17-04-2021,4,2,3,3,0,5,5,4
6BE1-09FB,Male,25,Some Travel,Sales,29,4,Marketing,Sales Executive,95643,No,14-05-2018,No,4,0,3,1,17-04-2021,5,2,3,2,0,3,4,3
EE04-1533,Female,47,Frequent Traveller,Sales,19,3,Technical Degree,Sales Representative,46684,No,12-01-2013,No,9,4,9,3,01-02-2015,4,2,5,2,3,3,4,3
EE7E-F5AC,Female,23,Some Travel,Sales,19,3,Other,Sales Representative,27185,No,30-01-2018,No,4,4,4,0,17-04-2021,5,3,3,3,0,4,5,5
FD3F-5255,Female,45,Some Travel,Technology,2,1,Information Systems,Data Scientist,64795,Yes,03-03-2012,No,10,5,8,10,18-04-2021,5,3,5,1,0,2,5,4
2D25-CAE8,Male,22,Some Travel,Sales,29,2,Economics,Sales Executive,58992,Yes,02-07-2019,No,3,3,3,2,18-04-2021,5,5,2,1,1,3,4,4
C661-6A1C,Female,25,Frequent Traveller,Technology,24,1,Business Studies,Software Engineer,40314,No,15-09-2016,Yes,3,1,3,3,19-04-2021,3,3,3,2,0,5,3,3
C025-B8B6,Male,44,Some Travel,Sales,29,3,Marketing ,Sales Executive,126073,No,03-01-2014,No,8,0,2,0,19-04-2021,4,1,1,1,0,2,4,4
5BDE-7102,Female,25,Some Travel,Technology,16,2,Computer Science,Engineering Manager,184441,No,13-11-2016,No,6,6,6,3,19-04-2021,2,4,2,3,1,4,5,4
9528-AA17,Female,48,Some Travel,Technology,30,3,Information Systems,Software Engineer,72794,No,14-02-2012,No,10,4,5,3,20-04-2021,1,3,3,3,2,3,4,3
F9C6-39E2,Female,48,Some Travel,Sales,4,3,Marketing,Sales Representative,55880,No,19-11-2014,No,8,1,6,5,20-04-2021,1,4,2,1,0,2,4,3
4188-C61D,Female,22,No Travel ,Technology,27,1,Information Systems,Data Scientist,23039,No,08-03-2018,Yes,0,0,0,0,21-04-2021,2,3,1,2,1,4,4,4
DFE3-6FA7,Female,43,Frequent Traveller,Sales,5,3,Marketing ,Sales Executive,350525,Yes,27-05-2012,Yes,9,3,9,6,21-04-2021,3,2,2,1,1,4,3,3
B50B-5A18,Female,40,Frequent Traveller,Technology,27,4,Computer Science,Software Engineer,42333,No,19-02-2012,No,10,4,5,5,02-02-2015,4,3,3,3,0,4,5,4
7335-4656,Female,45,Some Travel,Technology,14,2,Computer Science,Machine Learning Engineer,223124,No,02-10-2013,No,9,2,3,2,21-04-2021,4,2,2,2,0,4,5,4
ACF7-5B99,Female,26,Some Travel,Sales,17,4,Marketing ,Sales Executive,97811,Yes,16-05-2015,No,7,3,6,4,21-04-2021,4,5,4,3,0,4,5,4
E503-C500,Male,28,Some Travel,Technology,39,5,Computer Science,Software Engineer,81906,No,04-06-2015,No,7,4,4,1,21-04-2021,3,4,5,3,3,4,4,4
49B2-0364,Male,45,Frequent Traveller,Sales,1,3,Marketing ,Sales Representative,70487,No,09-05-2012,No,10,0,7,3,22-04-2021,3,5,3,2,1,3,3,3
920B-7B40,Male,26,Some Travel,Technology,22,3,Information Systems,Software Engineer,52390,Yes,21-04-2015,No,7,4,5,3,22-04-2021,3,3,2,2,0,5,4,3
A11D-324A,Male,27,Some Travel,Sales,44,4,Marketing,Manager,152147,No,22-01-2016,No,6,6,6,6,22-04-2021,3,5,4,3,2,2,5,4
D754-4CDF,Male,25,Some Travel,Technology,18,3,Computer Science,Senior Software Engineer,55541,No,08-01-2017,No,5,4,5,4,22-04-2021,3,2,4,3,0,4,4,3
B5C6-A760,Female,21,Frequent Traveller,Technology,7,3,Computer Science,Machine Learning Engineer,76518,No,31-08-2019,No,3,1,2,1,22-04-2021,4,3,2,3,1,5,5,5
51A4-EA6E,Non-Binary,46,Some Travel,Sales,17,3,Marketing ,Sales Executive,223874,No,19-07-2021,Yes,1,0,0,0,23-04-2021,3,3,2,3,0,2,4,3
A4A4-F49C,Male,34,Some Travel,Technology,40,3,Computer Science,Senior Software Engineer,97542,No,06-05-2012,No,10,10,10,7,23-04-2021,4,4,2,2,0,2,5,4
626A-9377,Female,27,No Travel ,Technology,19,2,Business Studies,Senior Software Engineer,89785,No,19-12-2015,Yes,0,0,0,0,14-02-2013,4,5,3,1,1,4,3,2
8CF6-3079,Female,27,Some Travel,Technology,1,4,Computer Science,Data Scientist,40050,Yes,16-07-2013,Yes,1,0,0,0,03-02-2015,3,5,3,2,2,3,3,2
23FC-93A5,Female,26,Some Travel,Technology,2,4,Information Systems,Software Engineer,55565,No,22-02-2016,No,6,6,6,4,23-04-2021,2,2,1,1,1,4,4,4
924E-1035,Male,23,Some Travel,Sales,26,2,Marketing ,Sales Executive,58345,Yes,19-01-2017,No,5,4,4,4,23-04-2021,3,4,3,3,0,1,3,2
1147-7E2F,Male,22,Some Travel,Technology,23,3,Computer Science,Data Scientist,37021,No,15-07-2018,Yes,3,0,1,2,24-04-2021,2,2,2,2,1,3,4,4
A31A-A90C,Male,36,Some Travel,Technology,7,3,Information Systems,Data Scientist,46773,Yes,28-02-2014,No,8,7,8,2,24-04-2021,3,3,4,2,3,2,5,4
B8C3-5E0A,Female,26,Some Travel,Technology,18,3,Computer Science,Data Scientist,26414,No,14-05-2017,No,5,5,5,0,24-04-2021,4,3,2,3,1,4,3,2
0626-7020,Female,24,No Travel ,Technology,7,2,Information Systems,Senior Software Engineer,126527,Yes,01-10-2017,No,5,1,5,3,24-04-2021,3,5,4,3,2,4,4,3
7EF0-2BF4,Female,40,Some Travel,Sales,5,4,Marketing ,Manager,267834,No,10-04-2019,No,3,3,3,0,24-04-2021,4,5,2,1,1,5,5,5
1EEB-ABF7,Female,22,Some Travel,Technology,31,1,Computer Science,Software Engineer,43588,No,07-01-2019,No,3,2,3,2,25-04-2021,5,4,3,3,1,5,4,3
D529-0BC2,Female,24,Some Travel,Technology,42,2,Other,Data Scientist,38775,Yes,06-02-2017,No,5,0,5,1,26-04-2021,5,4,3,3,1,5,3,3
4971-33F9,Male,41,Some Travel,Technology,28,4,Business Studies,Senior Software Engineer,184411,No,17-10-2017,No,5,5,5,4,26-04-2021,1,2,4,1,1,1,3,3
D7EE-56FC,Female,39,Frequent Traveller,Sales,17,2,Technical Degree,Sales Executive,107863,Yes,19-01-2012,Yes,8,8,8,5,03-02-2015,5,4,4,3,1,3,3,2
1AC8-361F,Male,26,Some Travel,Sales,22,1,Marketing ,Sales Executive,87142,No,11-11-2015,Yes,2,1,1,0,27-04-2021,2,1,3,3,2,4,3,2
D93A-CC98,Female,24,Some Travel,Sales,27,4,Marketing,Sales Executive,208684,Yes,06-03-2018,Yes,2,0,0,0,27-04-2021,3,4,1,3,1,1,4,4
EE63-4E57,Female,24,Frequent Traveller,Technology,26,4,Business Studies,Senior Software Engineer,133949,No,26-10-2016,No,6,4,6,6,27-04-2021,3,2,4,2,1,4,4,3
F1BD-033D,Male,25,Some Travel,Technology,21,5,Information Systems,Software Engineer,46362,Yes,15-03-2016,No,6,0,4,5,27-04-2021,3,4,3,3,1,3,4,3
05CD-292D,Male,24,Some Travel,Technology,1,3,Other,Software Engineer,54501,No,01-08-2018,No,4,4,4,2,27-04-2021,5,2,5,3,0,5,4,4
4DDB-A84D,Male,46,Some Travel,Sales,38,3,Marketing,Sales Executive,325452,No,16-12-2018,No,4,3,4,3,27-04-2021,3,3,2,1,1,2,3,2
7B96-B655,Male,24,No Travel ,Technology,18,3,Computer Science,Data Scientist,104807,No,11-08-2019,No,3,0,0,1,27-04-2021,4,2,5,3,1,3,5,5
C79A-E5E1,Female,32,Frequent Traveller,Technology,13,1,Computer Science,Data Scientist,48835,Yes,17-02-2012,Yes,8,5,7,0,28-04-2021,5,3,5,1,1,4,5,4
5D73-961A,Male,27,Some Travel,Technology,1,2,Computer Science,Senior Software Engineer,90487,No,25-05-2016,No,6,4,4,4,28-04-2021,5,2,5,2,1,5,3,2
A1B4-5481,Male,25,Some Travel,Sales,37,3,Economics,Sales Executive,79329,No,22-07-2016,Yes,1,1,1,1,29-04-2021,5,2,5,1,2,4,5,4
62A3-DEA7,Male,25,Some Travel,Technology,8,1,Information Systems,Software Engineer,30931,Yes,13-08-2015,Yes,1,0,0,1,04-02-2015,5,2,4,1,1,5,3,2
D49C-096C,Non-Binary,26,No Travel ,Sales,10,2,Economics,Sales Executive,55537,No,16-03-2014,Yes,4,1,1,1,29-04-2021,3,4,5,1,2,2,5,4
2F04-931F,Male,23,Some Travel,Technology,25,3,Business Studies,Data Scientist,37121,Yes,02-10-2018,Yes,1,0,0,0,29-04-2021,3,5,4,3,3,3,5,4
380E-44B4,Male,21,Some Travel,Technology,19,4,Computer Science,Data Scientist,25255,No,01-08-2022,Yes,0,0,0,0,29-04-2021,3,2,3,3,2,3,4,4
5639-70C0,Female,36,Some Travel,Human Resources,31,4,Human Resources,HR Manager,509940,No,15-01-2018,No,4,4,4,2,29-04-2021,5,3,5,1,2,2,3,3
327B-F6D3,Female,37,Some Travel,Technology,6,2,Computer Science,Data Scientist,42188,No,04-10-2013,Yes,8,3,5,6,30-04-2021,4,3,2,3,1,4,3,3
B148-55FB,Male,38,Frequent Traveller,Technology,23,4,Computer Science,Machine Learning Engineer,231699,No,06-11-2018,Yes,1,0,0,0,30-04-2021,5,2,5,3,2,4,3,3
354B-3BC6,Female,21,Some Travel,Technology,4,3,Business Studies,Software Engineer,67900,No,24-06-2019,No,3,3,3,2,30-04-2021,4,2,3,3,3,3,5,5
1472-9F69,Male,27,Some Travel,Sales,1,4,Marketing ,Sales Representative,30870,No,28-12-2014,Yes,3,1,2,3,01-05-2021,3,5,3,2,0,3,3,3
59DB-8465,Female,47,Frequent Traveller,Human Resources,3,3,Marketing ,HR Executive,85744,No,02-03-2013,No,9,0,9,8,01-05-2021,5,5,3,2,0,2,5,4
ADB8-7B07,Female,47,Some Travel,Technology,23,1,Computer Science,Senior Software Engineer,221827,No,05-06-2021,No,1,0,0,1,01-05-2021,3,3,4,3,1,5,3,2
586E-5C14,Male,40,Some Travel,Technology,9,1,Computer Science,Software Engineer,58551,No,27-02-2012,No,10,6,7,3,04-02-2015,4,5,3,2,0,4,4,3
D92F-63AD,Female,19,Frequent Traveller,Technology,45,3,Computer Science,Data Scientist,32322,No,22-04-2021,No,1,1,1,1,01-05-2021,5,3,3,1,3,4,4,4
D31B-BEF8,Male,25,Frequent Traveller,Sales,19,4,Marketing ,Sales Representative,28090,No,31-08-2016,Yes,0,0,0,0,02-05-2021,5,5,4,3,0,4,3,2
565B-C207,Female,30,No Travel ,Technology,3,3,Information Systems,Data Scientist,47338,No,08-05-2013,No,9,4,9,1,02-05-2021,3,3,2,1,2,5,3,2
B90D-4BEF,Female,29,Some Travel,Technology,32,3,Information Systems,Engineering Manager,388605,Yes,01-01-2017,No,5,2,5,0,02-05-2021,3,4,5,3,3,2,4,3
13E5-2F17,Male,24,Frequent Traveller,Technology,15,3,Computer Science,Senior Software Engineer,139627,No,27-01-2016,Yes,5,0,4,1,03-05-2021,4,2,3,3,1,4,3,3
ADF8-AD57,Male,27,Some Travel,Technology,28,3,Computer Science,Data Scientist,20387,No,16-08-2016,Yes,0,0,0,0,03-05-2021,4,4,3,2,2,2,3,3
ED5D-E9D8,Female,28,Some Travel,Sales,32,1,Economics,Sales Representative,52528,No,02-07-2014,No,8,2,4,6,03-05-2021,4,1,3,1,0,2,5,5
FB1D-5A51,Female,23,Some Travel,Technology,29,3,Information Systems,Software Engineer,25500,No,12-08-2017,No,5,5,5,3,03-05-2021,3,4,4,3,1,3,3,3
FE2B-3DC7,Female,28,Some Travel,Technology,23,3,Information Systems,Data Scientist,35606,Yes,07-05-2012,Yes,5,3,4,5,04-05-2021,2,4,3,2,3,3,5,5
F3D0-41D1,Male,20,Some Travel,Technology,34,4,Computer Science,Software Engineer,22925,Yes,13-06-2021,Yes,1,0,0,0,04-05-2021,1,2,2,2,1,3,5,4
E151-8C7D,Female,25,Some Travel,Technology,24,4,Other,Software Engineer,41243,Yes,31-10-2018,No,4,3,4,4,04-02-2015,4,3,5,1,1,5,3,2
11AE-3E4D,Male,39,Some Travel,Sales,38,2,Technical Degree,Manager,300299,Yes,19-02-2012,No,10,7,7,10,04-05-2021,4,4,2,1,0,3,3,3
2CA8-4E1B,Non-Binary,23,Some Travel,Technology,7,3,Business Studies,Software Engineer,28753,No,02-05-2017,Yes,2,1,1,0,05-05-2021,4,1,2,3,1,3,3,2
08E4-D3D5,Male,21,Some Travel,Technology,25,4,Computer Science,Data Scientist,34634,No,11-12-2019,Yes,1,1,1,1,05-05-2021,4,1,4,3,2,3,5,5
D2BE-E6F6,Female,31,Frequent Traveller,Sales,28,2,Marketing ,Sales Executive,183189,No,01-01-2014,No,8,3,6,6,05-05-2021,4,2,2,2,0,3,4,3
E8B6-8BAE,Male,29,Some Travel,Sales,18,2,Economics,Sales Executive,225330,No,02-03-2022,Yes,0,0,0,0,06-05-2021,5,5,2,3,1,4,3,2
291F-B604,Male,26,Some Travel,Technology,3,4,Information Systems,Data Scientist,28952,Yes,22-10-2016,Yes,0,0,0,0,07-05-2021,5,4,5,2,2,3,4,4
692B-7152,Male,47,Some Travel,Sales,42,3,Marketing ,Sales Executive,249553,No,20-05-2012,No,10,3,4,9,07-05-2021,4,2,3,2,3,3,3,2
5A65-768A,Female,43,Frequent Traveller,Sales,40,4,Economics,Sales Executive,86038,No,06-07-2014,No,8,1,3,3,07-05-2021,4,5,3,2,0,2,4,3
4657-FE18,Non-Binary,29,Some Travel,Technology,25,2,Information Systems,Senior Software Engineer,145716,No,22-02-2018,Yes,1,0,1,1,08-05-2021,4,4,2,1,2,3,5,5
4C41-7F73,Female,24,Some Travel,Technology,30,3,Computer Science,Machine Learning Engineer,94318,Yes,21-09-2016,No,6,3,6,5,08-05-2021,3,3,5,2,0,4,4,3
8EE9-E86D,Male,46,Some Travel,Human Resources,45,3,Human Resources,Recruiter,48740,Yes,20-05-2012,Yes,10,8,9,6,05-02-2015,5,5,4,2,3,5,3,3
E28D-424B,Non-Binary,22,Some Travel,Sales,5,1,Economics,Sales Executive,64689,No,19-01-2020,Yes,1,1,1,1,09-05-2021,3,5,4,3,2,5,5,5
7B47-C915,Female,36,Some Travel,Sales,23,4,Marketing,Sales Executive,195502,No,23-02-2014,No,8,0,3,0,09-05-2021,5,4,5,1,1,4,3,3
28F4-8367,Non-Binary,25,Some Travel,Technology,4,3,Business Studies,Machine Learning Engineer,39456,No,15-04-2017,No,5,1,5,4,09-05-2021,3,3,2,1,1,2,5,4
A848-F98B,Male,25,Some Travel,Technology,37,2,Computer Science,Data Scientist,38038,No,26-01-2018,Yes,2,1,1,1,10-05-2021,5,3,3,1,2,3,3,2
DA4C-7F2E,Female,26,Some Travel,Technology,18,3,Computer Science,Analytics Manager,178836,No,18-04-2016,No,6,4,5,6,10-05-2021,3,3,2,3,3,3,5,5
1C87-44CB,Female,28,Frequent Traveller,Technology,9,3,Computer Science,Software Engineer,48930,Yes,14-03-2012,Yes,7,4,6,2,11-05-2021,3,5,3,3,1,3,5,5
41FE-D257,Male,23,Frequent Traveller,Sales,31,3,Technical Degree,Sales Representative,23505,No,12-07-2017,Yes,1,0,0,0,11-05-2021,4,2,2,1,3,4,5,5
A690-3D5D,Female,35,Some Travel,Technology,7,3,Information Systems,Senior Software Engineer,253952,Yes,02-10-2013,No,9,9,9,4,11-05-2021,4,5,5,3,0,5,5,4
42CC-040A,Female,29,Some Travel,Human Resources,29,2,Technical Degree,Recruiter,49606,No,05-01-2012,Yes,6,1,1,6,12-05-2021,3,4,3,1,2,5,3,2
C9FF-3A25,Male,28,No Travel ,Technology,17,2,Information Systems,Software Engineer,54324,Yes,10-09-2015,Yes,3,3,3,1,12-05-2021,4,5,2,1,2,3,4,3
F3CD-9B5B,Male,29,Some Travel,Sales,12,2,Marketing ,Sales Representative,97794,No,30-05-2013,Yes,2,0,1,0,05-02-2015,3,5,4,2,3,5,4,3
BE93-0736,Male,35,No Travel ,Technology,17,2,Computer Science,Senior Software Engineer,117151,No,26-03-2012,No,10,3,7,6,12-05-2021,3,3,5,1,2,3,3,2
BBD0-FB7D,Female,23,Some Travel,Sales,19,4,Economics,Sales Executive,87629,No,19-01-2018,No,4,4,4,1,12-05-2021,4,2,4,3,1,5,4,4
1F0F-458C,Female,29,Some Travel,Technology,3,3,Business Studies,Data Scientist,60388,Yes,11-04-2013,Yes,5,1,3,1,13-05-2021,4,3,2,2,0,3,4,4
A184-3B30,Male,26,Some Travel,Technology,17,3,Information Systems,Software Engineer,55778,No,05-11-2015,No,7,4,7,6,13-05-2021,5,3,4,3,1,5,5,5
801C-89BF,Female,24,Some Travel,Technology,5,2,Information Systems,Data Scientist,46151,No,12-11-2016,No,6,4,6,2,13-05-2021,5,2,5,1,0,4,3,3
C8BC-3B77,Female,27,Frequent Traveller,Sales,21,3,Economics,Sales Executive,66488,No,18-07-2016,No,6,5,6,3,13-05-2021,4,2,2,2,1,2,4,4
ECC7-B638,Male,24,Frequent Traveller,Sales,44,3,Marketing,Sales Executive,41741,No,20-07-2018,No,4,0,1,0,13-05-2021,5,2,3,3,0,3,3,3
DE6C-86FC,Non-Binary,43,Some Travel,Technology,31,4,Computer Science,Software Engineer,130665,No,10-12-2013,No,9,6,9,6,14-05-2021,4,4,4,1,0,4,4,3
1C57-5F2A,Female,27,Some Travel,Technology,42,3,Computer Science,Software Engineer,33606,No,07-05-2015,No,7,0,0,2,14-05-2021,4,2,2,1,3,5,5,4
E676-215C,Female,21,No Travel ,Sales,21,3,Marketing ,Sales Executive,69402,No,14-01-2019,No,3,1,3,0,14-05-2021,5,4,2,3,2,3,3,2
AD0D-E79F,Male,22,Some Travel,Sales,16,2,Marketing,Sales Executive,53220,Yes,28-11-2021,Yes,0,0,0,0,05-02-2015,5,3,4,1,2,3,5,5
0A05-3943,Female,26,Some Travel,Technology,20,3,Business Studies,Software Engineer,33273,Yes,20-01-2015,Yes,2,1,1,0,15-05-2021,4,4,4,2,1,4,4,3
9F65-F612,Female,28,Some Travel,Technology,33,3,Computer Science,Data Scientist,54536,No,23-04-2012,Yes,3,3,3,2,15-05-2021,4,4,3,3,2,2,3,3
64D6-0D5F,Non-Binary,37,Some Travel,Technology,28,3,Information Systems,Analytics Manager,368494,Yes,14-05-2012,No,10,8,9,6,15-05-2021,3,4,5,2,1,3,3,2
26DF-1241,Male,23,Some Travel,Sales,33,3,Economics,Sales Representative,30477,No,20-02-2018,No,4,2,3,3,15-05-2021,5,2,4,2,1,2,5,5
2BCE-F73C,Male,23,Frequent Traveller,Sales,26,4,Marketing,Sales Executive,68046,No,01-06-2018,No,4,4,4,2,15-05-2021,3,2,2,1,3,4,5,4
6B5B-8080,Female,24,Frequent Traveller,Technology,26,4,Other,Software Engineer,35885,No,03-04-2019,No,3,1,2,2,15-05-2021,3,4,2,1,1,4,3,2
9D3C-DA45,Male,32,Some Travel,Technology,24,3,Information Systems,Data Scientist,41857,No,12-04-2013,No,9,0,5,2,16-05-2021,4,5,5,2,0,5,5,5
FAD6-EAA3,Male,23,Some Travel,Technology,27,4,Information Systems,Machine Learning Engineer,47046,Yes,03-03-2019,No,3,2,2,1,16-05-2021,4,3,3,3,2,3,5,5
2523-EFD4,Female,34,Some Travel,Technology,14,2,Information Systems,Senior Software Engineer,154405,No,27-05-2013,No,9,7,7,1,17-05-2021,3,5,3,2,2,2,3,3
3A20-7C3E,Male,25,Some Travel,Technology,44,4,Other,Software Engineer,52210,No,01-07-2016,No,6,0,1,0,17-05-2021,3,5,2,3,0,5,3,3
D8B3-30D2,Female,22,Some Travel,Technology,40,1,Business Studies,Data Scientist,53080,Yes,24-12-2019,Yes,2,0,1,0,05-02-2015,5,4,2,1,0,2,3,2
3CFD-6622,Female,40,Frequent Traveller,Technology,19,3,Information Systems,Analytics Manager,513325,No,10-03-2019,No,3,0,0,1,17-05-2021,5,5,5,2,2,5,3,2
4D59-B831,Female,25,Some Travel,Human Resources,14,1,Human Resources,Recruiter,22150,No,25-06-2018,Yes,2,0,1,1,18-05-2021,3,4,5,1,0,5,5,4
5060-A677,Male,26,Frequent Traveller,Technology,45,3,Information Systems,Machine Learning Engineer,108865,No,21-01-2016,Yes,1,0,0,1,18-05-2021,3,4,5,2,0,5,3,3
A2D0-E2D2,Female,26,Some Travel,Technology,25,3,Information Systems,Software Engineer,22089,Yes,15-12-2014,Yes,1,0,0,0,18-05-2021,3,5,5,1,1,3,4,4
BE54-8537,Female,26,Frequent Traveller,Technology,14,3,Computer Science,Software Engineer,36794,No,18-11-2015,Yes,5,3,4,3,18-05-2021,5,5,5,1,0,5,5,5
494B-7047,Non-Binary,22,No Travel ,Technology,32,2,Computer Science,Software Engineer,38358,No,05-07-2019,No,3,2,2,3,18-05-2021,3,4,3,2,0,5,4,3
9169-FC4B,Male,28,Some Travel,Human Resources,18,2,Economics,HR Executive,179561,No,09-05-2012,Yes,1,0,0,1,19-05-2021,3,5,3,2,1,2,3,3
72A2-1105,Female,22,Some Travel,Sales,36,3,Marketing,Sales Executive,60699,No,21-03-2018,No,4,0,3,0,19-05-2021,5,4,3,2,0,4,4,3
E9D9-787A,Male,26,Some Travel,Technology,20,1,Computer Science,Senior Software Engineer,207687,Yes,08-09-2017,No,5,0,5,4,19-05-2021,3,4,4,2,3,2,4,3
00B0-F199,Male,23,Some Travel,Sales,35,1,Marketing ,Sales Executive,97824,Yes,16-03-2020,Yes,1,0,1,0,20-05-2021,5,3,2,1,3,4,5,4
151D-1FF2,Female,34,Frequent Traveller,Sales,15,2,Marketing ,Sales Executive,173246,Yes,20-02-2012,Yes,9,4,7,7,06-02-2015,5,2,3,1,2,2,4,4
5988-3855,Female,43,Some Travel,Technology,31,1,Information Systems,Software Engineer,98693,No,04-07-2014,No,8,5,8,6,20-05-2021,3,5,2,2,0,2,3,3
1705-0DE5,Female,38,Some Travel,Technology,10,3,Business Studies,Engineering Manager,303360,No,16-10-2021,Yes,0,0,0,0,21-05-2021,3,5,5,1,0,2,3,2
8766-F1E7,Male,25,Some Travel,Technology,18,4,Information Systems,Machine Learning Engineer,130434,Yes,26-09-2016,Yes,0,0,0,0,22-05-2021,3,2,3,2,0,4,3,3
45F9-3A37,Male,21,Some Travel,Technology,34,4,Information Systems,Software Engineer,61758,No,22-11-2022,Yes,0,0,0,0,22-05-2021,4,3,2,1,1,5,3,3
BD1B-53A3,Male,43,Some Travel,Sales,27,3,Marketing,Sales Executive,128885,Yes,17-01-2012,No,10,1,10,2,22-05-2021,3,5,4,3,1,3,5,5
81BE-17CD,Male,30,Frequent Traveller,Technology,33,2,Computer Science,Data Scientist,35126,Yes,18-12-2013,No,9,1,5,5,22-05-2021,4,2,3,3,1,4,3,2
1B7F-73A9,Male,34,Some Travel,Technology,24,3,Computer Science,Software Engineer,42721,No,10-12-2014,No,8,3,3,7,22-05-2021,5,4,3,2,0,2,4,3
3B90-B998,Male,33,No Travel ,Technology,26,3,Computer Science,Data Scientist,43998,No,29-09-2014,No,8,6,7,2,22-05-2021,3,5,4,2,0,2,4,4
DF5F-5ED9,Female,46,No Travel ,Technology,21,1,Computer Science,Analytics Manager,281175,Yes,02-06-2014,No,8,1,2,2,22-05-2021,3,2,4,2,2,3,4,4
4FCD-7D65,Female,24,No Travel ,Technology,26,4,Computer Science,Senior Software Engineer,77358,Yes,30-05-2017,No,5,0,0,4,22-05-2021,2,3,2,1,0,2,3,2
5A04-0EB4,Female,27,Frequent Traveller,Sales,43,3,Marketing,Sales Representative,24583,Yes,16-08-2014,Yes,7,0,1,6,16-02-2013,4,3,4,1,2,3,3,3
5476-CA0D,Female,31,Frequent Traveller,Technology,4,2,Information Systems,Data Scientist,69747,No,12-01-2012,Yes,6,5,5,1,06-02-2015,4,4,2,2,1,5,5,4
6A09-C910,Male,24,Some Travel,Technology,19,4,Computer Science,Software Engineer,35270,No,16-08-2016,No,6,0,5,2,22-05-2021,4,1,1,3,2,2,5,5
06DE-E772,Male,34,Frequent Traveller,Sales,45,3,Marketing ,Sales Executive,341971,No,02-09-2020,Yes,1,0,0,0,23-05-2021,2,3,3,2,0,1,5,4
0F83-39C1,Female,30,Some Travel,Technology,33,2,Information Systems,Software Engineer,55485,No,25-12-2013,No,9,8,9,2,23-05-2021,3,2,4,3,1,4,4,3
ED49-73D3,Female,28,Some Travel,Sales,18,4,Marketing,Sales Executive,134427,Yes,28-08-2013,No,9,9,9,2,23-05-2021,4,4,2,3,0,4,3,2
9C24-CD7A,Female,45,Some Travel,Technology,13,2,Other,Analytics Manager,349793,No,10-07-2014,No,8,0,8,6,24-05-2021,3,3,3,3,1,2,3,2
242A-4FA0,Male,25,Some Travel,Technology,2,4,Computer Science,Software Engineer,73825,Yes,02-11-2016,No,6,1,4,4,24-05-2021,4,2,3,3,1,2,5,4
566A-FC64,Female,27,Some Travel,Sales,4,4,Marketing ,Manager,255718,No,15-10-2016,No,6,0,5,4,24-05-2021,5,5,3,2,0,3,3,3
D91C-815B,Female,22,Frequent Traveller,Sales,26,2,Economics,Sales Representative,42250,Yes,23-05-2018,Yes,4,1,3,2,25-05-2021,3,5,4,1,0,3,5,4
29C2-1A3F,Female,30,Some Travel,Technology,32,3,Information Systems,Senior Software Engineer,158656,No,25-12-2019,Yes,2,1,1,2,25-05-2021,4,3,3,3,1,5,3,2
462E-03DF,Female,45,Some Travel,Technology,20,1,Computer Science,Software Engineer,90264,Yes,19-03-2012,No,10,2,4,4,25-05-2021,5,2,5,1,2,4,4,4
D696-9D82,Male,38,Some Travel,Technology,39,3,Computer Science,Data Scientist,65416,No,25-03-2012,No,10,5,10,7,06-02-2015,5,5,4,1,0,2,5,5
2F98-E645,Female,29,Frequent Traveller,Technology,17,3,Computer Science,Data Scientist,105554,Yes,25-02-2014,Yes,5,2,5,2,26-05-2021,4,2,2,3,1,2,3,3
F469-0427,Female,19,Frequent Traveller,Human Resources,31,4,Marketing ,Recruiter,36832,Yes,20-02-2022,Yes,0,0,0,0,26-05-2021,3,4,2,2,0,4,5,5
4938-402A,Male,24,No Travel ,Sales,6,3,Economics,Manager,135407,No,05-07-2018,No,4,2,4,2,26-05-2021,4,4,5,1,0,4,5,5
3E3B-681D,Male,23,Some Travel,Technology,30,2,Information Systems,Data Scientist,24518,No,25-04-2019,No,3,2,2,3,26-05-2021,4,4,2,1,3,3,4,4
0742-C802,Female,24,Frequent Traveller,Technology,30,4,Information Systems,Senior Software Engineer,66110,Yes,24-07-2019,No,3,2,2,0,27-05-2021,5,4,5,3,3,5,3,2
C08F-94F9,Male,26,Some Travel,Technology,32,3,Information Systems,Software Engineer,40100,Yes,30-07-2015,Yes,0,0,0,0,28-05-2021,3,5,4,2,1,3,4,3
DEBE-1622,Male,28,Frequent Traveller,Technology,22,5,Computer Science,Machine Learning Engineer,205433,No,02-04-2012,Yes,4,1,2,1,28-05-2021,4,5,5,2,2,5,4,3
6965-C170,Female,48,Some Travel,Sales,32,3,Technical Degree,Manager,354336,Yes,18-04-2013,No,9,1,2,9,28-05-2021,5,5,2,3,0,4,5,5
7349-CCE0,Female,32,Some Travel,Technology,7,4,Computer Science,Software Engineer,85568,No,31-07-2013,No,9,7,9,1,28-05-2021,4,5,3,2,0,4,5,5
8FF0-0F7A,Female,26,No Travel ,Technology,18,4,Information Systems,Engineering Manager,153420,Yes,10-08-2015,No,7,5,5,7,29-05-2021,5,3,5,3,1,2,5,5
C96F-0F3B,Female,41,Some Travel,Sales,16,1,Marketing ,Sales Representative,48147,No,01-03-2012,No,10,8,10,5,09-02-2015,3,2,2,1,1,2,4,4
259B-6C50,Male,27,Some Travel,Sales,27,5,Marketing,Sales Executive,45880,Yes,03-02-2016,No,6,1,4,0,29-05-2021,4,5,2,3,0,2,3,2
6313-8E62,Male,23,Frequent Traveller,Sales,41,1,Marketing ,Sales Representative,26508,Yes,01-05-2020,Yes,1,0,0,0,30-05-2021,5,4,5,1,1,5,4,4
F662-DEA5,Male,38,Some Travel,Technology,18,2,Information Systems,Data Scientist,89362,No,01-03-2013,No,9,3,9,7,30-05-2021,4,4,2,2,0,2,3,3
76ED-1CF5,Male,47,Some Travel,Technology,12,4,Information Systems,Software Engineer,105126,No,21-11-2014,No,8,0,7,1,30-05-2021,3,3,5,1,0,3,4,3
2FAE-9278,Male,24,Some Travel,Technology,23,5,Computer Science,Senior Software Engineer,92798,Yes,23-05-2016,No,6,4,4,1,30-05-2021,5,5,5,1,0,2,3,2
FC47-1953,Female,25,Frequent Traveller,Technology,15,4,Other,Data Scientist,31931,No,21-04-2016,No,6,1,1,3,30-05-2021,5,3,2,3,1,3,5,4
EFA2-B2D0,Female,21,Some Travel,Technology,2,2,Other,Data Scientist,31254,No,25-08-2019,No,3,0,1,1,30-05-2021,3,2,5,3,0,5,5,4
B3AF-7E58,Female,45,Some Travel,Human Resources,34,2,Human Resources,Recruiter,54132,Yes,20-01-2012,No,10,10,10,10,31-05-2021,5,2,4,1,0,3,5,5
64BA-99F0,Female,43,Some Travel,Technology,14,3,Computer Science,Engineering Manager,309141,No,19-10-2013,No,9,6,6,9,31-05-2021,3,4,2,1,2,4,5,5
8663-3E02,Male,37,Frequent Traveller,Technology,7,4,Information Systems,Analytics Manager,276322,No,26-11-2013,No,9,0,9,1,31-05-2021,3,2,2,2,1,3,4,3
EE39-C8F2,Female,47,Some Travel,Technology,17,2,Computer Science,Software Engineer,46514,No,12-02-2012,No,10,9,9,2,09-02-2015,4,4,3,3,0,4,5,4
F523-1135,Male,29,Frequent Traveller,Technology,17,2,Computer Science,Machine Learning Engineer,129703,No,25-04-2013,No,9,6,6,3,31-05-2021,4,4,5,1,1,3,3,2
5C87-D7BB,Female,25,Frequent Traveller,Technology,5,4,Computer Science,Software Engineer,67151,Yes,22-04-2017,No,5,4,5,4,31-05-2021,4,3,4,3,1,5,5,4
3A2C-ABB8,Male,25,Some Travel,Technology,5,3,Computer Science,Software Engineer,28646,No,02-07-2015,No,7,6,6,3,01-06-2021,4,5,2,2,2,4,3,2
0C7B-2EA6,Male,34,Frequent Traveller,Technology,25,2,Other,Data Scientist,39015,No,15-09-2013,No,9,5,6,4,02-06-2021,5,3,4,1,0,5,4,4
06E8-4FD4,Female,20,Some Travel,Sales,32,2,Marketing,Sales Representative,38532,Yes,03-12-2022,Yes,0,0,0,0,03-06-2021,3,3,3,2,3,3,5,5
9D7B-9B37,Female,28,Some Travel,Sales,8,3,Marketing,Sales Executive,194964,Yes,04-05-2012,No,10,2,2,8,04-06-2021,3,4,5,1,1,3,3,2
BBE1-D4A5,Male,24,Some Travel,Technology,12,3,Computer Science,Software Engineer,33202,No,30-12-2017,No,5,5,5,4,04-06-2021,5,3,4,2,3,3,5,4
DDBF-9C79,Female,26,Some Travel,Sales,10,4,Marketing,Sales Executive,93246,Yes,25-06-2021,Yes,1,0,0,0,05-06-2021,4,2,3,2,0,4,4,3
6CAD-47F0,Male,39,Some Travel,Technology,33,2,Information Systems,Machine Learning Engineer,99602,No,29-10-2013,No,9,5,8,4,05-06-2021,5,4,3,2,3,5,4,3
CD4D-7BBA,Male,43,Some Travel,Technology,38,4,Computer Science,Software Engineer,155786,Yes,29-07-2013,No,9,0,7,5,05-06-2021,3,3,5,1,2,4,3,3
9DFE-1FD5,Male,42,Some Travel,Human Resources,4,3,Human Resources,HR Manager,463051,No,01-03-2012,No,10,0,10,7,10-02-2015,5,4,4,1,0,5,5,4
AFE1-76D3,Male,21,Some Travel,Technology,30,1,Computer Science,Software Engineer,31624,No,08-09-2019,No,3,3,3,2,05-06-2021,3,4,4,2,1,5,3,2
F72A-48DD,Non-Binary,23,Some Travel,Technology,7,1,Information Systems,Data Scientist,27360,No,11-03-2019,No,3,2,3,3,05-06-2021,4,2,5,1,1,4,3,2
D3F6-A313,Male,27,Some Travel,Technology,34,4,Computer Science,Software Engineer,50949,No,13-08-2015,No,7,6,7,3,06-06-2021,5,2,4,1,0,5,3,3
2B70-5A31,Male,25,Some Travel,Technology,17,3,Computer Science,Software Engineer,44082,No,25-07-2017,No,5,1,3,0,06-06-2021,4,3,2,3,1,4,4,3
F60C-4888,Female,36,Frequent Traveller,Technology,6,4,Information Systems,Data Scientist,51050,Yes,05-08-2014,No,8,6,7,2,07-06-2021,5,2,4,3,1,4,4,4
0EA5-3A95,Female,25,Some Travel,Technology,22,3,Business Studies,Software Engineer,53271,No,19-11-2017,No,5,5,5,1,07-06-2021,3,2,4,3,1,5,5,4
B785-D8F8,Male,32,Some Travel,Technology,36,2,Computer Science,Software Engineer,78672,No,29-04-2012,No,10,6,9,5,08-06-2021,4,3,5,2,2,3,4,3
D584-4E31,Female,35,Some Travel,Human Resources,22,1,Economics,Recruiter,67264,No,22-02-2012,No,10,8,8,2,08-06-2021,5,2,4,1,3,2,4,4
8A40-C85A,Female,44,Some Travel,Technology,28,3,Information Systems,Software Engineer,53325,Yes,28-02-2012,No,10,4,8,4,09-06-2021,3,5,3,2,1,5,4,4
19C3-DAE4,Male,30,Some Travel,Technology,19,3,Information Systems,Data Scientist,53336,No,11-06-2014,No,8,3,3,7,09-06-2021,3,3,2,1,0,2,3,2
0D1B-DEC2,Non-Binary,24,Some Travel,Technology,23,3,Computer Science,Data Scientist,100586,No,23-04-2017,Yes,4,4,4,4,11-02-2015,4,5,4,1,0,5,3,3
DC67-3B66,Male,25,Some Travel,Technology,33,3,Information Systems,Software Engineer,24417,No,26-02-2016,No,6,2,6,6,10-06-2021,4,5,2,2,0,4,4,4
E81C-A653,Female,27,Some Travel,Sales,34,2,Marketing ,Sales Executive,129366,No,17-11-2016,No,6,0,5,0,11-06-2021,5,3,3,3,1,4,5,4
DFDC-286C,Female,22,Some Travel,Technology,13,4,Information Systems,Machine Learning Engineer,64364,No,09-12-2021,Yes,0,0,0,0,12-06-2021,5,4,2,3,1,4,3,3
3E42-57C8,Male,23,Some Travel,Sales,12,3,Marketing,Sales Executive,84985,No,01-05-2020,Yes,1,0,0,0,13-06-2021,3,3,4,1,2,5,3,2
E9B9-3944,Male,42,Some Travel,Technology,5,1,Computer Science,Data Scientist,47461,No,05-05-2012,No,10,4,7,5,13-06-2021,4,4,2,1,0,4,5,5
A91B-7DC5,Female,42,Some Travel,Technology,43,4,Computer Science,Machine Learning Engineer,110069,No,26-12-2013,No,9,3,8,4,13-06-2021,5,4,4,1,0,3,5,4
B967-D6D3,Female,26,No Travel ,Technology,21,3,Computer Science,Data Scientist,26919,No,04-05-2016,No,6,0,5,3,13-06-2021,4,3,5,3,0,3,5,4
648E-FE5F,Male,25,Some Travel,Sales,11,3,Marketing ,Sales Executive,58914,No,11-07-2018,No,4,0,1,0,13-06-2021,3,4,2,2,2,3,3,2
5416-F925,Male,43,No Travel ,Technology,14,1,Computer Science,Data Scientist,76331,No,18-06-2014,No,8,2,4,3,14-06-2021,5,4,5,1,1,3,3,2
07C3-7429,Male,26,Some Travel,Technology,18,3,Information Systems,Machine Learning Engineer,54470,No,21-07-2016,No,6,0,6,3,14-06-2021,5,5,2,3,0,3,3,2
B407-ABCA,Male,26,Some Travel,Sales,2,4,Economics,Sales Executive,60087,Yes,08-11-2016,Yes,4,0,0,3,11-02-2015,5,4,3,1,2,4,5,4
16B6-9C29,Female,26,Some Travel,Sales,18,2,Marketing ,Sales Executive,62868,No,09-10-2017,No,5,2,4,0,14-06-2021,5,5,2,1,0,4,4,3
D4BE-786C,Male,24,No Travel ,Sales,3,3,Economics,Sales Executive,128634,No,11-06-2018,No,4,4,4,4,14-06-2021,5,3,4,1,3,2,5,4
AB5F-244C,Male,36,Some Travel,Technology,7,4,Computer Science,Data Scientist,73643,No,14-04-2012,No,10,0,7,9,15-06-2021,3,3,3,1,3,5,3,3
4F64-A0E2,Non-Binary,48,Frequent Traveller,Sales,9,3,Economics,Sales Executive,288450,Yes,24-05-2014,No,8,2,6,4,15-06-2021,3,2,2,2,0,5,3,2
1E61-70EC,Male,46,Some Travel,Technology,11,4,Information Systems,Software Engineer,56608,Yes,31-03-2012,No,10,3,5,9,16-06-2021,3,2,5,3,0,5,3,3
549F-B3E7,Female,41,No Travel ,Sales,34,2,Marketing ,Sales Executive,109747,No,20-07-2013,No,9,8,9,5,16-06-2021,3,2,4,3,0,5,3,3
6FE3-2270,Non-Binary,31,Frequent Traveller,Sales,35,3,Marketing,Sales Executive,115982,No,03-04-2014,No,8,7,7,4,16-06-2021,3,3,3,1,3,4,3,2
22FF-9076,Female,27,Some Travel,Sales,36,3,Technical Degree,Sales Executive,173994,No,23-07-2016,No,6,1,5,6,16-06-2021,5,2,5,2,0,2,4,4
B8A5-07A1,Female,24,Some Travel,Technology,27,4,Other,Data Scientist,33554,No,21-05-2016,No,6,1,2,6,16-06-2021,5,3,3,1,1,3,5,5
C6F6-CDFE,Female,24,Some Travel,Sales,8,4,Marketing,Sales Representative,50513,No,04-08-2018,No,4,0,4,1,16-06-2021,5,3,3,1,0,3,5,4
DB6C-3B2F,Female,19,Some Travel,Technology,43,3,Information Systems,Data Scientist,49006,No,18-07-2022,Yes,0,0,0,0,12-02-2015,4,2,5,1,0,5,5,4
005C-E0FB,Non-Binary,24,Frequent Traveller,Sales,17,4,Marketing ,Sales Executive,56155,No,26-08-2017,No,5,2,2,0,17-06-2021,4,4,5,1,1,5,3,3
00A3-2445,Male,30,Some Travel,Technology,6,2,Computer Science,Machine Learning Engineer,126238,No,08-03-2012,No,10,3,6,6,18-06-2021,3,2,2,3,0,4,3,3
F4D2-F6F2,Female,47,Some Travel,Technology,8,3,Computer Science,Engineering Manager,287710,No,05-01-2014,No,8,8,8,5,18-06-2021,5,2,3,3,0,3,5,4
1C6C-3B67,Non-Binary,41,Frequent Traveller,Technology,7,3,Computer Science,Software Engineer,96632,No,31-12-2014,No,8,2,8,0,18-06-2021,3,4,4,1,2,5,5,5
BDC5-51CF,Female,25,Frequent Traveller,Sales,3,4,Other,Sales Executive,56163,Yes,26-11-2018,Yes,0,0,0,0,20-06-2021,5,5,5,2,0,4,4,4
5468-EEE1,Male,28,No Travel ,Technology,44,2,Computer Science,Senior Software Engineer,218406,No,17-02-2012,No,10,10,10,10,20-06-2021,4,2,2,3,1,3,5,5
F2BA-F63A,Male,21,Some Travel,Sales,21,4,Marketing ,Sales Representative,33641,No,20-05-2019,No,3,0,3,1,20-06-2021,3,2,4,1,2,4,5,4
2E72-4BF1,Male,44,Some Travel,Sales,21,3,Marketing,Manager,426142,No,07-02-2012,No,10,4,5,4,21-06-2021,5,3,2,2,2,2,4,3
2937-EB65,Male,24,Some Travel,Sales,16,3,Marketing,Sales Executive,116132,No,20-08-2018,No,4,1,4,1,21-06-2021,3,4,3,3,0,4,3,2
3EB2-9111,Male,48,Some Travel,Technology,26,4,Information Systems,Data Scientist,35749,No,17-05-2012,No,10,7,7,8,22-06-2021,4,2,3,2,0,3,5,5
279C-7342,Non-Binary,29,Frequent Traveller,Sales,31,4,Marketing,Sales Executive,100925,Yes,08-08-2013,Yes,3,1,1,1,13-02-2015,4,2,4,1,1,4,5,4
8822-B9C5,Female,41,Some Travel,Technology,9,3,Computer Science,Machine Learning Engineer,197592,Yes,24-03-2012,No,10,5,10,0,22-06-2021,2,2,1,1,2,3,4,4
5544-4583,Female,41,Some Travel,Sales,42,3,Technical Degree,Sales Executive,142853,No,27-05-2014,No,8,7,8,7,22-06-2021,3,3,4,2,0,4,4,4
9CE9-B0D5,Male,33,Some Travel,Technology,31,1,Information Systems,Data Scientist,60754,No,15-06-2014,No,8,7,8,1,22-06-2021,4,2,4,3,0,4,5,5
9AAD-D3C1,Female,45,Some Travel,Sales,43,2,Other,Sales Executive,106610,Yes,03-05-2012,No,10,0,7,5,23-06-2021,3,2,4,1,1,2,3,3
95CB-4E31,Male,28,No Travel ,Technology,4,3,Business Studies,Software Engineer,57837,No,30-06-2015,No,7,3,3,6,23-06-2021,3,2,5,1,1,4,5,4
9BE8-2C44,Male,25,Frequent Traveller,Sales,42,3,Marketing ,Sales Executive,72758,No,12-01-2018,No,4,3,3,3,23-06-2021,5,4,2,1,2,5,5,4
AA67-CB22,Male,26,Some Travel,Technology,4,4,Computer Science,Senior Software Engineer,167509,No,19-05-2015,No,7,6,6,0,24-06-2021,4,3,5,2,1,4,3,2
4CCA-B1E6,Male,43,Some Travel,Sales,39,2,Marketing,Sales Executive,176705,No,05-05-2012,No,10,5,7,7,25-06-2021,3,5,2,2,3,3,3,2
E8F5-C47D,Female,30,Some Travel,Human Resources,19,3,Human Resources,HR Executive,97153,No,25-03-2012,No,10,5,6,9,25-06-2021,4,5,2,1,0,5,4,4
8026-658D,Male,36,Some Travel,Technology,28,3,Information Systems,Machine Learning Engineer,174019,Yes,07-03-2013,No,9,8,9,1,25-06-2021,3,3,4,3,1,2,5,5
83FD-F920,Male,25,Some Travel,Technology,41,1,Computer Science,Data Scientist,28137,Yes,10-01-2016,Yes,4,3,3,1,13-02-2015,3,5,5,2,2,5,4,4
F5CC-33FA,Male,25,Some Travel,Sales,30,4,Marketing,Sales Executive,106738,No,02-04-2016,No,6,4,5,2,25-06-2021,4,3,4,2,0,2,4,3
35D2-818A,Female,26,Frequent Traveller,Technology,16,4,Other,Software Engineer,62602,Yes,24-11-2017,No,5,2,3,2,26-06-2021,4,5,4,2,0,3,3,3
24DD-6D7C,Female,24,Some Travel,Technology,34,3,Computer Science,Machine Learning Engineer,78242,No,07-03-2019,No,3,0,3,2,26-06-2021,3,4,3,2,2,3,4,4
C0C7-A3EF,Male,48,No Travel ,Sales,9,5,Economics,Sales Executive,125587,No,12-02-2012,No,10,10,10,4,27-06-2021,4,3,4,2,2,4,3,3
C385-CDBE,Female,36,Some Travel,Technology,41,3,Computer Science,Machine Learning Engineer,218940,Yes,14-05-2012,No,10,6,8,5,27-06-2021,3,2,3,2,1,3,3,3
342B-0932,Male,21,Some Travel,Technology,18,2,Computer Science,Software Engineer,29558,Yes,17-06-2019,No,3,2,3,2,27-06-2021,3,4,4,2,0,3,3,2
2B7A-9C73,Non-Binary,45,Frequent Traveller,Technology,17,4,Computer Science,Machine Learning Engineer,123619,Yes,01-05-2013,No,9,7,9,2,28-06-2021,5,4,5,3,2,5,5,5
E46A-3676,Male,28,Some Travel,Sales,32,4,Marketing,Sales Executive,128222,No,07-11-2015,No,7,6,7,1,28-06-2021,4,2,5,1,1,3,4,4
ABDA-F749,Male,27,Some Travel,Technology,42,3,Other,Machine Learning Engineer,49343,No,16-06-2016,No,6,3,3,0,28-06-2021,5,2,2,2,3,2,4,4
6A0D-9C4D,Male,34,Frequent Traveller,Technology,34,2,Information Systems,Machine Learning Engineer,265922,Yes,06-03-2014,No,8,3,3,5,29-06-2021,4,3,3,2,2,2,4,4
111D-E5EF,Non-Binary,37,Some Travel,Technology,3,3,Computer Science,Software Engineer,48395,No,15-01-2012,No,10,2,2,4,16-02-2013,3,2,3,2,0,2,4,4
626A-9377,Female,27,No Travel ,Technology,19,2,Business Studies,Senior Software Engineer,89785,No,19-12-2015,Yes,0,0,0,0,14-02-2015,5,2,2,1,2,5,5,4
D676-4ECC,Female,44,Some Travel,Technology,13,3,Information Systems,Software Engineer,57296,No,29-11-2014,No,8,5,7,3,29-06-2021,1,1,4,2,1,1,5,5
74F3-DF3D,Female,25,Some Travel,Human Resources,22,2,Economics,HR Executive,49131,No,30-05-2015,No,7,2,6,2,29-06-2021,3,3,2,2,1,1,4,3
C026-3E38,Male,28,Some Travel,Technology,2,3,Computer Science,Machine Learning Engineer,220234,Yes,26-10-2015,No,7,5,7,1,29-06-2021,4,4,2,3,1,1,4,4
AF11-04C3,Female,27,Some Travel,Sales,19,4,Marketing,Manager,149813,No,30-08-2016,No,6,0,1,1,29-06-2021,3,1,4,1,0,2,4,3
4C88-27A1,Female,21,Some Travel,Technology,38,1,Information Systems,Senior Software Engineer,63049,Yes,01-03-2021,Yes,0,0,0,0,30-06-2021,3,4,2,1,2,2,4,4
5731-90E6,Non-Binary,35,No Travel ,Technology,27,3,Computer Science,Analytics Manager,542695,No,02-03-2012,No,10,5,5,1,30-06-2021,5,5,3,1,0,2,3,3
FBC2-C5FA,Male,44,Some Travel,Technology,4,3,Computer Science,Data Scientist,74172,No,26-11-2013,No,9,8,9,9,30-06-2021,5,4,4,3,2,3,3,3
5E9A-FE30,Female,30,Some Travel,Technology,38,4,Computer Science,Data Scientist,88609,Yes,24-11-2014,No,8,4,4,1,30-06-2021,3,5,5,2,1,3,3,2
E72B-64FA,Male,41,Some Travel,Technology,7,4,Information Systems,Engineering Manager,273211,No,20-10-2018,No,4,3,4,3,30-06-2021,4,2,3,3,0,5,3,2
E480-FF03,Male,22,No Travel ,Technology,13,5,Computer Science,Senior Software Engineer,68629,No,25-03-2019,No,3,1,1,0,30-06-2021,4,4,5,1,0,2,3,3
5A04-0EB4,Female,27,Frequent Traveller,Sales,43,3,Marketing,Sales Representative,24583,Yes,16-08-2014,Yes,7,0,1,6,16-02-2015,5,4,2,3,2,5,3,3
3747-3110,Male,23,Some Travel,Technology,12,3,Computer Science,Software Engineer,35776,Yes,22-12-2017,No,5,0,3,4,01-07-2021,4,4,3,1,2,5,5,4
F9B6-C80B,Female,43,Some Travel,Technology,10,3,Computer Science,Software Engineer,43211,No,12-05-2012,No,10,2,6,9,02-07-2021,4,5,3,3,2,2,4,4
0AA2-881A,Male,25,Some Travel,Technology,28,4,Information Systems,Software Engineer,29126,No,18-07-2016,No,6,0,2,3,03-07-2021,5,4,3,2,2,5,5,4
A7F8-24EA,Male,24,Some Travel,Technology,35,3,Information Systems,Machine Learning Engineer,128126,Yes,04-04-2017,No,5,0,0,5,03-07-2021,4,2,5,3,0,2,3,2
2F85-AF81,Non-Binary,42,Some Travel,Technology,12,4,Business Studies,Senior Software Engineer,167089,No,24-05-2012,No,10,7,9,8,04-07-2021,3,5,5,3,1,2,3,3
5395-75A1,Male,26,Some Travel,Sales,41,4,Marketing ,Sales Executive,61238,No,11-04-2016,No,6,4,6,3,04-07-2021,5,2,5,1,1,3,4,3
5919-4ADE,Female,24,Some Travel,Technology,11,3,Computer Science,Senior Software Engineer,65486,No,14-08-2018,No,4,4,4,0,04-07-2021,4,3,3,2,1,2,5,5
68C4-272C,Female,21,No Travel ,Technology,22,2,Other,Software Engineer,25208,Yes,19-07-2019,No,3,0,0,1,04-07-2021,4,5,3,2,0,2,5,5
CF5D-0E32,Male,21,Frequent Traveller,Technology,36,3,Computer Science,Software Engineer,22462,Yes,24-01-2019,No,3,2,2,3,04-07-2021,5,2,4,2,0,4,5,4
427A-8C69,Male,32,Some Travel,Technology,15,3,Other,Analytics Manager,393294,No,04-02-2012,No,10,2,2,2,05-07-2021,4,5,2,3,3,3,5,4
111D-E5EF,Non-Binary,37,Some Travel,Technology,3,3,Computer Science,Software Engineer,48395,No,15-01-2012,No,10,2,2,4,16-02-2015,4,2,2,2,0,2,3,2
C389-FC34,Female,27,Some Travel,Technology,45,3,Business Studies,Software Engineer,28828,No,09-07-2016,No,6,1,6,4,05-07-2021,4,2,2,3,1,2,5,5
ABB0-9B03,Female,21,Some Travel,Technology,44,4,Computer Science,Software Engineer,46366,No,16-05-2019,No,3,0,3,0,05-07-2021,3,3,4,3,2,2,5,4
8B79-18F1,Female,20,Some Travel,Technology,39,4,Information Systems,Software Engineer,37436,Yes,14-03-2021,Yes,0,0,0,0,07-07-2021,5,2,5,2,1,4,4,4
AF58-5D1B,Female,36,Some Travel,Technology,35,2,Computer Science,Software Engineer,60585,No,05-02-2013,No,9,0,7,9,07-07-2021,3,2,4,1,0,3,5,4
0E79-8257,Male,25,Frequent Traveller,Technology,35,2,Information Systems,Data Scientist,28139,No,23-05-2016,No,6,1,1,5,07-07-2021,5,2,4,1,0,3,5,4
0FC8-561B,Male,29,Frequent Traveller,Technology,14,3,Computer Science,Senior Software Engineer,93591,No,22-02-2012,No,10,4,10,3,08-07-2021,4,2,5,1,1,3,3,3
7B98-EA6F,Male,44,Some Travel,Technology,23,3,Information Systems,Data Scientist,108623,No,13-05-2012,No,10,3,3,8,08-07-2021,4,3,2,1,3,4,5,4
380F-A08A,Female,32,Frequent Traveller,Sales,22,3,Marketing,Sales Executive,142488,No,22-11-2014,No,8,0,6,7,08-07-2021,3,3,2,2,0,3,5,4
58FA-C451,Non-Binary,48,Some Travel,Technology,26,1,Information Systems,Software Engineer,42008,No,24-03-2014,No,8,7,7,0,08-07-2021,5,5,5,1,3,2,3,3
90EB-28D4,Female,24,Frequent Traveller,Sales,29,1,Economics,Sales Representative,26608,No,12-09-2017,No,5,0,3,1,08-07-2021,3,3,2,2,1,4,5,4
97F4-0B14,Male,33,Some Travel,Technology,4,4,Other,Senior Software Engineer,97126,No,15-01-2012,No,10,8,10,2,16-02-2015,5,5,4,2,1,5,4,3
AB3B-98D9,Male,22,Some Travel,Technology,32,4,Other,Software Engineer,34823,No,21-10-2019,No,3,3,3,3,08-07-2021,3,3,5,3,3,3,3,2
E268-61EB,Female,21,Some Travel,Technology,39,4,Computer Science,Software Engineer,54130,Yes,06-02-2019,Yes,2,1,1,2,09-07-2021,3,5,4,2,0,4,3,2
132B-F2B2,Female,35,Some Travel,Technology,36,4,Computer Science,Software Engineer,59086,Yes,04-03-2012,No,10,2,8,4,09-07-2021,5,2,5,3,3,4,5,4
A2B5-823F,Non-Binary,44,Some Travel,Technology,32,3,Computer Science,Machine Learning Engineer,257978,Yes,02-05-2013,No,9,2,4,1,09-07-2021,3,4,4,1,0,4,3,2
9BC9-1288,Female,27,Some Travel,Sales,4,1,Economics,Sales Executive,45046,Yes,03-04-2015,No,7,6,7,0,09-07-2021,4,4,3,3,1,3,4,3
BDE5-385A,Male,26,Some Travel,Technology,39,3,Information Systems,Software Engineer,60494,Yes,22-08-2015,No,7,7,7,7,09-07-2021,4,3,4,3,1,3,4,4
1D74-2661,Male,23,Frequent Traveller,Technology,34,3,Computer Science,Software Engineer,43009,No,24-07-2019,No,3,2,2,1,09-07-2021,3,3,4,3,0,4,3,2
6345-2F33,Non-Binary,46,Some Travel,Technology,36,2,Computer Science,Machine Learning Engineer,102964,No,17-03-2012,No,10,10,10,2,10-07-2021,5,4,4,2,2,4,3,2
9900-1159,Female,28,Frequent Traveller,Sales,40,5,Marketing ,Sales Executive,215327,No,13-04-2014,No,8,1,6,8,10-07-2021,4,4,5,2,1,4,3,2
6AD1-5EE8,Female,24,Some Travel,Technology,12,3,Information Systems,Data Scientist,47183,No,04-10-2016,No,6,6,6,6,10-07-2021,3,5,3,1,0,5,3,3
5021-95FC,Male,29,Some Travel,Sales,44,3,Marketing,Manager,377203,Yes,16-07-2013,Yes,5,4,4,0,18-02-2015,4,4,5,1,0,5,4,4
ACA5-348E,Male,22,Some Travel,Technology,8,3,Computer Science,Software Engineer,26158,No,18-06-2019,No,3,0,3,1,10-07-2021,5,3,2,3,2,3,4,4
DCD4-C785,Female,30,Some Travel,Sales,24,4,Marketing ,Sales Representative,38382,Yes,02-10-2014,No,8,7,8,0,11-07-2021,4,3,5,3,0,2,4,3
1A38-1D62,Female,24,Some Travel,Technology,21,3,Information Systems,Data Scientist,36862,Yes,29-03-2018,No,4,2,4,0,11-07-2021,4,5,3,1,0,2,5,5
8583-9174,Female,46,Frequent Traveller,Technology,16,2,Computer Science,Software Engineer,100717,Yes,30-01-2013,No,9,5,9,7,12-07-2021,3,2,3,2,3,3,3,2
29F6-C6CA,Female,35,Frequent Traveller,Sales,43,2,Economics,Sales Representative,46112,No,11-04-2014,No,8,6,7,2,12-07-2021,4,2,2,2,0,5,4,4
4CD7-B91C,Male,21,Some Travel,Technology,43,2,Computer Science,Machine Learning Engineer,71698,No,05-06-2019,No,3,0,3,3,12-07-2021,4,5,2,2,1,4,3,3
5293-AC5C,Male,44,Some Travel,Sales,27,3,Economics,Sales Executive,101906,No,15-03-2014,No,8,3,4,7,13-07-2021,4,2,4,1,1,2,4,3
F961-5A03,Female,27,No Travel ,Technology,12,1,Computer Science,Machine Learning Engineer,105398,No,31-07-2015,No,7,1,7,4,13-07-2021,4,5,2,2,0,2,3,3
1243-8B63,Male,26,Some Travel,Technology,17,4,Business Studies,Senior Software Engineer,110761,No,18-12-2017,No,5,0,5,3,13-07-2021,4,3,2,1,3,3,5,4
E324-1C33,Female,38,Some Travel,Sales,9,4,Economics,Sales Executive,114713,No,17-12-2013,No,9,0,0,1,14-07-2021,4,5,5,1,1,5,3,2
B97B-73D7,Female,29,Frequent Traveller,Sales,18,3,Marketing,Sales Executive,177402,No,10-07-2014,Yes,6,3,5,3,18-02-2015,5,2,4,3,0,2,5,5
2A20-28CD,Female,38,Frequent Traveller,Technology,2,4,Computer Science,Data Scientist,58828,No,11-08-2014,No,8,7,8,0,14-07-2021,3,5,4,2,0,3,5,5
61E5-836E,Non-Binary,24,Some Travel,Technology,1,3,Business Studies,Software Engineer,35199,No,16-08-2018,No,4,0,0,1,14-07-2021,4,5,4,3,2,4,4,3
D906-B674,Female,42,No Travel ,Technology,45,3,Information Systems,Engineering Manager,259284,No,09-01-2012,No,10,2,6,6,16-07-2021,4,5,4,2,0,4,5,4
CCAB-4B80,Male,44,Some Travel,Technology,29,3,Information Systems,Analytics Manager,304520,Yes,20-03-2014,No,8,2,2,4,16-07-2021,4,4,3,3,1,2,3,2
DFA2-1B8F,Male,28,Some Travel,Sales,10,1,Marketing ,Sales Executive,83864,No,21-10-2015,No,7,7,7,5,16-07-2021,4,4,5,1,0,3,3,3
656C-09EA,Female,24,Some Travel,Technology,20,3,Information Systems,Senior Software Engineer,52850,No,20-01-2019,No,3,3,3,0,16-07-2021,5,3,4,3,0,3,3,2
D8FC-E2F7,Female,22,Some Travel,Sales,10,3,Economics,Sales Representative,36980,Yes,01-12-2021,Yes,0,0,0,0,17-07-2021,4,3,5,1,1,3,3,3
F0C3-4859,Non-Binary,21,Some Travel,Technology,37,3,Information Systems,Software Engineer,41476,Yes,03-03-2020,Yes,0,0,0,0,17-07-2021,4,2,2,1,0,5,3,2
F4A3-2126,Male,24,Some Travel,Sales,16,2,Marketing,Sales Representative,29128,Yes,31-07-2019,Yes,0,0,0,0,17-07-2021,5,5,3,2,0,5,3,2
13FA-3559,Female,38,Some Travel,Sales,13,3,Marketing,Sales Executive,240248,Yes,14-12-2014,No,8,4,8,0,17-07-2021,5,5,2,1,0,5,5,5
3C7D-86ED,Female,40,Some Travel,Sales,3,2,Other,Sales Executive,104426,No,11-01-2012,No,10,3,4,6,19-02-2015,5,2,5,2,3,4,5,5
D926-DED9,Male,40,Some Travel,Technology,39,2,Computer Science,Analytics Manager,409998,No,14-04-2014,No,8,3,6,3,17-07-2021,3,3,4,2,1,5,5,4
F83C-CA1D,Male,21,Some Travel,Technology,16,1,Information Systems,Software Engineer,22515,Yes,05-12-2019,Yes,1,0,0,0,18-07-2021,3,4,3,1,3,2,3,3
C0BE-FED0,Male,40,Some Travel,Sales,35,2,Marketing,Sales Representative,63455,Yes,26-01-2012,No,10,4,8,7,18-07-2021,4,2,2,3,0,3,3,2
307F-9BFA,Female,43,Some Travel,Technology,21,2,Computer Science,Software Engineer,94499,No,22-06-2013,No,9,0,1,7,18-07-2021,4,2,5,1,0,3,5,5
F8D4-3CAB,Non-Binary,23,Some Travel,Human Resources,45,3,Marketing ,HR Executive,99052,No,25-05-2018,No,4,3,4,2,18-07-2021,5,5,4,3,0,2,3,3
5EB3-47F6,Female,24,Some Travel,Sales,41,1,Economics,Sales Executive,73498,Yes,28-10-2019,No,3,2,2,0,18-07-2021,3,3,4,2,1,2,4,4
AA87-13D8,Female,32,Frequent Traveller,Technology,15,2,Information Systems,Data Scientist,44388,No,10-10-2013,No,9,8,9,8,19-07-2021,3,4,2,1,1,2,3,3
806F-B986,Female,24,Some Travel,Technology,26,2,Information Systems,Machine Learning Engineer,93490,Yes,24-11-2016,No,6,4,5,6,19-07-2021,5,5,3,2,1,5,5,4
AE33-DDE7,Male,25,Some Travel,Technology,26,3,Information Systems,Senior Software Engineer,85412,No,23-02-2016,No,6,0,5,6,19-07-2021,3,3,5,2,1,3,5,5
D5B3-425C,Male,26,Some Travel,Sales,7,3,Marketing ,Sales Representative,36101,No,30-06-2016,No,6,6,6,6,19-07-2021,1,4,4,3,0,2,4,3
2219-56CA,Non-Binary,28,Some Travel,Sales,38,3,Marketing,Sales Executive,185380,No,21-09-2015,Yes,5,2,5,3,21-02-2015,3,2,3,3,1,4,5,4
617A-5092,Male,39,No Travel ,Technology,30,4,Computer Science,Senior Software Engineer,152771,No,24-04-2021,No,1,1,1,1,19-07-2021,3,4,3,1,0,1,3,2
95D8-5DC7,Male,48,Some Travel,Technology,19,5,Computer Science,Engineering Manager,241907,No,07-07-2014,No,8,3,3,0,20-07-2021,4,3,3,1,0,3,5,5
B5C6-F8D5,Prefer Not To Say,40,Some Travel,Technology,29,2,Business Studies,Analytics Manager,295688,No,05-08-2014,No,8,1,5,8,20-07-2021,4,4,4,1,2,2,4,3
E8EF-FA89,Male,24,Some Travel,Technology,33,3,Computer Science,Machine Learning Engineer,81974,No,12-04-2019,No,3,1,1,1,20-07-2021,1,2,2,2,0,1,3,2
4316-C080,Male,34,No Travel ,Technology,25,1,Computer Science,Senior Software Engineer,238630,No,05-08-2013,No,9,0,3,6,21-07-2021,3,2,5,2,0,4,3,3
6E64-8D30,Female,32,Some Travel,Sales,42,3,Marketing,Sales Executive,108213,No,10-03-2014,No,8,6,6,4,22-07-2021,4,5,5,1,1,2,3,3
F20A-F424,Female,27,Frequent Traveller,Technology,4,3,Other,Data Scientist,27550,No,09-02-2016,No,6,6,6,5,22-07-2021,3,5,5,2,0,2,3,2
4875-109B,Female,23,Some Travel,Sales,40,4,Marketing ,Sales Executive,52039,Yes,03-09-2018,No,4,1,1,0,22-07-2021,5,5,4,2,0,3,3,3
DEB9-1BBF,Female,30,Some Travel,Technology,32,4,Computer Science,Software Engineer,155259,No,10-11-2014,No,8,3,5,6,23-07-2021,3,3,2,2,0,2,3,3
B59D-CA4C,Male,28,Some Travel,Sales,45,2,Marketing,Sales Executive,110057,No,14-08-2015,No,7,5,5,4,23-07-2021,4,4,5,2,0,2,5,4
8FB2-4CE0,Male,27,Some Travel,Technology,14,4,Computer Science,Data Scientist,37545,No,06-12-2016,Yes,2,1,1,1,21-02-2015,3,5,4,3,0,2,3,3
3653-D544,Female,25,Frequent Traveller,Sales,21,2,Technical Degree,Sales Executive,91332,No,03-01-2018,No,4,3,3,3,23-07-2021,3,4,3,3,0,4,5,5
E73A-F20A,Male,33,Frequent Traveller,Technology,30,2,Computer Science,Machine Learning Engineer,200350,No,22-10-2017,No,5,3,5,0,23-07-2021,5,2,3,1,0,5,4,4
9DB2-76B3,Male,41,Some Travel,Sales,17,3,Economics,Sales Executive,116966,No,04-03-2012,No,10,4,10,7,24-07-2021,3,4,5,2,0,3,4,4
D565-284D,Female,47,Frequent Traveller,Sales,21,3,Economics,Sales Executive,65626,No,27-01-2012,No,10,2,5,1,24-07-2021,4,2,3,1,1,3,4,4
205B-4D34,Male,41,Frequent Traveller,Human Resources,39,1,Human Resources,HR Executive,79990,No,29-06-2014,No,8,5,5,8,24-07-2021,3,3,3,1,0,2,3,2
4673-EBEC,Male,28,Some Travel,Sales,24,2,Marketing ,Sales Executive,78735,No,23-07-2015,No,7,0,2,4,24-07-2021,4,2,1,2,0,1,3,2
D6BB-FEDF,Male,28,Frequent Traveller,Technology,40,5,Information Systems,Data Scientist,109172,Yes,19-11-2015,No,7,1,3,1,24-07-2021,3,3,2,1,1,2,5,5
C77A-2348,Male,26,Some Travel,Technology,15,1,Information Systems,Software Engineer,45085,No,17-03-2017,No,5,2,4,2,25-07-2021,3,2,2,3,2,3,4,4
7AA0-5766,Female,22,Frequent Traveller,Technology,28,4,Computer Science,Data Scientist,63571,No,28-12-2021,Yes,0,0,0,0,26-07-2021,1,3,2,3,1,1,3,2
6F50-08B6,Male,25,Frequent Traveller,Sales,25,1,Marketing ,Sales Executive,57030,No,20-03-2015,No,7,5,7,6,26-07-2021,3,2,5,2,0,4,3,2
5237-1B85,Female,28,Some Travel,Technology,9,4,Computer Science,Software Engineer,43578,Yes,27-04-2012,Yes,5,3,5,5,22-02-2015,4,4,5,1,1,3,3,3
F3A3-10CE,Male,40,Some Travel,Sales,37,4,Marketing,Sales Executive,226512,Yes,08-10-2020,Yes,2,1,1,1,27-07-2021,3,2,4,3,2,4,3,2
09D2-46BD,Female,26,Some Travel,Sales,42,3,Marketing,Sales Executive,92364,Yes,12-07-2016,No,6,4,5,6,27-07-2021,4,5,3,2,2,5,3,2
CBCB-9C9D,Male,38,Some Travel,Sales,23,4,Marketing,Sales Executive,157718,Yes,04-01-2012,No,10,6,10,0,29-07-2021,5,3,4,2,1,4,4,4
1217-CE30,Female,45,Some Travel,Sales,34,3,Marketing,Sales Executive,173037,No,26-03-2013,No,9,4,9,3,29-07-2021,4,2,3,2,2,5,4,4
9DB1-8C59,Male,44,Some Travel,Technology,5,3,Business Studies,Software Engineer,48994,No,09-05-2014,No,8,7,7,3,29-07-2021,3,5,3,3,2,2,4,3
AD8F-7539,Female,28,Some Travel,Sales,44,3,Economics,Sales Executive,304858,Yes,01-11-2015,No,7,5,7,2,29-07-2021,4,5,2,1,0,5,4,3
D825-CC31,Female,25,Some Travel,Technology,5,3,Computer Science,Machine Learning Engineer,44082,No,24-05-2015,No,7,3,4,2,30-07-2021,4,2,4,2,1,4,5,4
7A8C-2DD3,Female,30,Some Travel,Sales,35,3,Other,Sales Executive,160352,No,18-10-2013,No,9,0,5,4,31-07-2021,5,3,3,2,3,4,5,4
5802-2A7E,Prefer Not To Say,27,Some Travel,Technology,37,3,Information Systems,Analytics Manager,130012,No,25-07-2016,No,6,6,6,0,31-07-2021,5,4,3,3,2,4,5,5
4C99-E626,Female,25,No Travel ,Technology,11,3,Computer Science,Data Scientist,96779,No,14-05-2018,No,4,0,0,3,31-07-2021,5,5,4,2,1,4,5,4
5021-95FC,Male,29,Some Travel,Sales,44,3,Marketing,Manager,377203,Yes,16-07-2013,Yes,5,4,4,0,18-02-2013,5,3,5,3,2,4,4,4
F968-671C,Male,27,Frequent Traveller,Sales,16,3,Technical Degree,Sales Executive,50559,No,14-04-2015,Yes,6,0,5,5,22-02-2015,4,3,3,1,1,4,4,4
07AF-3631,Male,25,No Travel ,Sales,35,4,Marketing ,Sales Executive,149519,Yes,03-02-2016,No,6,2,4,3,01-08-2021,4,3,3,2,1,2,3,3
6EEF-5B17,Non-Binary,28,Some Travel,Technology,1,2,Business Studies,Engineering Manager,339731,No,14-07-2015,No,7,5,7,0,02-08-2021,4,5,4,2,0,5,5,4
CE90-763C,Female,27,Frequent Traveller,Technology,40,3,Information Systems,Data Scientist,31672,No,02-08-2015,No,7,1,3,6,02-08-2021,4,4,3,1,1,2,3,3
66BC-7AC0,Male,22,Frequent Traveller,Sales,33,3,Marketing,Sales Representative,33657,No,23-07-2018,Yes,3,0,2,0,03-08-2021,5,4,2,1,1,3,3,2
55D6-1423,Male,43,No Travel ,Technology,15,2,Other,Machine Learning Engineer,76826,No,14-04-2012,No,10,9,9,7,03-08-2021,5,2,5,3,0,2,3,3
ED73-F078,Female,45,Frequent Traveller,Technology,19,1,Computer Science,Software Engineer,136521,No,18-01-2012,No,10,3,6,1,03-08-2021,4,2,4,3,3,3,5,5
AF77-0F6B,Female,36,Some Travel,Technology,21,4,Computer Science,Software Engineer,57327,No,24-04-2014,No,8,5,8,4,03-08-2021,5,2,2,2,2,3,4,3
7486-A1B6,Male,23,Some Travel,Technology,25,2,Information Systems,Data Scientist,50570,No,01-03-2017,No,5,2,3,2,03-08-2021,4,3,3,3,0,2,3,2
95E0-CCA0,Male,24,Some Travel,Technology,2,2,Business Studies,Software Engineer,32313,No,14-07-2019,No,3,1,1,2,03-08-2021,3,5,5,3,1,4,5,4
67D7-9785,Female,38,Frequent Traveller,Technology,6,3,Information Systems,Senior Software Engineer,126515,No,27-02-2013,No,9,7,9,4,05-08-2021,4,3,3,2,0,2,3,3
5B08-EF96,Female,36,No Travel ,Technology,28,4,Other,Data Scientist,77136,No,28-05-2012,No,10,10,10,10,23-02-2015,4,2,4,1,0,3,4,3
BFE7-5EA8,Non-Binary,41,Frequent Traveller,Sales,3,3,Marketing ,Sales Executive,248987,No,19-07-2013,No,9,5,9,5,05-08-2021,3,4,3,3,3,3,3,3
8EAF-4F79,Female,27,Frequent Traveller,Technology,20,3,Information Systems,Senior Software Engineer,167879,Yes,15-10-2016,No,6,6,6,3,05-08-2021,3,4,4,3,0,5,3,2
2C0F-AAE2,Non-Binary,35,Some Travel,Technology,19,2,Information Systems,Senior Software Engineer,187372,Yes,16-05-2019,No,3,1,1,2,05-08-2021,5,4,4,3,0,4,4,3
4A0E-3728,Female,28,No Travel ,Human Resources,4,5,Economics,HR Executive,152909,No,15-02-2019,No,3,1,3,2,05-08-2021,4,2,3,3,0,5,3,3
84AD-D566,Female,22,Some Travel,Technology,16,3,Business Studies,Software Engineer,30838,No,16-02-2018,No,4,4,4,0,06-08-2021,4,2,5,3,2,5,4,3
3EDA-3BDE,Male,31,Some Travel,Technology,19,1,Information Systems,Engineering Manager,371727,No,09-04-2019,No,3,2,3,2,07-08-2021,5,5,2,1,0,2,3,3
6731-1425,Female,43,Frequent Traveller,Technology,4,3,Information Systems,Machine Learning Engineer,262392,Yes,08-06-2021,No,1,1,1,1,07-08-2021,3,4,4,3,0,3,4,4
5B0E-31FB,Male,37,Some Travel,Technology,22,2,Information Systems,Software Engineer,45927,No,26-08-2013,No,9,5,6,6,08-08-2021,4,4,2,3,2,2,4,4
A1DB-6C34,Female,27,Some Travel,Technology,13,4,Computer Science,Machine Learning Engineer,77039,No,18-06-2015,No,7,3,6,0,08-08-2021,5,4,4,2,0,5,4,3
6925-864E,Female,25,No Travel ,Technology,30,2,Computer Science,Senior Software Engineer,43644,No,02-06-2017,No,5,3,3,5,08-08-2021,5,2,3,3,0,5,5,4
E348-E12B,Male,36,No Travel ,Technology,36,2,Information Systems,Software Engineer,61298,Yes,19-01-2012,No,10,3,9,3,23-02-2015,4,4,4,3,0,3,5,5
2B08-7D3D,Male,45,Some Travel,Sales,19,4,Marketing ,Sales Representative,47326,No,29-02-2012,No,10,10,10,10,09-08-2021,3,2,2,1,1,3,5,4
2EF6-8D96,Female,24,Some Travel,Technology,12,4,Information Systems,Software Engineer,22965,No,12-06-2018,No,4,4,4,4,10-08-2021,5,5,5,1,2,5,3,3
5642-6F1E,Non-Binary,26,No Travel ,Sales,18,2,Economics,Sales Executive,65194,No,22-08-2017,No,5,3,4,5,10-08-2021,5,4,4,3,3,3,5,4
9825-45EF,Non-Binary,36,No Travel ,Sales,31,2,Economics,Sales Representative,56937,No,17-04-2013,No,9,5,8,2,11-08-2021,4,2,4,3,0,2,3,3
69EC-7B13,Female,27,Some Travel,Sales,1,2,Technical Degree,Sales Representative,62496,No,27-10-2015,No,7,6,6,1,11-08-2021,4,3,4,3,0,5,4,3
4294-03D1,Female,43,Some Travel,Sales,12,4,Marketing ,Manager,513262,No,30-06-2016,No,6,1,3,1,11-08-2021,3,3,3,1,1,4,5,4
040C-EDED,Male,22,Frequent Traveller,Technology,45,2,Computer Science,Software Engineer,26782,Yes,08-11-2019,Yes,3,0,2,0,12-08-2021,4,4,3,1,0,2,5,4
46ED-4007,Male,34,Frequent Traveller,Sales,40,3,Economics,Sales Executive,140097,No,27-09-2013,No,9,2,8,6,12-08-2021,4,4,4,1,3,4,5,5
9811-F345,Male,42,Some Travel,Technology,40,4,Computer Science,Data Scientist,142075,No,15-08-2013,No,9,9,9,4,12-08-2021,4,3,4,2,1,2,3,2
106F-F7C7,Female,25,Some Travel,Technology,13,1,Information Systems,Analytics Manager,168483,Yes,20-01-2018,No,4,2,3,1,12-08-2021,4,2,5,1,0,5,3,2
C900-9EF9,Non-Binary,30,Some Travel,Sales,11,1,Marketing,Sales Executive,127014,No,26-12-2014,No,8,4,8,0,23-02-2015,3,5,2,1,0,5,4,3
682D-8FD8,Female,25,Some Travel,Technology,37,2,Information Systems,Engineering Manager,188516,No,20-07-2018,No,4,1,3,1,12-08-2021,5,4,2,3,1,2,4,4
AFA8-5058,Male,20,Some Travel,Human Resources,8,4,Human Resources,Recruiter,26186,Yes,06-03-2020,Yes,2,0,0,0,13-08-2021,5,3,4,2,1,2,3,2
04D7-C8F3,Female,26,Some Travel,Technology,27,2,Computer Science,Data Scientist,42052,No,26-10-2015,No,7,7,7,2,13-08-2021,5,3,5,3,1,4,4,3
6B20-FFDF,Female,24,No Travel ,Sales,39,2,Marketing,Sales Executive,151986,Yes,09-07-2016,No,6,5,6,3,13-08-2021,4,4,2,2,0,5,3,2
9283-E971,Female,40,Frequent Traveller,Sales,30,4,Marketing ,Sales Executive,250555,Yes,19-03-2018,No,4,4,4,2,13-08-2021,5,5,5,3,1,3,4,4
D7C2-EAA5,Female,23,Frequent Traveller,Technology,16,4,Computer Science,Machine Learning Engineer,67558,No,31-03-2018,No,4,1,1,1,13-08-2021,4,5,3,1,3,2,4,4
FE0F-498F,Female,22,Some Travel,Technology,36,3,Other,Data Scientist,57686,No,23-05-2018,No,4,2,4,1,13-08-2021,3,2,5,3,1,2,4,3
6112-8476,Female,43,Some Travel,Technology,18,1,Computer Science,Software Engineer,49882,No,02-02-2014,No,8,3,8,2,14-08-2021,4,5,2,1,1,4,3,3
D13E-E661,Male,36,Some Travel,Sales,38,2,Marketing,Sales Executive,298558,Yes,12-04-2013,No,9,4,4,7,14-08-2021,3,2,3,2,2,4,5,4
2A89-93B6,Female,24,Some Travel,Technology,13,4,Computer Science,Data Scientist,30117,No,21-08-2018,Yes,3,1,1,2,15-08-2021,5,3,2,3,0,2,5,5
63DA-AA21,Female,43,Some Travel,Technology,35,3,Computer Science,Engineering Manager,436813,No,07-03-2012,No,10,8,9,7,24-02-2015,3,2,2,1,1,4,4,4
41DC-E8B5,Male,47,Some Travel,Sales,17,3,Other,Sales Executive,106840,No,06-12-2014,No,8,3,4,8,15-08-2021,5,2,5,3,2,2,3,2
CA75-94D1,Male,41,Some Travel,Technology,16,2,Computer Science,Data Scientist,45989,No,17-06-2014,No,8,4,8,4,15-08-2021,4,3,3,1,2,3,5,5
6D3B-AD28,Female,25,Frequent Traveller,Sales,33,3,Marketing,Sales Executive,94810,No,18-01-2017,No,5,0,0,3,15-08-2021,3,5,3,1,3,4,5,5
AE51-5502,Male,23,Some Travel,Technology,19,4,Business Studies,Data Scientist,25986,No,08-02-2017,No,5,4,4,3,15-08-2021,4,2,2,3,1,4,5,4
6376-F58F,Female,22,Some Travel,Technology,4,2,Computer Science,Senior Software Engineer,73653,No,19-12-2018,No,4,2,3,3,15-08-2021,4,3,5,3,1,3,4,4
37EE-004B,Female,22,Some Travel,Technology,29,3,Information Systems,Data Scientist,28790,No,09-01-2019,Yes,3,1,1,2,16-08-2021,3,4,2,1,3,4,3,2
52DD-757F,Female,48,No Travel ,Technology,40,2,Information Systems,Machine Learning Engineer,92884,No,30-05-2012,No,10,5,9,2,16-08-2021,5,4,3,3,2,3,4,3
81F1-950F,Female,25,Some Travel,Technology,26,4,Computer Science,Analytics Manager,174400,No,28-04-2018,No,4,0,2,4,16-08-2021,3,5,2,3,0,5,3,2
B76C-D9CE,Female,22,Some Travel,Human Resources,7,2,Economics,Recruiter,29322,Yes,31-01-2021,Yes,1,0,0,0,17-08-2021,3,5,2,3,3,2,3,3
DF11-9C46,Female,32,Some Travel,Technology,2,2,Computer Science,Software Engineer,152314,Yes,30-03-2013,No,9,4,6,0,17-08-2021,4,2,5,3,1,2,4,4
3120-B11F,Male,28,Frequent Traveller,Technology,7,4,Business Studies,Senior Software Engineer,140538,No,21-01-2015,No,7,3,5,0,25-02-2015,3,5,2,2,0,4,3,3
CDC1-C7CA,Female,25,Frequent Traveller,Sales,6,3,Marketing,Sales Executive,102569,No,12-09-2015,No,7,1,2,5,17-08-2021,4,4,2,3,0,5,3,2
D75C-3E43,Male,25,Some Travel,Technology,24,4,Other,Engineering Manager,204154,Yes,21-12-2017,No,5,2,3,0,17-08-2021,3,4,4,2,0,2,4,4
0A4E-1A4A,Male,22,No Travel ,Sales,14,3,Technical Degree,Sales Executive,53014,Yes,04-02-2019,No,3,3,3,0,17-08-2021,4,2,5,2,3,2,4,4
79C5-FE9D,Non-Binary,28,Some Travel,Technology,5,3,Information Systems,Machine Learning Engineer,140377,Yes,02-06-2015,No,7,2,7,5,18-08-2021,4,2,3,2,0,4,4,4
C7C8-43D9,Female,27,Some Travel,Technology,25,4,Information Systems,Data Scientist,24571,No,17-04-2016,No,6,5,5,6,19-08-2021,5,4,2,2,0,2,5,4
F877-3BF9,Non-Binary,21,Frequent Traveller,Technology,29,4,Information Systems,Software Engineer,61345,No,07-08-2020,Yes,1,0,0,0,20-08-2021,5,5,4,2,2,3,5,5
2962-039F,Female,47,Some Travel,Technology,5,5,Information Systems,Data Scientist,133616,Yes,06-04-2012,No,10,9,9,0,20-08-2021,5,4,5,1,1,4,3,2
60B5-48ED,Male,30,Frequent Traveller,Sales,25,2,Marketing,Sales Executive,135919,No,08-11-2013,No,9,6,6,0,20-08-2021,4,2,2,2,0,4,5,4
7A5A-CC91,Female,23,Some Travel,Sales,12,4,Marketing,Sales Executive,45024,No,17-10-2018,No,4,0,1,0,20-08-2021,5,5,2,2,3,4,4,4
267F-F71D,Female,27,Some Travel,Technology,40,4,Information Systems,Senior Software Engineer,112728,No,18-02-2015,No,7,5,6,4,21-08-2021,5,5,5,1,1,3,4,3
C016-FA12,Female,25,Some Travel,Sales,22,1,Marketing,Sales Representative,32894,No,14-05-2018,Yes,2,2,2,1,26-02-2015,5,3,3,2,2,5,3,3
16FB-8835,Female,46,Frequent Traveller,Technology,24,3,Computer Science,Engineering Manager,514945,Yes,05-02-2013,No,9,4,7,7,22-08-2021,3,4,3,2,0,2,4,3
0AE7-DDE2,Male,23,Some Travel,Technology,8,2,Information Systems,Machine Learning Engineer,46850,No,20-10-2018,No,4,3,4,2,22-08-2021,5,2,4,3,2,3,3,2
3EAA-95E5,Non-Binary,40,Some Travel,Technology,40,4,Computer Science,Machine Learning Engineer,265523,No,20-07-2018,No,4,1,3,1,22-08-2021,4,2,4,2,0,3,4,4
17AE-E715,Male,31,Frequent Traveller,Technology,38,1,Computer Science,Analytics Manager,547204,Yes,28-09-2014,No,8,7,8,5,23-08-2021,4,5,5,1,0,2,3,2
1D87-3372,Prefer Not To Say,34,Some Travel,Technology,18,3,Computer Science,Engineering Manager,323488,No,01-02-2017,No,5,0,1,1,23-08-2021,3,5,2,3,1,3,4,3
D186-CBF5,Female,19,Some Travel,Sales,21,3,Marketing,Sales Representative,33454,Yes,19-05-2022,Yes,0,0,0,0,24-08-2021,3,4,5,1,0,2,3,2
42F5-707F,Male,23,Some Travel,Technology,44,3,Information Systems,Senior Software Engineer,81034,Yes,25-03-2018,No,4,1,1,0,24-08-2021,4,2,4,1,0,2,3,2
C95B-FE97,Male,21,Some Travel,Technology,40,3,Business Studies,Data Scientist,58274,No,27-06-2019,No,3,3,3,3,24-08-2021,5,3,4,1,1,2,4,3
65A0-5D04,Female,28,Frequent Traveller,Technology,20,1,Computer Science,Data Scientist,62016,No,02-06-2015,No,7,6,6,4,25-08-2021,5,3,5,3,0,3,4,3
473C-EA4E,Male,26,Some Travel,Technology,28,5,Computer Science,Engineering Manager,246505,No,04-09-2017,No,5,1,3,2,25-08-2021,5,4,4,1,1,3,5,4
3560-C117,Female,28,Frequent Traveller,Technology,4,3,Computer Science,Data Scientist,65659,Yes,09-05-2012,Yes,2,0,0,0,27-02-2015,5,3,2,3,1,5,3,2
4FD5-CC71,Female,22,Some Travel,Technology,31,4,Information Systems,Software Engineer,75738,Yes,23-02-2019,Yes,3,1,2,0,26-08-2021,3,5,4,3,3,5,5,4
AEEC-804D,Female,23,No Travel ,Technology,24,4,Computer Science,Senior Software Engineer,69325,No,04-07-2018,No,4,3,4,4,27-08-2021,4,2,2,3,1,2,4,4
993B-186B,Male,27,Some Travel,Sales,7,3,Marketing,Sales Executive,73918,No,21-10-2015,No,7,3,4,1,28-08-2021,3,4,2,1,1,4,4,4
15B3-F392,Female,39,Some Travel,Sales,37,3,Economics,Sales Representative,65612,No,23-02-2014,No,8,2,8,7,29-08-2021,3,3,2,3,1,4,3,2
DE7D-7757,Female,23,Some Travel,Technology,25,2,Other,Data Scientist,25425,No,13-08-2019,No,3,1,3,2,29-08-2021,3,3,3,2,3,5,4,3
3D47-6A75,Male,45,Some Travel,Sales,20,3,Marketing ,Manager,374781,No,30-04-2021,No,1,1,1,1,29-08-2021,4,2,3,2,2,5,3,3
E616-CAD8,Female,27,Some Travel,Technology,1,3,Information Systems,Engineering Manager,200409,No,17-09-2015,No,7,5,6,1,30-08-2021,5,4,3,2,1,2,3,2
C27A-1115,Male,25,Frequent Traveller,Technology,20,4,Computer Science,Machine Learning Engineer,96514,No,04-02-2018,No,4,4,4,0,30-08-2021,4,4,3,1,0,4,5,4
134B-4157,Male,37,Some Travel,Technology,29,3,Computer Science,Analytics Manager,513608,No,03-09-2013,No,9,4,7,3,31-08-2021,5,5,5,1,1,3,5,4
BD97-F94D,Male,26,Some Travel,Technology,8,2,Information Systems,Software Engineer,50614,No,25-12-2015,No,7,7,7,2,31-08-2021,4,4,2,2,1,3,4,3
1914-B934,Female,22,Frequent Traveller,Sales,19,3,Marketing ,Sales Representative,22122,Yes,26-10-2018,Yes,3,2,2,1,27-02-2015,3,3,2,3,3,4,3,3
2DD1-FD7F,Male,22,Some Travel,Technology,3,3,Computer Science,Data Scientist,34753,Yes,18-07-2018,Yes,1,0,0,0,01-09-2021,3,3,5,1,2,5,3,3
C730-6B13,Female,32,Some Travel,Technology,20,4,Computer Science,Data Scientist,85884,No,31-10-2013,No,9,9,9,5,01-09-2021,3,3,4,1,0,3,5,5
11C2-2B5B,Female,26,Frequent Traveller,Technology,14,3,Computer Science,Machine Learning Engineer,92778,No,09-11-2016,No,6,6,6,1,01-09-2021,5,4,2,1,0,3,5,4
D6A7-EF72,Female,40,Some Travel,Human Resources,7,4,Technical Degree,Recruiter,70703,No,04-12-2013,No,9,0,9,7,02-09-2021,4,5,3,3,2,2,3,2
2ED2-2CEC,Male,44,Frequent Traveller,Technology,18,3,Computer Science,Senior Software Engineer,102708,Yes,03-11-2014,No,8,3,4,7,02-09-2021,4,5,2,1,0,4,4,3
2546-1312,Male,25,Frequent Traveller,Technology,20,3,Information Systems,Data Scientist,61054,No,24-06-2017,No,5,0,1,0,02-09-2021,5,3,5,1,1,5,5,4
6E61-A2BA,Non-Binary,24,Some Travel,Sales,41,2,Marketing ,Sales Executive,111750,No,10-06-2016,No,6,4,6,2,02-09-2021,3,3,5,1,0,5,4,4
9075-A294,Male,27,No Travel ,Sales,17,4,Marketing,Sales Executive,71832,No,23-05-2016,No,6,6,6,1,02-09-2021,3,2,2,1,0,5,5,5
AFC3-E23F,Female,35,Some Travel,Technology,4,2,Computer Science,Data Scientist,423941,No,14-05-2021,No,1,1,1,1,02-09-2021,4,4,5,2,3,2,3,3
39A2-9B0A,Female,19,Frequent Traveller,Sales,35,4,Marketing ,Sales Representative,24959,No,25-10-2022,Yes,0,0,0,0,03-09-2021,3,2,4,1,0,2,4,3
596B-33F4,Male,26,Some Travel,Technology,2,3,Computer Science,Data Scientist,30207,Yes,01-09-2016,Yes,5,1,3,0,28-02-2015,3,5,5,3,2,4,3,3
F5C3-07B0,Female,26,Some Travel,Technology,16,3,Computer Science,Software Engineer,25110,No,03-09-2015,No,7,1,5,0,03-09-2021,4,4,3,2,3,3,5,5
7845-EF8F,Male,27,Some Travel,Technology,6,3,Information Systems,Engineering Manager,292500,No,25-09-2016,No,6,5,6,2,03-09-2021,5,4,2,1,1,3,4,4
71CC-7412,Prefer Not To Say,25,Some Travel,Technology,4,2,Computer Science,Engineering Manager,179602,No,01-03-2015,No,7,6,6,6,04-09-2021,3,5,4,1,1,5,3,3
4236-4F51,Male,21,No Travel ,Technology,42,3,Computer Science,Data Scientist,57118,No,05-03-2019,No,3,1,3,0,04-09-2021,4,3,5,3,1,5,4,3
B09D-DFEC,Male,47,Some Travel,Technology,37,1,Information Systems,Data Scientist,62999,No,06-04-2013,No,9,2,3,7,05-09-2021,2,1,3,3,0,4,5,5
D014-7DB2,Female,20,Some Travel,Sales,16,3,Marketing ,Sales Representative,35754,No,24-08-2020,Yes,0,0,0,0,07-09-2021,4,3,1,2,0,1,5,5
07F1-62C3,Male,27,Frequent Traveller,Technology,9,4,Computer Science,Software Engineer,39001,Yes,03-03-2015,No,7,7,7,4,07-09-2021,4,2,2,2,1,2,3,3
0DC1-7EE4,Female,25,No Travel ,Technology,28,4,Other,Senior Software Engineer,68762,Yes,23-09-2017,No,5,3,5,4,07-09-2021,1,3,4,2,1,3,3,3
A409-26AC,Non-Binary,25,Frequent Traveller,Technology,34,1,Computer Science,Engineering Manager,170803,No,20-04-2018,No,4,2,2,3,07-09-2021,1,1,2,3,0,2,3,3
9F02-0D39,Female,27,Some Travel,Technology,9,2,Computer Science,Analytics Manager,252301,No,30-05-2015,No,7,1,6,5,08-09-2021,4,2,4,3,0,4,4,3
B97B-73D7,Female,29,Frequent Traveller,Sales,18,3,Marketing,Sales Executive,177402,No,10-07-2014,Yes,6,3,5,3,18-02-2013,4,5,4,2,1,5,4,4
E7A6-33A3,Female,38,Some Travel,Technology,39,4,Information Systems,Data Scientist,83590,No,23-02-2012,No,10,2,3,9,28-02-2015,5,4,4,3,2,2,3,2
0AF4-EC15,Female,24,Some Travel,Sales,33,3,Marketing ,Sales Executive,91915,No,23-07-2018,No,4,0,4,4,08-09-2021,3,5,2,3,1,2,3,3
1D35-190A,Female,35,Some Travel,Human Resources,18,4,Marketing ,HR Executive,132563,Yes,22-09-2013,No,9,1,6,9,10-09-2021,3,5,5,1,2,2,5,4
B268-1642,Female,26,No Travel ,Sales,8,2,Technical Degree,Sales Executive,61686,Yes,14-03-2017,No,5,0,0,1,10-09-2021,5,5,5,2,0,2,4,4
4404-DE5A,Female,32,Some Travel,Technology,39,1,Computer Science,Software Engineer,68256,No,10-05-2012,No,10,7,9,6,11-09-2021,3,2,5,3,1,3,5,5
8F78-4A32,Male,25,No Travel ,Technology,12,3,Information Systems,Data Scientist,31962,No,14-03-2015,No,7,2,7,4,11-09-2021,5,3,4,3,1,5,3,3
BB09-BF7F,Female,27,Some Travel,Sales,45,2,Economics,Sales Executive,57102,No,29-11-2015,No,7,6,6,4,11-09-2021,5,2,3,3,1,5,3,2
503B-AACE,Female,25,Some Travel,Technology,10,3,Information Systems,Data Scientist,23198,No,26-07-2018,No,4,0,3,0,11-09-2021,3,2,3,1,0,3,4,4
2926-D386,Male,24,Some Travel,Technology,36,3,Information Systems,Machine Learning Engineer,93015,Yes,14-08-2019,No,3,0,2,2,11-09-2021,4,5,5,2,1,4,5,5
5A78-0F17,Male,26,Some Travel,Sales,39,3,Marketing ,Sales Executive,104176,No,03-11-2017,No,5,2,3,3,12-09-2021,3,4,5,3,0,3,5,4
F7B0-E6B2,Male,24,Frequent Traveller,Technology,15,2,Computer Science,Data Scientist,63078,No,17-07-2017,No,5,5,5,2,12-09-2021,5,3,4,1,0,4,4,4
00D4-DD53,Female,30,Frequent Traveller,Technology,44,1,Computer Science,Software Engineer,68508,Yes,28-01-2012,Yes,5,4,4,4,01-03-2015,3,5,3,3,2,4,5,4
6135-885F,Female,18,Frequent Traveller,Technology,8,3,Computer Science,Software Engineer,31894,Yes,31-08-2022,Yes,0,0,0,0,13-09-2021,3,4,5,1,2,2,4,4
411F-6325,Male,27,Frequent Traveller,Technology,45,2,Information Systems,Data Scientist,34579,No,17-06-2016,No,6,4,4,4,13-09-2021,3,2,5,3,1,3,5,4
1E61-B76A,Female,24,Some Travel,Technology,26,2,Other,Data Scientist,39048,No,05-04-2016,No,6,1,4,1,14-09-2021,3,4,2,2,1,4,4,4
8369-ED26,Prefer Not To Say,25,No Travel ,Technology,19,2,Information Systems,Machine Learning Engineer,83894,No,30-06-2018,No,4,2,2,3,14-09-2021,5,3,3,2,0,3,3,3
D29C-A21F,Male,25,Frequent Traveller,Technology,23,3,Information Systems,Software Engineer,22525,No,31-08-2017,No,5,3,4,5,14-09-2021,4,4,5,3,3,4,4,4
3F19-FC5A,Male,35,Some Travel,Sales,29,5,Marketing,Sales Executive,182764,Yes,10-03-2012,No,10,7,9,9,15-09-2021,4,4,5,3,3,4,5,4
A71E-A9DC,Female,31,Frequent Traveller,Sales,21,3,Marketing,Sales Executive,253719,No,12-02-2013,No,9,2,4,3,15-09-2021,5,5,5,2,0,3,5,5
6543-091E,Male,24,No Travel ,Technology,42,4,Computer Science,Senior Software Engineer,58717,No,20-05-2019,No,3,0,2,1,15-09-2021,5,3,3,3,2,2,5,5
3E50-011E,Female,24,No Travel ,Technology,29,4,Information Systems,Machine Learning Engineer,158330,Yes,18-08-2017,No,5,1,3,0,17-09-2021,4,4,3,3,0,3,5,4
5741-0022,Female,25,Some Travel,Technology,43,1,Computer Science,Engineering Manager,190198,No,18-05-2015,No,7,0,2,3,18-09-2021,3,3,4,2,0,2,5,5
7749-B277,Male,24,Some Travel,Human Resources,1,5,Human Resources,HR Executive,44634,No,25-04-2017,Yes,4,3,3,2,01-03-2015,4,2,4,2,1,4,4,4
CECC-60FF,Female,27,Some Travel,Technology,16,1,Information Systems,Software Engineer,54379,No,04-10-2016,No,6,1,2,2,18-09-2021,4,1,1,1,1,2,3,3
CD7F-377F,Male,25,Frequent Traveller,Sales,25,3,Marketing ,Sales Executive,46283,No,24-08-2016,No,6,5,6,1,19-09-2021,3,4,3,2,0,4,5,4
3476-CA56,Female,24,Some Travel,Sales,16,3,Economics,Sales Representative,25102,No,05-06-2019,Yes,1,0,0,0,20-09-2021,1,1,4,2,0,1,3,2
80BE-E2B5,Female,29,Some Travel,Technology,29,3,Computer Science,Senior Software Engineer,110744,No,02-03-2014,No,8,8,8,1,20-09-2021,1,2,4,2,1,3,5,5
07F5-A45D,Male,24,Frequent Traveller,Sales,23,2,Economics,Sales Representative,38448,Yes,09-08-2018,Yes,4,3,3,2,21-09-2021,3,2,2,1,1,3,3,3
E430-E462,Male,28,Some Travel,Technology,38,3,Information Systems,Senior Software Engineer,194982,No,25-05-2015,No,7,2,7,2,22-09-2021,4,2,2,3,1,3,4,3
EA37-AE5E,Female,23,Some Travel,Sales,5,3,Marketing ,Sales Executive,69678,No,04-04-2018,No,4,0,0,2,22-09-2021,3,4,4,2,1,4,3,2
1E4A-5810,Female,35,Frequent Traveller,Technology,28,3,Computer Science,Machine Learning Engineer,222303,No,08-04-2019,No,3,0,2,2,22-09-2021,3,4,2,2,2,5,4,4
E7D3-03C9,Male,42,Some Travel,Sales,26,4,Marketing,Sales Executive,91179,No,30-05-2012,No,10,7,9,0,23-09-2021,4,2,5,2,1,4,4,4
1DC4-97CF,Female,25,Some Travel,Sales,28,4,Marketing,Sales Executive,167051,No,24-04-2018,No,4,3,4,1,23-09-2021,5,3,3,2,1,2,4,3
7823-0217,Non-Binary,25,Frequent Traveller,Sales,43,4,Marketing,Sales Executive,81889,Yes,02-11-2018,Yes,0,0,0,0,01-03-2015,4,2,3,2,1,5,4,4
994A-5F84,Male,25,Some Travel,Sales,44,1,Technical Degree,Sales Representative,37461,No,23-04-2018,No,4,3,4,3,23-09-2021,4,3,3,3,2,5,5,4
B670-21B2,Male,24,Frequent Traveller,Sales,3,4,Marketing,Sales Executive,70546,Yes,01-01-2019,No,3,2,2,0,23-09-2021,5,5,2,1,0,4,3,2
DF7E-3233,Male,47,Some Travel,Sales,23,3,Marketing,Sales Representative,44646,No,02-12-2014,No,8,5,5,4,24-09-2021,4,2,2,2,1,5,4,4
DBF5-E57D,Male,25,Some Travel,Technology,25,3,Other,Analytics Manager,303446,No,11-05-2018,No,4,0,3,0,24-09-2021,3,2,3,2,0,1,3,3
7F61-2397,Non-Binary,41,No Travel ,Technology,26,4,Computer Science,Analytics Manager,283081,Yes,03-09-2018,Yes,4,1,3,2,25-09-2021,3,4,1,2,2,3,4,4
EB81-3E51,Female,41,Some Travel,Technology,18,4,Information Systems,Senior Software Engineer,268964,No,01-07-2019,Yes,3,1,1,0,25-09-2021,3,3,1,1,0,3,3,3
C1B4-46B2,Male,27,No Travel ,Technology,21,4,Information Systems,Senior Software Engineer,73326,No,02-09-2015,No,7,0,5,0,25-09-2021,3,2,4,1,1,3,5,4
60A3-AFA2,Female,23,Some Travel,Technology,20,3,Information Systems,Software Engineer,85006,No,18-08-2019,No,3,2,3,0,25-09-2021,5,4,5,1,2,2,4,3
469A-8121,Male,30,Some Travel,Technology,36,4,Information Systems,Engineering Manager,328415,No,20-01-2012,No,10,1,10,1,26-09-2021,3,4,3,1,0,2,5,4
07F6-D61B,Female,23,Some Travel,Technology,5,3,Information Systems,Software Engineer,23995,No,27-04-2018,No,4,4,4,0,26-09-2021,4,3,5,1,3,4,3,2
17AD-99F5,Female,26,Some Travel,Technology,37,3,Computer Science,Software Engineer,26296,Yes,01-08-2014,Yes,5,2,2,2,02-03-2015,5,2,2,1,0,2,5,5
0FBB-4ABE,Male,24,Some Travel,Technology,16,4,Computer Science,Senior Software Engineer,82174,No,11-01-2019,No,3,2,2,3,26-09-2021,3,4,4,1,0,2,4,3
18CE-8F30,Female,31,Some Travel,Sales,38,5,Marketing,Manager,330940,No,28-03-2019,No,3,1,3,3,26-09-2021,5,4,3,1,0,4,3,2
1CB3-F7D7,Female,21,No Travel ,Sales,6,4,Other,Sales Executive,43259,No,03-11-2022,Yes,0,0,0,0,27-09-2021,4,2,2,2,1,2,5,4
9085-1FE8,Female,35,Some Travel,Technology,32,2,Business Studies,Data Scientist,119917,Yes,15-05-2012,No,10,5,7,4,27-09-2021,3,2,2,3,1,4,4,4
F890-975A,Female,48,Some Travel,Technology,35,2,Information Systems,Engineering Manager,314656,No,09-07-2013,No,9,7,8,3,27-09-2021,5,4,4,1,3,5,4,4
B990-35DA,Female,47,Some Travel,Technology,7,3,Information Systems,Data Scientist,116165,No,27-10-2013,No,9,0,7,8,28-09-2021,5,3,3,2,2,2,4,3
E62F-4FF7,Male,27,Some Travel,Technology,27,4,Information Systems,Machine Learning Engineer,92522,No,22-02-2015,No,7,4,5,2,28-09-2021,3,5,5,3,1,2,3,3
5C7B-86C0,Female,32,Some Travel,Technology,31,4,Business Studies,Senior Software Engineer,186169,No,26-07-2014,No,8,2,6,0,29-09-2021,5,3,4,1,0,5,5,4
130F-32AB,Female,20,Some Travel,Technology,6,1,Computer Science,Software Engineer,30714,Yes,05-06-2020,Yes,2,0,1,1,30-09-2021,5,5,2,1,0,3,3,2
B34E-95FF,Male,25,Some Travel,Sales,33,5,Marketing,Sales Executive,87347,Yes,09-11-2019,Yes,2,1,1,0,30-09-2021,5,5,3,3,0,3,5,4
CC8A-0B1F,Female,28,Some Travel,Technology,23,2,Business Studies,Data Scientist,65328,No,27-06-2014,Yes,5,4,4,0,02-03-2015,4,5,4,3,1,2,3,2
87D2-8B67,Female,45,Some Travel,Technology,34,2,Information Systems,Machine Learning Engineer,152278,Yes,18-04-2012,No,10,8,8,2,30-09-2021,4,2,4,1,0,5,4,3
2C7D-F9F1,Male,30,Some Travel,Technology,45,2,Business Studies,Machine Learning Engineer,262409,No,20-12-2013,No,9,8,9,8,30-09-2021,3,3,3,3,0,3,5,5
B102-5713,Non-Binary,27,Some Travel,Sales,31,5,Marketing ,Manager,205622,No,19-08-2015,No,7,5,5,3,30-09-2021,4,2,5,3,0,5,4,4
277A-A6FA,Female,35,Some Travel,Technology,8,4,Information Systems,Machine Learning Engineer,272175,No,12-01-2012,No,10,7,8,2,02-10-2021,3,3,3,1,0,5,4,4
825E-0B3A,Male,30,Some Travel,Technology,26,3,Information Systems,Machine Learning Engineer,94791,No,27-12-2013,No,9,9,9,0,03-10-2021,4,5,2,3,0,4,3,2
6C86-3DC0,Male,31,Some Travel,Technology,20,2,Computer Science,Senior Software Engineer,149482,Yes,22-08-2014,No,8,3,7,2,03-10-2021,4,2,3,1,0,5,3,2
D4D7-3C3F,Female,28,Some Travel,Technology,27,2,Information Systems,Machine Learning Engineer,117918,No,02-12-2014,No,8,3,8,7,03-10-2021,4,5,4,3,0,4,3,3
3DB7-2942,Female,27,Some Travel,Technology,3,2,Computer Science,Engineering Manager,137012,No,16-08-2015,No,7,6,7,7,03-10-2021,4,4,4,3,3,3,4,4
0C37-B7CF,Male,22,Some Travel,Technology,18,4,Information Systems,Senior Software Engineer,68743,No,23-03-2019,No,3,0,3,1,04-10-2021,5,3,5,3,3,2,4,4
7D95-B5B1,Female,25,Some Travel,Technology,28,4,Computer Science,Senior Software Engineer,70737,No,06-07-2018,No,4,3,3,3,06-10-2021,4,2,4,2,2,3,4,3
DE22-FB63,Female,22,Some Travel,Technology,2,1,Information Systems,Software Engineer,24422,No,11-02-2019,Yes,1,0,0,1,02-03-2015,4,5,4,3,1,3,3,2
022A-0219,Female,32,Frequent Traveller,Technology,14,3,Business Studies,Software Engineer,86639,No,21-05-2012,No,10,3,9,5,07-10-2021,3,2,2,3,1,2,3,2
817D-28CE,Female,22,Frequent Traveller,Technology,30,3,Computer Science,Data Scientist,40614,Yes,29-07-2020,Yes,0,0,0,0,08-10-2021,3,3,4,1,1,5,3,2
EC6A-DD76,Female,20,Frequent Traveller,Technology,31,3,Information Systems,Data Scientist,37361,No,13-09-2021,Yes,0,0,0,0,08-10-2021,4,5,2,2,1,2,3,2
8365-EB74,Male,40,Frequent Traveller,Technology,14,2,Information Systems,Data Scientist,43854,No,19-08-2013,No,9,4,9,2,08-10-2021,3,3,5,1,2,5,5,5
F401-1B75,Non-Binary,27,Some Travel,Technology,5,2,Computer Science,Software Engineer,26542,No,05-10-2015,No,7,1,7,5,08-10-2021,5,2,2,2,1,4,3,2
45BA-6683,Male,23,Some Travel,Technology,1,1,Other,Data Scientist,47648,Yes,29-08-2017,No,5,2,4,5,08-10-2021,5,3,3,1,3,4,4,3
E55D-FCA0,Female,21,Some Travel,Sales,11,1,Economics,Sales Representative,42066,No,13-09-2019,No,3,3,3,1,08-10-2021,5,4,4,1,0,5,5,4
7589-66E3,Male,47,Frequent Traveller,Sales,42,3,Marketing,Sales Executive,232155,No,30-10-2014,No,8,7,7,3,09-10-2021,4,5,2,1,0,5,3,2
90EB-69E4,Female,23,Some Travel,Technology,31,3,Computer Science,Data Scientist,49543,No,28-12-2018,No,4,3,3,1,11-10-2021,4,3,5,1,1,5,5,4
FA48-B743,Non-Binary,21,Frequent Traveller,Technology,29,3,Computer Science,Data Scientist,64887,No,03-01-2019,No,3,3,3,0,12-10-2021,1,4,4,2,0,1,3,2
A366-C17A,Male,42,Some Travel,Technology,34,4,Business Studies,Machine Learning Engineer,126463,No,04-04-2012,No,10,0,1,8,02-03-2015,5,5,4,3,1,5,4,3
278C-D482,Female,26,No Travel ,Technology,20,3,Business Studies,Software Engineer,28751,No,15-06-2015,No,7,6,6,2,13-10-2021,4,2,1,2,2,2,3,3
63D2-F412,Female,25,Some Travel,Sales,3,1,Marketing,Sales Executive,58631,Yes,26-09-2017,No,5,4,4,3,13-10-2021,1,3,2,3,1,4,3,3
1158-9E23,Female,41,Some Travel,Technology,22,3,Computer Science,Machine Learning Engineer,235812,No,27-05-2019,No,3,1,2,2,13-10-2021,1,2,4,1,1,3,5,4
15D4-53C2,Prefer Not To Say,33,Some Travel,Sales,30,3,Economics,Sales Executive,90726,No,17-09-2014,No,8,0,5,1,14-10-2021,3,4,4,2,1,5,3,3
2250-86C5,Prefer Not To Say,41,Some Travel,Sales,33,1,Marketing ,Sales Executive,119592,Yes,06-05-2014,No,8,7,8,2,14-10-2021,4,5,5,1,2,4,3,2
5C48-9106,Male,37,Frequent Traveller,Technology,15,4,Computer Science,Data Scientist,53929,No,15-11-2014,No,8,7,7,5,14-10-2021,5,4,3,2,1,5,3,2
8DA7-0090,Non-Binary,41,Some Travel,Human Resources,11,2,Economics,HR Business Partner,445906,Yes,01-04-2015,No,7,1,5,4,14-10-2021,5,2,4,3,0,3,3,3
30CB-BCD0,Female,38,Frequent Traveller,Technology,31,3,Computer Science,Data Scientist,90187,Yes,27-06-2014,No,8,4,5,2,15-10-2021,4,2,4,1,1,3,4,3
45FF-ACE6,Female,28,Some Travel,Sales,13,3,Marketing ,Sales Executive,207479,No,19-07-2020,Yes,1,0,0,0,16-10-2021,5,3,2,2,2,4,5,4
AA19-95BD,Male,33,Some Travel,Sales,43,4,Marketing,Sales Executive,165988,Yes,08-05-2021,Yes,1,0,0,0,16-10-2021,3,5,5,1,2,5,5,5
EACC-D1F6,Male,25,Some Travel,Technology,20,3,Computer Science,Data Scientist,27673,Yes,05-05-2017,Yes,3,2,3,1,03-03-2015,3,5,2,3,2,3,4,4
FEEC-A663,Non-Binary,27,Some Travel,Technology,1,1,Information Systems,Software Engineer,48442,No,17-04-2015,No,7,3,4,5,16-10-2021,4,2,5,1,0,4,5,4
05DA-5423,Female,26,Some Travel,Technology,16,2,Business Studies,Software Engineer,34630,No,30-07-2016,No,6,2,6,0,16-10-2021,4,4,4,2,0,3,3,3
75CF-67E0,Female,25,No Travel ,Technology,12,2,Information Systems,Data Scientist,28926,Yes,06-03-2018,No,4,1,3,4,16-10-2021,5,2,3,3,3,5,4,4
7269-88EC,Female,28,Frequent Traveller,Technology,31,1,Other,Senior Software Engineer,176282,Yes,23-04-2019,Yes,2,0,1,0,17-10-2021,4,5,2,1,3,5,5,5
BBB4-89C7,Non-Binary,25,Some Travel,Technology,19,3,Computer Science,Senior Software Engineer,90418,Yes,14-02-2018,No,4,4,4,4,17-10-2021,5,4,3,3,0,2,4,3
465A-91D1,Female,42,Some Travel,Sales,36,1,Marketing ,Sales Representative,43753,No,01-05-2013,No,9,0,1,1,18-10-2021,3,5,5,1,1,4,4,3
6F3E-2A75,Male,28,Frequent Traveller,Sales,4,4,Other,Sales Executive,110839,No,12-11-2013,No,9,8,8,4,19-10-2021,5,3,4,2,0,2,3,2
CD0F-DE05,Female,28,No Travel ,Technology,43,3,Computer Science,Software Engineer,50175,No,18-07-2013,No,9,9,9,3,19-10-2021,3,3,2,3,3,2,3,3
0B72-0EE6,Male,24,Some Travel,Technology,1,4,Computer Science,Senior Software Engineer,70849,No,03-09-2016,No,6,0,1,6,19-10-2021,5,3,4,3,2,2,4,4
1C6F-87AA,Non-Binary,26,Some Travel,Sales,5,3,Marketing,Sales Executive,107966,No,23-06-2016,No,6,6,6,6,19-10-2021,4,4,3,1,3,5,3,2
C57E-6E4F,Male,24,No Travel ,Technology,35,3,Computer Science,Data Scientist,32502,Yes,06-02-2018,Yes,1,1,1,0,04-03-2015,4,3,5,1,1,3,5,5
C292-EC0C,Non-Binary,26,Some Travel,Technology,8,2,Computer Science,Software Engineer,27219,No,16-08-2016,No,6,3,5,4,19-10-2021,3,5,5,2,1,4,3,2
851C-E7E2,Male,27,Some Travel,Technology,14,2,Information Systems,Machine Learning Engineer,120049,No,07-11-2015,No,7,1,6,1,20-10-2021,4,2,5,3,2,3,5,4
FC24-43F6,Female,26,Some Travel,Technology,33,3,Computer Science,Data Scientist,34805,No,21-10-2017,No,5,5,5,0,20-10-2021,5,2,5,3,1,3,3,3
21CB-EF3E,Female,36,Some Travel,Technology,4,3,Information Systems,Senior Software Engineer,208338,No,07-04-2012,No,10,10,10,1,21-10-2021,5,2,3,3,1,5,4,3
31FB-D496,Female,25,Some Travel,Technology,5,4,Other,Software Engineer,51454,No,17-04-2015,No,7,1,6,7,21-10-2021,4,5,3,1,1,3,4,3
4467-6B8F,Female,26,Frequent Traveller,Technology,28,4,Information Systems,Machine Learning Engineer,79324,Yes,29-09-2017,No,5,2,3,5,21-10-2021,5,3,3,3,1,3,3,2
A76C-AEB3,Male,25,Some Travel,Technology,10,3,Business Studies,Machine Learning Engineer,145905,Yes,07-06-2015,No,7,3,3,2,23-10-2021,4,4,3,2,0,3,5,5
DAE0-B44F,Female,24,Some Travel,Sales,4,3,Economics,Sales Executive,133274,No,23-06-2016,No,6,2,3,1,23-10-2021,4,3,5,1,0,3,4,4
5A29-B9F4,Female,28,Some Travel,Human Resources,14,4,Marketing ,HR Executive,149734,No,02-01-2020,No,2,0,1,1,23-10-2021,4,2,5,3,2,4,4,4
2E9A-BD2E,Male,36,Some Travel,Sales,13,5,Marketing ,Manager,432191,No,27-09-2013,No,9,1,8,0,24-10-2021,3,3,4,2,3,3,3,2
3C7D-86ED,Female,40,Some Travel,Sales,3,2,Other,Sales Executive,104426,No,11-01-2012,No,10,3,4,6,19-02-2013,4,5,3,2,0,5,4,4
CC2F-670E,Male,29,Frequent Traveller,Technology,26,3,Computer Science,Data Scientist,78541,Yes,23-02-2013,Yes,6,5,5,2,04-03-2015,3,3,4,2,0,5,4,4
CEE0-94C3,Male,42,Some Travel,Sales,12,1,Technical Degree,Sales Representative,70535,No,29-09-2013,No,9,3,8,5,24-10-2021,4,2,5,1,2,4,3,2
EFB8-ED99,Female,24,Some Travel,Sales,16,2,Marketing ,Sales Executive,43158,Yes,29-01-2017,No,5,0,5,5,24-10-2021,5,4,3,3,0,4,3,3
9C7D-E1B1,Male,22,Some Travel,Technology,26,3,Information Systems,Machine Learning Engineer,62509,No,23-10-2019,Yes,1,0,0,0,25-10-2021,3,2,4,1,1,3,5,5
D199-1896,Female,42,Some Travel,Sales,39,3,Economics,Sales Executive,206277,No,02-05-2012,No,10,6,10,1,25-10-2021,3,3,5,2,0,5,3,2
7F91-C628,Non-Binary,36,Frequent Traveller,Technology,14,1,Information Systems,Data Scientist,43358,No,07-05-2013,No,9,0,9,5,25-10-2021,3,5,2,2,3,4,5,4
B341-8D6A,Female,40,No Travel ,Technology,26,1,Business Studies,Software Engineer,48125,No,14-03-2014,No,8,5,8,2,25-10-2021,1,1,1,1,2,1,4,4
B375-26A9,Female,24,No Travel ,Human Resources,5,3,Human Resources,HR Executive,41745,No,03-09-2018,No,4,2,4,0,25-10-2021,4,4,3,3,0,3,5,4
2698-A448,Male,43,Some Travel,Technology,40,3,Information Systems,Software Engineer,63511,No,31-12-2014,No,8,5,7,4,26-10-2021,4,3,3,2,0,1,3,3
D18F-8C48,Female,27,No Travel ,Technology,8,1,Information Systems,Engineering Manager,152322,No,17-04-2016,No,6,0,5,4,26-10-2021,2,2,4,2,1,1,3,2
8C57-8F84,Male,20,Frequent Traveller,Technology,45,2,Information Systems,Software Engineer,22773,Yes,14-04-2021,Yes,1,0,0,0,27-10-2021,5,2,5,3,3,4,5,4
FD0B-7B0A,Female,27,Some Travel,Sales,21,1,Marketing,Sales Representative,22648,Yes,12-01-2016,Yes,1,0,0,0,04-03-2015,5,5,2,3,1,3,4,3
425F-4D2D,Female,25,Some Travel,Sales,30,4,Marketing,Sales Executive,57742,Yes,10-05-2018,No,4,3,4,1,27-10-2021,4,2,2,2,0,5,5,4
FADC-21F2,Female,24,No Travel ,Technology,25,2,Computer Science,Data Scientist,40342,Yes,08-06-2019,No,3,2,3,1,27-10-2021,5,5,5,2,1,4,5,4
9E22-6287,Non-Binary,48,Some Travel,Technology,37,3,Computer Science,Machine Learning Engineer,145337,No,21-01-2012,No,10,10,10,0,28-10-2021,3,4,2,3,0,5,4,4
8F7F-015D,Male,28,Some Travel,Technology,43,4,Information Systems,Engineering Manager,249071,No,24-08-2015,No,7,5,5,6,28-10-2021,5,4,2,1,0,2,4,3
65C9-0885,Male,25,Frequent Traveller,Technology,24,1,Computer Science,Senior Software Engineer,121373,No,21-03-2018,No,4,0,2,1,28-10-2021,5,2,2,2,3,3,4,4
3012-1A41,Female,30,Some Travel,Sales,27,5,Marketing,Sales Executive,102059,No,03-01-2012,No,10,4,9,7,29-10-2021,4,5,4,1,0,4,3,3
6280-B47F,Male,25,Frequent Traveller,Technology,39,4,Computer Science,Software Engineer,26545,Yes,21-06-2022,Yes,0,0,0,0,30-10-2021,3,2,2,2,1,3,3,2
0868-097F,Non-Binary,33,Some Travel,Technology,26,3,Information Systems,Engineering Manager,267009,No,23-09-2013,No,9,0,1,7,30-10-2021,4,2,2,3,3,4,3,3
7B9D-8612,Female,32,Some Travel,Sales,9,2,Marketing ,Sales Executive,133865,Yes,12-03-2013,No,9,3,3,0,30-10-2021,4,5,4,3,1,2,3,2
D457-AB87,Male,24,Some Travel,Sales,29,3,Marketing,Sales Executive,105859,No,13-02-2017,No,5,5,5,3,30-10-2021,4,4,4,2,0,5,5,5
0322-D46B,Male,32,Some Travel,Sales,39,4,Marketing ,Sales Executive,105748,No,28-03-2012,No,10,0,1,8,04-03-2015,5,2,4,3,2,3,5,5
B1BC-0011,Female,23,Some Travel,Technology,37,2,Business Studies,Data Scientist,36098,No,01-01-2018,No,4,3,3,1,30-10-2021,5,2,3,2,0,2,5,4
C1C6-F683,Male,45,Frequent Traveller,Technology,6,4,Information Systems,Software Engineer,92613,Yes,23-11-2013,No,9,6,6,2,31-10-2021,3,5,2,3,2,5,4,3
D712-9E1C,Non-Binary,24,Some Travel,Sales,8,2,Economics,Sales Executive,85238,No,24-12-2017,No,5,0,4,1,31-10-2021,3,5,2,1,3,5,4,4
EBBD-37D4,Non-Binary,35,Some Travel,Sales,26,4,Marketing,Sales Executive,98435,No,23-04-2012,No,10,7,9,9,01-11-2021,5,5,4,3,2,5,3,3
0240-4D29,Non-Binary,35,Some Travel,Technology,31,4,Computer Science,Software Engineer,77269,No,13-09-2014,No,8,8,8,6,01-11-2021,4,4,4,2,0,4,4,4
7FA1-BC64,Male,19,Some Travel,Technology,7,3,Information Systems,Software Engineer,30896,Yes,17-03-2021,Yes,1,0,0,0,02-11-2021,4,4,3,1,0,3,4,3
D245-5D80,Male,26,Some Travel,Technology,10,4,Information Systems,Senior Software Engineer,148080,Yes,03-05-2015,No,7,7,7,1,02-11-2021,5,4,5,1,0,2,3,2
DD78-E811,Female,38,Some Travel,Technology,25,2,Other,Data Scientist,60549,No,05-06-2013,No,9,5,6,6,03-11-2021,4,3,5,1,1,4,4,4
3A96-07A5,Female,24,No Travel ,Sales,14,3,Marketing ,Sales Executive,52975,Yes,18-04-2019,No,3,1,3,3,03-11-2021,3,4,5,1,1,2,4,3
29AC-099C,Male,24,No Travel ,Technology,19,1,Information Systems,Engineering Manager,115110,No,19-11-2019,No,3,3,3,3,03-11-2021,3,2,2,3,0,2,3,3
06B9-B79D,Female,21,Some Travel,Sales,36,3,Marketing,Sales Executive,76057,No,12-12-2020,Yes,1,0,0,0,05-03-2015,5,2,4,2,1,2,4,3
EC6E-7F42,Male,42,Frequent Traveller,Technology,28,3,Computer Science,Senior Software Engineer,264513,No,08-07-2020,Yes,1,0,0,1,04-11-2021,4,3,2,2,0,5,3,3
2407-5A4E,Male,40,Some Travel,Technology,22,1,Business Studies,Data Scientist,38849,No,06-06-2014,No,8,6,6,3,04-11-2021,5,2,3,1,1,4,4,4
9624-0464,Female,45,Frequent Traveller,Technology,4,3,Information Systems,Engineering Manager,393420,No,11-08-2019,No,3,1,1,1,04-11-2021,3,2,4,3,1,4,5,4
C2BF-D441,Female,47,Frequent Traveller,Technology,37,3,Computer Science,Analytics Manager,350101,No,19-01-2019,No,3,0,1,0,04-11-2021,3,4,2,3,0,2,3,2
1363-6BF9,Male,36,Some Travel,Technology,10,3,Business Studies,Senior Software Engineer,189405,No,23-05-2013,No,9,4,6,7,05-11-2021,5,5,2,3,0,5,3,3
1C24-233B,Non-Binary,40,Some Travel,Technology,30,4,Computer Science,Machine Learning Engineer,145328,No,09-12-2013,No,9,0,9,9,05-11-2021,5,5,4,3,1,5,4,3
67ED-A630,Male,29,Some Travel,Sales,38,4,Marketing,Sales Executive,102061,No,17-01-2013,No,9,5,9,5,05-11-2021,3,4,3,1,2,2,3,2
CC7A-EE97,Male,31,Some Travel,Technology,10,3,Computer Science,Senior Software Engineer,168087,No,24-06-2014,No,8,4,7,3,05-11-2021,4,5,3,2,1,2,4,3
41A7-9C19,Female,23,Some Travel,Sales,8,4,Economics,Sales Executive,78937,No,10-04-2018,No,4,0,3,0,05-11-2021,4,5,4,3,1,2,4,4
FD95-9EEB,Male,30,Some Travel,Technology,19,4,Business Studies,Data Scientist,96187,Yes,19-11-2020,Yes,0,0,0,0,06-11-2021,4,2,4,1,2,3,4,3
1054-9C3B,Female,30,Some Travel,Technology,1,4,Other,Data Scientist,40285,Yes,21-03-2013,Yes,1,1,1,0,06-03-2015,3,5,3,1,2,5,3,3
4C62-5BE8,Non-Binary,39,Frequent Traveller,Technology,4,1,Business Studies,Software Engineer,87879,Yes,25-05-2013,No,9,6,8,9,06-11-2021,3,4,2,1,1,4,5,4
B679-F7C9,Male,29,Some Travel,Technology,36,5,Business Studies,Software Engineer,113448,Yes,31-12-2015,No,7,0,4,1,06-11-2021,4,5,2,2,0,2,4,4
AFDF-3DA8,Male,41,Some Travel,Sales,35,1,Marketing,Manager,314961,No,23-05-2021,Yes,0,0,0,0,07-11-2021,4,5,2,3,1,2,5,5
3642-EEAE,Female,48,Some Travel,Technology,43,3,Information Systems,Data Scientist,56053,No,27-06-2014,No,8,6,8,4,07-11-2021,5,5,5,2,0,3,5,4
AD1C-2AC5,Female,22,No Travel ,Technology,6,2,Information Systems,Data Scientist,38169,No,11-09-2018,No,4,4,4,4,07-11-2021,5,2,3,1,3,4,5,5
BFF3-AADC,Female,31,No Travel ,Human Resources,25,2,Marketing ,Recruiter,55682,No,25-01-2012,No,10,0,2,0,08-11-2021,4,3,3,1,0,2,5,4
AB4A-E71A,Male,43,Some Travel,Sales,3,3,Marketing,Manager,429939,Yes,05-09-2013,No,9,3,3,7,08-11-2021,1,3,1,3,0,1,5,5
D871-1F74,Female,32,Frequent Traveller,Technology,40,5,Computer Science,Data Scientist,60759,No,22-06-2014,No,8,0,6,3,08-11-2021,1,3,4,3,1,3,5,4
8291-DE04,Non-Binary,23,Frequent Traveller,Technology,26,2,Information Systems,Data Scientist,31342,No,22-03-2019,No,3,0,3,0,08-11-2021,1,2,2,3,2,2,4,3
8DB6-5FC6,Female,21,No Travel ,Sales,25,3,Marketing,Sales Executive,69078,No,08-09-2019,No,3,3,3,3,08-11-2021,3,5,4,2,0,3,4,4
155B-42BE,Female,25,Some Travel,Sales,38,2,Marketing ,Sales Executive,57018,No,21-02-2015,Yes,1,0,0,0,06-03-2015,3,2,2,1,0,5,5,4
97F7-5710,Female,25,Frequent Traveller,Technology,4,5,Information Systems,Engineering Manager,199034,Yes,30-12-2018,No,4,4,4,4,08-11-2021,5,3,2,1,2,2,5,4
A0EC-C4AE,Female,24,Some Travel,Sales,7,3,Marketing,Sales Executive,106586,No,14-10-2019,No,3,1,3,3,08-11-2021,5,5,5,3,0,4,3,3
4FC2-A40D,Female,32,No Travel ,Technology,12,3,Computer Science,Engineering Manager,316725,No,02-02-2012,No,10,6,10,2,09-11-2021,5,3,4,3,1,2,5,5
3E4A-F28F,Female,20,Some Travel,Technology,45,2,Information Systems,Senior Software Engineer,41877,No,02-11-2022,Yes,0,0,0,0,10-11-2021,5,5,4,1,3,4,4,4
F578-F0C8,Female,21,Some Travel,Technology,6,5,Business Studies,Software Engineer,25149,No,03-11-2020,Yes,1,1,1,1,10-11-2021,5,4,2,2,1,4,3,3
2A04-49D1,Non-Binary,41,Some Travel,Technology,11,5,Information Systems,Engineering Manager,372980,No,22-08-2013,No,9,1,2,3,10-11-2021,4,5,2,1,1,3,5,5
F9E1-87E9,Female,33,No Travel ,Sales,41,2,Economics,Sales Executive,193190,Yes,22-04-2014,No,8,0,3,4,11-11-2021,5,3,3,3,0,4,4,3
EA3A-E005,Male,24,Some Travel,Technology,30,3,Business Studies,Software Engineer,26363,No,24-07-2016,No,6,6,6,2,11-11-2021,4,3,2,2,3,3,3,2
A696-1216,Female,36,Some Travel,Sales,37,3,Marketing ,Sales Executive,192475,No,20-07-2014,No,8,2,2,0,12-11-2021,3,2,4,1,0,5,4,3
2A9F-6BD2,Male,29,Some Travel,Sales,39,1,Marketing,Sales Executive,183768,Yes,25-02-2019,No,3,3,3,0,12-11-2021,5,5,4,1,2,3,4,4
5222-EBE1,Male,30,Some Travel,Technology,14,4,Computer Science,Machine Learning Engineer,194823,No,01-04-2012,No,10,4,9,8,06-03-2015,3,5,3,2,1,2,3,3
9728-1A5B,Male,48,Some Travel,Sales,33,2,Marketing ,Sales Executive,191771,No,17-05-2012,No,10,0,10,4,13-11-2021,3,2,3,3,1,4,4,4
4565-62DE,Male,37,Some Travel,Technology,29,3,Computer Science,Machine Learning Engineer,155506,No,18-03-2014,No,8,8,8,8,14-11-2021,1,3,4,2,0,4,5,4
1D32-9620,Male,23,Some Travel,Human Resources,39,2,Human Resources,HR Executive,55805,No,29-10-2017,No,5,3,3,1,14-11-2021,4,3,4,3,2,2,5,4
FB6A-3F11,Female,22,Frequent Traveller,Technology,21,1,Information Systems,Data Scientist,34193,No,29-04-2018,No,4,2,4,3,14-11-2021,3,3,3,1,2,3,5,4
D061-5CAD,Male,22,No Travel ,Technology,25,4,Business Studies,Software Engineer,31386,No,13-05-2019,No,3,2,2,1,15-11-2021,1,1,1,3,3,1,3,3
C395-8C36,Male,33,Some Travel,Human Resources,3,1,Technical Degree,Recruiter,53616,Yes,19-01-2012,No,10,2,3,7,16-11-2021,1,1,2,3,1,4,5,4
B063-A2B5,Male,41,Some Travel,Sales,11,1,Marketing,Sales Executive,81654,No,28-11-2014,No,8,3,4,7,16-11-2021,4,2,4,3,0,1,3,3
C25C-C434,Female,35,Frequent Traveller,Technology,39,4,Computer Science,Software Engineer,71257,No,01-05-2012,No,10,1,6,10,17-11-2021,2,1,1,3,0,1,4,4
4DA0-81D7,Male,28,Some Travel,Human Resources,34,2,Marketing ,HR Executive,94534,No,11-05-2013,No,9,3,3,1,17-11-2021,3,2,1,3,2,2,4,3
7DD6-128C,Female,32,No Travel ,Sales,2,4,Marketing,Sales Executive,114246,No,26-07-2014,No,8,3,6,5,17-11-2021,5,2,4,2,2,3,4,4
B1EC-849B,Female,28,Some Travel,Sales,1,4,Marketing ,Sales Executive,87039,No,13-05-2012,No,10,3,5,4,06-03-2015,5,3,2,3,1,5,3,2
8292-6635,Male,26,Some Travel,Sales,14,4,Marketing ,Sales Executive,127450,No,11-07-2015,No,7,0,0,1,18-11-2021,5,3,2,2,2,3,5,5
8328-A764,Male,24,Some Travel,Technology,17,4,Other,Software Engineer,30720,No,09-09-2017,No,5,4,5,4,18-11-2021,3,2,5,1,1,4,4,3
A4E5-CE62,Female,23,Some Travel,Technology,1,1,Information Systems,Machine Learning Engineer,62324,No,14-08-2019,No,3,1,3,3,18-11-2021,4,2,2,1,1,2,3,2
085C-7FC2,Male,47,No Travel ,Sales,17,4,Other,Sales Executive,176158,No,13-04-2012,No,10,9,10,2,19-11-2021,4,3,2,2,2,4,5,4
8078-6154,Female,26,Some Travel,Sales,29,1,Marketing,Manager,172070,No,09-04-2017,No,5,4,4,3,19-11-2021,5,5,5,1,1,3,4,3
CC88-AE14,Female,25,Some Travel,Technology,27,2,Computer Science,Machine Learning Engineer,84770,Yes,20-12-2016,No,6,0,5,0,19-11-2021,3,5,2,2,0,4,4,3
9756-3EAB,Female,22,Some Travel,Technology,21,3,Computer Science,Software Engineer,27097,No,28-04-2019,No,3,3,3,1,19-11-2021,5,2,2,2,1,5,4,4
7FFD-C810,Female,32,Some Travel,Technology,22,2,Other,Data Scientist,75821,No,30-01-2012,No,10,1,5,1,20-11-2021,4,1,2,3,0,3,5,4
9360-3A68,Female,27,No Travel ,Technology,12,3,Information Systems,Data Scientist,41524,No,12-11-2015,No,7,6,6,6,20-11-2021,2,2,3,2,0,1,3,3
3D9E-FB05,Male,25,Some Travel,Sales,2,4,Economics,Sales Executive,75555,No,08-11-2016,No,6,5,6,4,20-11-2021,2,3,1,2,2,2,3,2
8567-5B27,Female,28,Frequent Traveller,Sales,32,1,Technical Degree,Sales Representative,53439,Yes,27-04-2012,Yes,3,0,0,1,07-03-2015,4,2,3,3,3,2,4,3
C219-6C2E,Male,34,Some Travel,Sales,30,2,Marketing,Sales Executive,133468,No,05-01-2012,No,10,3,7,9,21-11-2021,4,2,3,3,0,3,3,2
757F-78FE,Male,25,No Travel ,Technology,32,4,Information Systems,Machine Learning Engineer,52614,No,08-05-2016,No,6,4,5,1,21-11-2021,4,5,3,1,0,5,3,3
A862-3880,Male,22,Some Travel,Technology,10,3,Computer Science,Senior Software Engineer,66552,Yes,30-12-2018,No,4,1,2,0,21-11-2021,3,4,3,2,1,5,3,2
1749-81A2,Female,48,Some Travel,Technology,17,3,Information Systems,Software Engineer,65860,No,01-02-2012,No,10,6,7,1,22-11-2021,4,3,3,3,1,2,4,3
1053-41B1,Female,19,Some Travel,Technology,24,2,Computer Science,Data Scientist,31014,No,16-06-2021,No,1,1,1,0,22-11-2021,4,5,4,1,3,4,5,5
C22D-CE5F,Female,42,Frequent Traveller,Sales,37,3,Marketing ,Sales Executive,189256,No,10-07-2014,No,8,1,2,2,23-11-2021,5,5,3,2,0,5,3,3
E523-D168,Male,27,Some Travel,Sales,42,2,Technical Degree,Sales Executive,68638,Yes,10-03-2015,No,7,7,7,0,23-11-2021,4,2,5,1,1,2,5,5
5B11-3DB3,Female,24,Some Travel,Sales,43,4,Economics,Sales Executive,144335,No,11-10-2018,Yes,0,0,0,0,24-11-2021,3,2,4,3,1,3,3,3
6A2B-42DB,Female,21,Frequent Traveller,Technology,41,2,Information Systems,Software Engineer,23612,Yes,28-09-2022,Yes,0,0,0,0,24-11-2021,5,5,4,1,1,5,5,4
F838-C681,Male,32,Some Travel,Technology,22,4,Business Studies,Software Engineer,72688,No,06-05-2013,No,9,3,3,8,24-11-2021,4,3,3,3,3,2,3,3
D970-9F5E,Female,29,Some Travel,Technology,36,3,Computer Science,Data Scientist,46813,No,29-05-2014,Yes,6,1,1,1,07-03-2015,3,3,3,2,2,4,4,4
6413-42F1,Female,27,Some Travel,Human Resources,24,2,Other,HR Executive,55206,No,13-07-2016,No,6,1,3,4,24-11-2021,3,3,2,2,1,3,4,3
3994-472A,Male,29,Some Travel,Technology,33,3,Computer Science,Software Engineer,153909,No,23-04-2012,No,10,10,10,2,25-11-2021,3,4,2,1,0,5,3,3
12B5-11CC,Female,30,Some Travel,Technology,8,3,Information Systems,Software Engineer,70771,No,08-03-2012,No,10,9,9,2,26-11-2021,3,2,2,1,2,5,5,4
4969-9A35,Non-Binary,39,Frequent Traveller,Technology,8,4,Information Systems,Software Engineer,137427,Yes,04-03-2012,No,10,9,10,8,27-11-2021,4,2,4,1,0,3,5,4
2BEA-43B2,Male,48,Some Travel,Technology,44,1,Computer Science,Software Engineer,103198,No,03-04-2013,No,9,7,9,2,27-11-2021,5,4,3,1,0,3,3,2
6A67-EC2C,Female,23,Some Travel,Sales,21,4,Marketing,Sales Executive,37626,No,04-02-2017,No,5,4,4,2,27-11-2021,5,4,2,3,0,4,3,2
C54B-DBC5,Female,33,Frequent Traveller,Sales,33,5,Marketing,Sales Executive,115114,No,12-11-2013,No,9,9,9,6,28-11-2021,3,5,4,3,1,4,3,2
B312-7192,Female,39,No Travel ,Sales,12,2,Marketing ,Sales Executive,89351,No,11-11-2014,No,8,2,2,0,28-11-2021,5,2,5,3,1,5,3,3
296A-A685,Female,27,No Travel ,Technology,34,2,Business Studies,Data Scientist,30783,No,03-02-2015,No,7,7,7,2,29-11-2021,3,3,5,1,0,5,5,4
9FE1-0345,Male,28,Some Travel,Technology,6,1,Information Systems,Data Scientist,87175,No,21-04-2012,No,10,6,10,7,30-11-2021,3,2,2,1,0,2,3,3
2219-56CA,Non-Binary,28,Some Travel,Sales,38,3,Marketing,Sales Executive,185380,No,21-09-2015,Yes,5,2,5,3,21-02-2013,4,4,4,3,2,2,3,2
EAB1-2EB2,Female,21,Some Travel,Technology,8,3,Business Studies,Data Scientist,36534,No,24-05-2019,Yes,0,0,0,0,07-03-2015,5,2,5,3,0,3,5,5
F265-79B0,Female,37,Frequent Traveller,Technology,14,4,Computer Science,Machine Learning Engineer,99936,No,01-05-2012,No,10,9,10,6,30-11-2021,4,3,4,2,0,3,3,2
4886-62DF,Female,48,Some Travel,Technology,45,3,Other,Senior Software Engineer,207456,No,18-10-2013,No,9,2,6,4,01-12-2021,4,3,5,1,1,3,5,4
6987-6124,Male,25,Frequent Traveller,Technology,21,4,Information Systems,Engineering Manager,182961,No,15-11-2016,No,6,3,5,1,01-12-2021,5,5,4,2,2,5,4,3
BD70-7DAE,Male,22,Frequent Traveller,Technology,2,3,Business Studies,Software Engineer,37014,Yes,23-10-2020,Yes,1,0,1,0,02-12-2021,5,3,2,1,2,5,4,3
DDAC-D5FD,Male,22,Frequent Traveller,Technology,4,3,Information Systems,Data Scientist,21854,No,18-06-2021,Yes,0,0,0,0,02-12-2021,5,4,2,2,2,4,4,4
ACB2-6640,Female,24,Some Travel,Sales,16,4,Marketing ,Sales Executive,75250,No,29-06-2018,No,4,0,0,0,02-12-2021,5,3,3,3,0,2,3,2
3D71-8DC2,Male,38,Some Travel,Sales,20,4,Marketing ,Sales Executive,147098,No,11-01-2012,No,10,5,8,2,04-12-2021,3,2,5,3,2,2,4,4
A923-9EF6,Female,41,Frequent Traveller,Technology,7,1,Business Studies,Machine Learning Engineer,107008,No,05-02-2012,No,10,9,10,9,04-12-2021,4,5,5,1,2,3,5,5
DFA9-990E,Male,43,No Travel ,Sales,34,4,Marketing ,Sales Executive,108315,No,17-01-2012,No,10,9,10,10,04-12-2021,4,4,3,2,1,5,4,4
D39D-4015,Female,30,Frequent Traveller,Technology,28,3,Information Systems,Software Engineer,46388,No,16-01-2014,No,8,6,6,3,04-12-2021,5,4,3,2,1,2,4,4
7EE7-2C43,Female,29,Some Travel,Technology,9,4,Computer Science,Data Scientist,48321,Yes,26-10-2013,Yes,7,2,3,2,08-03-2015,4,2,2,2,1,2,4,4
4A39-E8E6,Male,35,Some Travel,Technology,26,3,Information Systems,Engineering Manager,311475,No,15-04-2014,No,8,0,0,2,04-12-2021,4,5,4,1,1,2,3,2
C6EC-FEB5,Female,38,Some Travel,Sales,1,1,Economics,Sales Executive,151141,No,19-01-2012,No,10,3,6,9,06-12-2021,5,4,3,3,2,4,5,5
1B4A-5D80,Female,26,Some Travel,Technology,37,4,Information Systems,Analytics Manager,107863,Yes,03-01-2016,No,6,3,6,0,06-12-2021,3,2,4,3,0,2,3,2
598D-E3B4,Male,19,No Travel ,Technology,9,3,Information Systems,Software Engineer,29798,Yes,19-03-2022,Yes,0,0,0,0,07-12-2021,4,3,3,2,0,4,3,3
B98B-4689,Non-Binary,22,Frequent Traveller,Sales,28,4,Marketing ,Sales Executive,39845,No,13-01-2019,Yes,1,0,0,0,07-12-2021,3,5,5,1,0,3,4,4
DBF0-2EA3,Female,27,Frequent Traveller,Technology,1,4,Computer Science,Senior Software Engineer,56302,Yes,04-08-2016,No,6,3,5,4,07-12-2021,3,2,3,2,2,4,4,4
63BF-A86A,Female,39,Frequent Traveller,Human Resources,16,3,Human Resources,HR Executive,201564,Yes,12-10-2022,Yes,0,0,0,0,08-12-2021,5,2,4,3,2,5,5,5
58C8-63FA,Male,38,Some Travel,Technology,40,4,Computer Science,Senior Software Engineer,126505,No,15-04-2012,No,10,1,5,8,08-12-2021,5,2,3,3,2,4,4,4
CF8D-7379,Prefer Not To Say,43,Some Travel,Technology,14,4,Information Systems,Engineering Manager,365504,Yes,04-11-2013,No,9,6,7,8,10-12-2021,5,5,5,3,2,4,5,4
8892-77D8,Male,35,Some Travel,Technology,29,3,Information Systems,Engineering Manager,519361,Yes,04-05-2019,No,3,2,3,1,10-12-2021,3,4,2,2,0,2,4,3
D954-6402,Male,25,Some Travel,Sales,14,3,Marketing ,Sales Executive,123307,Yes,23-12-2015,Yes,7,2,3,1,08-03-2015,3,4,3,3,3,3,3,2
C62F-44EF,Female,39,Frequent Traveller,Human Resources,25,3,Economics,HR Business Partner,349233,No,06-04-2019,No,3,0,2,0,10-12-2021,4,2,4,1,1,3,5,4
533B-938D,Male,28,Some Travel,Sales,43,4,Marketing ,Sales Executive,157549,No,20-10-2015,No,7,0,0,3,11-12-2021,5,2,4,2,2,4,4,4
BEE2-8052,Female,26,Some Travel,Technology,45,3,Computer Science,Software Engineer,74096,No,19-09-2017,No,5,0,5,4,11-12-2021,5,3,3,2,1,5,5,4
E6D9-ADEE,Female,20,No Travel ,Technology,45,2,Computer Science,Software Engineer,28262,No,29-08-2020,Yes,1,0,0,0,12-12-2021,5,5,3,2,1,2,5,4
E5C1-B122,Female,36,No Travel ,Sales,33,4,Marketing,Sales Executive,116057,No,19-03-2012,No,10,2,10,2,12-12-2021,3,2,5,3,2,3,5,5
7F5B-92AD,Male,27,Some Travel,Technology,43,4,Computer Science,Senior Software Engineer,105702,No,30-03-2019,No,3,3,3,1,12-12-2021,3,2,3,2,0,5,4,4
BC21-2167,Non-Binary,28,Frequent Traveller,Technology,40,1,Computer Science,Senior Software Engineer,187698,No,17-06-2021,No,1,0,1,1,12-12-2021,5,2,3,2,2,5,3,2
9862-8904,Female,23,Some Travel,Technology,33,2,Information Systems,Machine Learning Engineer,77798,No,12-07-2019,No,3,2,3,0,13-12-2021,3,5,3,3,1,4,4,4
08FC-817E,Female,26,Some Travel,Technology,43,4,Computer Science,Software Engineer,30217,No,04-09-2015,No,7,2,4,0,14-12-2021,4,2,3,1,1,2,5,4
E55E-9436,Male,41,No Travel ,Sales,34,3,Marketing ,Sales Executive,326896,Yes,03-02-2020,Yes,2,1,1,1,15-12-2021,1,2,1,2,0,3,4,4
73CF-4956,Female,32,Some Travel,Technology,42,4,Computer Science,Data Scientist,102022,No,12-01-2012,No,10,4,5,8,08-03-2015,4,5,2,1,1,5,4,4
9CC0-FF43,Female,25,Some Travel,Technology,32,3,Information Systems,Software Engineer,35586,No,17-02-2017,No,5,4,5,0,15-12-2021,2,1,1,3,2,2,5,4
3A36-DA50,Female,24,Some Travel,Technology,26,3,Information Systems,Senior Software Engineer,80374,No,14-10-2017,No,5,4,4,4,15-12-2021,2,2,3,2,0,2,5,4
CAD7-01BE,Male,47,Some Travel,Sales,26,4,Marketing,Sales Executive,244765,Yes,04-07-2018,No,4,2,3,1,15-12-2021,3,3,4,1,3,2,3,2
DF94-FD29,Male,22,Frequent Traveller,Sales,4,4,Marketing,Sales Executive,75816,No,24-12-2020,Yes,1,0,0,0,16-12-2021,4,2,2,3,0,5,5,5
9E8E-F2FF,Female,24,No Travel ,Sales,10,4,Marketing,Sales Executive,65432,No,15-06-2019,No,3,1,2,0,16-12-2021,4,4,2,1,0,4,4,4
9C71-34AE,Non-Binary,40,Some Travel,Technology,44,2,Computer Science,Software Engineer,69119,No,15-02-2012,No,10,8,10,5,17-12-2021,5,2,2,2,3,2,4,3
8E5B-CBBF,Male,25,Some Travel,Sales,12,4,Marketing,Sales Executive,67814,No,28-03-2015,No,7,6,7,1,17-12-2021,5,5,3,3,0,4,3,3
C0B9-E4C1,Female,25,Some Travel,Technology,40,2,Computer Science,Machine Learning Engineer,80779,Yes,04-10-2017,No,5,1,4,5,17-12-2021,5,2,4,3,2,4,5,4
AF5D-A8C8,Male,24,Some Travel,Sales,27,4,Marketing ,Sales Executive,86102,Yes,04-05-2021,Yes,0,0,0,0,18-12-2021,4,4,2,3,0,5,5,4
DCFE-F601,Male,48,Some Travel,Technology,36,3,Information Systems,Senior Software Engineer,180561,No,01-06-2013,No,9,1,8,7,18-12-2021,5,5,4,2,1,3,5,5
E3B6-49F8,Male,20,Some Travel,Technology,23,3,Business Studies,Software Engineer,33632,No,28-09-2022,Yes,0,0,0,0,08-03-2015,4,5,5,1,0,5,5,5
776A-CDBC,Female,26,Some Travel,Sales,4,2,Economics,Sales Executive,82147,No,05-12-2016,No,6,2,4,3,18-12-2021,3,2,5,2,1,5,5,5
D471-4BFF,Male,24,Frequent Traveller,Sales,9,3,Marketing ,Sales Executive,45410,No,04-02-2019,No,3,3,3,1,18-12-2021,5,2,3,3,0,2,5,4
0CED-EE28,Female,48,Some Travel,Technology,25,1,Computer Science,Data Scientist,47464,No,06-03-2012,No,10,4,8,10,19-12-2021,4,3,4,2,2,2,3,3
5C61-8F3A,Female,34,Some Travel,Technology,5,1,Information Systems,Data Scientist,127432,Yes,06-02-2012,No,10,8,9,9,19-12-2021,5,2,2,1,1,2,5,5
13E5-8466,Female,47,Some Travel,Sales,14,4,Marketing ,Manager,410970,No,06-12-2014,No,8,2,5,8,19-12-2021,3,4,3,2,0,2,3,3
10CE-8403,Female,27,Some Travel,Technology,31,4,Computer Science,Senior Software Engineer,120225,No,08-11-2015,No,7,2,5,4,20-12-2021,3,4,2,2,0,3,3,3
A2FB-2D5D,Female,43,Some Travel,Technology,11,5,Information Systems,Analytics Manager,482510,No,17-03-2012,No,10,9,9,1,21-12-2021,4,5,5,3,2,5,3,3
F93D-CB5A,Female,40,Some Travel,Technology,26,3,Information Systems,Senior Software Engineer,120858,No,29-04-2012,No,10,9,9,8,21-12-2021,5,2,4,2,1,4,3,2
0697-ADC3,Male,38,No Travel ,Technology,4,3,Information Systems,Software Engineer,45942,Yes,30-01-2014,No,8,4,5,8,21-12-2021,3,4,2,1,1,4,5,4
A896-CDE2,Female,25,Some Travel,Technology,16,5,Information Systems,Software Engineer,28317,Yes,13-05-2015,No,7,4,6,5,21-12-2021,3,3,2,1,0,5,4,3
4B6E-3C21,Female,32,Some Travel,Sales,29,4,Economics,Sales Executive,68043,No,25-09-2013,Yes,8,0,1,6,10-03-2015,4,5,2,3,2,3,5,5
5E53-1897,Male,23,Some Travel,Technology,6,4,Other,Software Engineer,87483,Yes,06-03-2017,No,5,1,2,0,22-12-2021,5,4,5,3,0,4,5,4
E681-7B57,Male,18,Frequent Traveller,Technology,26,2,Information Systems,Data Scientist,31532,No,22-05-2022,Yes,0,0,0,0,23-12-2021,4,3,2,2,3,3,3,2
637B-DBAD,Male,44,Some Travel,Technology,31,2,Computer Science,Software Engineer,81297,Yes,14-12-2013,No,9,1,8,9,23-12-2021,4,4,4,1,1,2,3,3
D836-B375,Female,44,Some Travel,Technology,21,2,Computer Science,Software Engineer,91563,No,06-11-2013,No,9,9,9,8,23-12-2021,5,4,5,3,0,4,4,3
63E9-F74A,Male,25,Frequent Traveller,Technology,11,1,Business Studies,Machine Learning Engineer,67708,No,02-11-2015,No,7,7,7,0,23-12-2021,5,4,2,1,0,4,3,2
B492-D447,Male,28,Some Travel,Sales,3,2,Marketing ,Sales Executive,128719,No,21-07-2015,No,7,1,3,6,23-12-2021,5,3,4,2,2,4,4,3
1BAE-4DA1,Female,25,No Travel ,Technology,27,4,Business Studies,Software Engineer,28288,No,01-03-2017,No,5,5,5,0,23-12-2021,5,2,2,1,2,4,4,3
61CC-2C1D,Male,25,Some Travel,Technology,2,3,Computer Science,Engineering Manager,217544,No,25-04-2016,No,6,5,6,6,23-12-2021,4,4,2,3,2,2,4,4
7054-B62C,Male,33,Frequent Traveller,Technology,32,1,Computer Science,Machine Learning Engineer,188180,No,27-04-2019,No,3,1,3,3,23-12-2021,5,2,2,2,0,2,5,4
A859-9A84,Male,23,Some Travel,Technology,26,2,Computer Science,Data Scientist,31426,No,12-09-2019,No,3,1,2,0,23-12-2021,5,2,2,3,0,3,3,2
40A9-8EB0,Female,39,Some Travel,Technology,31,3,Information Systems,Software Engineer,90017,Yes,07-02-2012,No,10,7,7,3,10-03-2015,4,2,3,2,1,2,3,3
6C42-A719,Female,22,Some Travel,Technology,37,3,Computer Science,Data Scientist,30442,Yes,11-03-2020,Yes,0,0,0,0,24-12-2021,3,3,3,2,0,5,4,3
A9EB-9E41,Female,30,Some Travel,Technology,30,1,Computer Science,Machine Learning Engineer,228438,No,30-04-2012,No,10,6,9,10,24-12-2021,3,4,5,2,1,4,5,5
1FAC-768D,Male,24,Frequent Traveller,Technology,44,4,Computer Science,Software Engineer,61230,No,17-08-2019,No,3,2,3,3,24-12-2021,4,2,5,3,0,2,5,4
ADA1-966E,Female,40,Some Travel,Technology,29,3,Computer Science,Engineering Manager,304343,Yes,27-10-2018,No,4,2,4,0,24-12-2021,3,2,4,2,0,4,3,2
B0C8-E3DF,Female,19,Frequent Traveller,Human Resources,24,3,Economics,Recruiter,25838,No,06-05-2021,No,1,0,0,0,24-12-2021,5,2,2,2,0,5,4,3
4CA1-F139,Male,24,Frequent Traveller,Technology,34,2,Computer Science,Software Engineer,28484,Yes,01-05-2019,Yes,1,1,1,1,25-12-2021,5,2,5,2,0,5,5,5
DCA7-D382,Male,22,Some Travel,Technology,8,1,Information Systems,Data Scientist,54371,No,06-08-2018,No,4,4,4,2,26-12-2021,3,5,4,2,1,2,3,3
1609-65E1,Female,33,Frequent Traveller,Technology,34,2,Computer Science,Machine Learning Engineer,91407,No,17-04-2013,No,9,9,9,4,27-12-2021,5,4,4,3,1,5,5,5
4D7E-BDA4,Male,34,Some Travel,Sales,19,3,Marketing ,Sales Representative,46740,No,06-03-2014,No,8,1,6,1,27-12-2021,5,3,3,1,0,4,5,4
2857-A950,Male,24,Some Travel,Sales,13,2,Economics,Sales Executive,64852,No,05-03-2017,No,5,1,5,2,27-12-2021,5,2,4,3,0,3,3,2
B005-602F,Female,19,Some Travel,Technology,11,4,Computer Science,Software Engineer,27760,Yes,06-11-2022,Yes,0,0,0,0,11-03-2015,4,5,5,3,0,4,3,2
03EF-5904,Male,31,Some Travel,Technology,45,3,Other,Machine Learning Engineer,195261,No,09-09-2013,No,9,3,4,5,28-12-2021,5,2,4,3,1,4,3,3
74F2-5C55,Male,47,Some Travel,Technology,40,2,Computer Science,Data Scientist,108798,No,12-04-2012,No,10,0,4,7,29-12-2021,4,2,4,3,1,5,5,4
ACA9-5DC2,Female,46,Frequent Traveller,Sales,14,1,Economics,Sales Executive,205159,No,07-03-2012,No,10,1,9,6,29-12-2021,3,4,3,3,1,5,5,5
211E-BC82,Female,28,Frequent Traveller,Technology,6,1,Information Systems,Software Engineer,47148,No,09-11-2013,No,9,3,8,8,29-12-2021,5,3,3,2,2,4,4,3
E47D-E3C5,Male,26,Some Travel,Technology,14,1,Computer Science,Software Engineer,33180,Yes,10-11-2015,No,7,5,7,3,29-12-2021,4,4,5,1,0,2,3,2
097B-A688,Male,23,Some Travel,Technology,33,2,Information Systems,Data Scientist,26198,Yes,04-04-2017,No,5,4,4,0,29-12-2021,4,2,2,3,2,2,4,3
1A2D-52EC,Female,25,Some Travel,Technology,9,3,Information Systems,Software Engineer,39636,Yes,21-07-2016,No,6,0,5,1,29-12-2021,5,2,4,3,2,2,5,4
6CC9-81FC,Male,25,No Travel ,Technology,43,3,Computer Science,Data Scientist,33086,No,15-03-2018,No,4,4,4,2,29-12-2021,4,2,3,1,0,3,3,3
40BE-EEAF,Male,24,Frequent Traveller,Technology,45,3,Computer Science,Data Scientist,85422,Yes,28-03-2021,Yes,1,0,0,0,30-12-2021,5,2,5,2,0,4,3,3
79F3-8AA5,Female,47,Some Travel,Human Resources,21,3,Marketing ,HR Executive,98608,No,14-02-2012,No,10,5,10,4,30-12-2021,4,3,3,3,1,4,3,2
4A0E-9958,Male,26,Some Travel,Technology,6,4,Information Systems,Machine Learning Engineer,89771,Yes,04-10-2016,Yes,1,0,0,0,12-03-2015,3,3,4,3,3,5,3,3
79F7-78EC,Non-Binary,27,Some Travel,Sales,37,4,Marketing ,Sales Executive,141998,Yes,14-12-2013,Yes,5,5,5,1,31-12-2021,3,3,5,1,0,4,3,2
41EC-F2AA,Female,26,Frequent Traveller,Technology,42,1,Computer Science,Data Scientist,56966,No,04-05-2015,No,7,4,5,2,31-12-2021,5,3,5,2,3,5,3,2
8462-E88A,Male,25,Some Travel,Human Resources,18,4,Marketing ,HR Business Partner,190466,No,26-03-2017,No,5,2,2,5,31-12-2021,4,2,5,2,3,5,4,4
B57F-B5CE,Male,26,Some Travel,Technology,23,5,Information Systems,Machine Learning Engineer,78934,No,24-10-2017,No,5,2,2,4,31-12-2021,3,2,3,2,3,5,4,4
24FA-A637,Non-Binary,22,Some Travel,Technology,10,4,Computer Science,Data Scientist,28953,No,01-08-2019,No,3,1,1,1,31-12-2021,5,3,2,1,0,2,5,5
B61E-0F26,Male,28,Frequent Traveller,Technology,3,3,Business Studies,Software Engineer,58993,Yes,07-11-2014,Yes,7,2,7,1,01-01-2022,3,4,4,1,1,5,5,5
F5E3-48BB,Female,25,Frequent Traveller,Human Resources,3,3,Human Resources,Recruiter,23547,No,13-01-2015,Yes,3,0,2,1,01-01-2022,4,5,2,2,1,3,5,4
C2DD-9D37,Male,42,Some Travel,Sales,16,4,Marketing ,Sales Executive,106277,No,19-03-2012,No,10,0,5,5,01-01-2022,5,4,4,1,2,5,5,5
DF71-97FB,Male,29,No Travel ,Technology,12,4,Computer Science,Data Scientist,62756,No,14-05-2014,No,8,3,5,8,01-01-2022,5,5,5,1,2,2,3,3
2637-BDCD,Male,21,Some Travel,Technology,35,3,Computer Science,Data Scientist,51682,No,15-06-2019,No,3,1,3,0,01-01-2022,5,5,3,2,1,2,5,4
CFE3-312D,Male,21,Frequent Traveller,Sales,36,4,Other,Sales Executive,46452,Yes,08-11-2020,Yes,1,1,1,0,12-03-2015,3,4,4,2,0,4,4,3
0678-748A,Male,25,Some Travel,Sales,4,2,Economics,Sales Executive,57698,Yes,11-05-2015,Yes,6,5,6,2,02-01-2022,3,2,4,1,0,2,3,2
541F-3E19,Female,27,Some Travel,Technology,30,1,Information Systems,Data Scientist,49374,Yes,02-04-2014,Yes,1,0,0,1,02-01-2022,5,2,4,2,3,5,3,3
89A6-7EF1,Male,26,Some Travel,Human Resources,11,3,Other,HR Executive,70395,No,11-07-2016,No,6,5,6,2,02-01-2022,3,3,4,3,1,2,3,2
4C66-6E16,Male,33,Some Travel,Technology,4,4,Information Systems,Engineering Manager,335261,No,03-08-2017,No,5,5,5,0,02-01-2022,5,4,5,1,1,3,4,4
5609-8585,Male,24,No Travel ,Sales,2,4,Marketing ,Sales Executive,64277,No,15-10-2017,No,5,4,4,5,02-01-2022,5,3,2,1,0,2,4,4
0C6D-2825,Male,21,Some Travel,Technology,30,3,Computer Science,Software Engineer,37164,Yes,06-03-2019,No,3,3,3,3,02-01-2022,4,5,5,1,0,5,5,5
9536-9492,Male,23,Some Travel,Technology,4,4,Computer Science,Software Engineer,42687,Yes,21-11-2020,No,2,2,2,2,02-01-2022,4,2,2,2,1,2,5,4
C0A1-EB7D,Female,36,Some Travel,Technology,32,3,Computer Science,Senior Software Engineer,111294,No,02-03-2012,No,10,8,8,10,03-01-2022,3,5,2,2,0,4,3,2
1359-BEE3,Female,41,No Travel ,Technology,22,3,Computer Science,Data Scientist,52581,No,09-12-2013,No,9,8,8,7,04-01-2022,3,3,5,1,0,2,3,3
0592-D909,Male,39,Frequent Traveller,Technology,42,3,Information Systems,Analytics Manager,495977,No,30-04-2020,No,2,2,2,0,04-01-2022,5,4,3,3,1,3,5,5
8FB2-4CE0,Male,27,Some Travel,Technology,14,4,Computer Science,Data Scientist,37545,No,06-12-2016,Yes,2,1,1,1,21-02-2013,4,2,5,2,0,3,4,3
68FB-06A7,Female,43,Frequent Traveller,Sales,1,3,Marketing,Sales Executive,180996,No,10-04-2012,No,10,8,10,9,14-03-2015,5,3,5,2,1,2,4,4
12E5-9BD1,Female,36,Some Travel,Technology,10,4,Information Systems,Senior Software Engineer,297181,No,24-12-2020,No,2,2,2,2,04-01-2022,4,3,4,3,1,3,4,4
D5DA-363A,Male,33,Some Travel,Sales,41,2,Marketing,Sales Executive,71201,No,24-01-2012,No,10,8,10,4,05-01-2022,4,4,4,1,2,4,5,4
9E7A-1F70,Female,29,Some Travel,Sales,4,2,Marketing ,Sales Executive,129356,No,02-05-2012,Yes,5,1,1,2,06-01-2022,4,4,3,3,2,3,3,3
58F5-C8FC,Female,37,Some Travel,Sales,19,3,Marketing ,Sales Executive,230381,No,19-12-2014,No,8,3,3,7,06-01-2022,3,4,5,1,2,4,4,3
3C78-06E7,Male,24,Some Travel,Technology,7,4,Information Systems,Software Engineer,85074,No,15-01-2018,No,4,1,2,4,06-01-2022,4,5,2,1,0,4,4,4
4C72-E72F,Female,24,Some Travel,Sales,43,2,Economics,Sales Executive,54841,Yes,31-05-2018,No,4,3,4,0,06-01-2022,5,2,4,3,0,4,4,4
63E0-439B,Female,22,Some Travel,Technology,36,4,Computer Science,Software Engineer,31072,No,15-09-2020,No,2,2,2,1,06-01-2022,5,4,3,1,1,5,3,3
C251-2A18,Non-Binary,26,Some Travel,Technology,28,4,Computer Science,Data Scientist,29791,No,07-08-2015,No,7,7,7,1,07-01-2022,5,5,2,1,2,5,5,5
79E4-6632,Male,23,Some Travel,Technology,45,2,Computer Science,Software Engineer,37322,No,28-03-2017,No,5,3,3,3,07-01-2022,5,3,2,3,0,3,3,2
4304-4B4E,Female,29,Some Travel,Sales,8,3,Marketing,Sales Executive,163950,No,30-04-2019,No,3,3,3,0,07-01-2022,5,5,5,1,1,5,3,3
2551-DD9B,Female,33,Some Travel,Technology,40,4,Computer Science,Senior Software Engineer,181244,No,15-01-2014,No,8,4,8,8,14-03-2015,5,5,2,3,0,4,4,4
05ED-92F1,Non-Binary,27,Frequent Traveller,Sales,41,3,Marketing,Sales Representative,28984,Yes,10-10-2016,Yes,3,1,1,0,08-01-2022,3,5,4,1,3,4,4,3
F72D-261D,Male,28,Frequent Traveller,Technology,5,3,Information Systems,Data Scientist,76133,Yes,06-01-2014,Yes,1,0,1,0,08-01-2022,5,5,3,2,0,3,3,2
38EB-ADBD,Male,48,Some Travel,Technology,20,3,Information Systems,Software Engineer,56546,No,01-11-2013,No,9,4,6,3,08-01-2022,4,3,2,1,2,4,4,4
D106-E487,Female,40,Some Travel,Sales,2,4,Technical Degree,Sales Executive,204005,No,10-06-2014,No,8,7,7,3,08-01-2022,4,4,3,3,0,4,5,5
7805-8A7C,Non-Binary,28,Some Travel,Technology,15,4,Computer Science,Engineering Manager,337046,No,08-07-2018,No,4,3,4,0,08-01-2022,2,3,1,3,2,4,3,2
FAB0-2FF2,Female,22,Some Travel,Technology,45,3,Information Systems,Senior Software Engineer,80975,No,15-09-2018,No,4,4,4,1,08-01-2022,2,1,3,3,2,4,4,3
8EF9-CECD,Male,23,Some Travel,Technology,35,3,Computer Science,Data Scientist,28704,No,28-08-2019,No,3,3,3,1,08-01-2022,4,3,3,3,1,3,4,3
774E-685D,Male,30,Some Travel,Sales,42,4,Marketing,Sales Executive,148862,Yes,03-11-2013,Yes,2,0,1,1,09-01-2022,3,2,5,1,1,2,3,2
9937-CDF7,Male,28,Some Travel,Sales,19,2,Marketing,Sales Representative,56122,Yes,31-03-2013,Yes,7,5,5,0,09-01-2022,4,4,4,3,0,4,4,3
7839-CA12,Female,23,Some Travel,Sales,16,3,Marketing,Sales Representative,23794,No,25-03-2017,Yes,1,0,0,0,10-01-2022,4,2,4,3,3,4,3,3
4F28-CFAF,Female,25,Some Travel,Sales,11,3,Marketing,Sales Executive,53930,Yes,13-09-2018,Yes,3,2,3,1,15-03-2015,5,3,3,2,0,2,5,4
EB66-D679,Male,20,Some Travel,Sales,8,3,Marketing ,Sales Representative,27060,Yes,04-01-2022,Yes,0,0,0,0,10-01-2022,3,4,3,3,2,3,5,5
9591-C955,Male,24,No Travel ,Technology,35,3,Information Systems,Software Engineer,65838,Yes,17-06-2018,No,4,2,2,2,10-01-2022,5,3,2,1,0,3,5,5
576B-6628,Male,22,Some Travel,Sales,41,4,Economics,Sales Representative,22778,No,27-06-2020,No,2,0,2,2,10-01-2022,4,2,2,1,1,5,5,5
F58A-302D,Male,26,Some Travel,Sales,17,4,Economics,Manager,290774,No,05-11-2016,No,6,5,5,3,11-01-2022,3,4,5,1,2,4,5,5
12F7-BCBB,Female,48,Frequent Traveller,Sales,2,1,Technical Degree,Sales Representative,37124,No,06-12-2013,Yes,9,8,8,7,12-01-2022,5,2,3,2,1,4,4,4
D045-B6CA,Female,26,Some Travel,Technology,34,4,Information Systems,Software Engineer,71198,No,07-11-2017,Yes,5,0,0,1,12-01-2022,3,4,3,3,1,2,4,4
B340-5AD2,Non-Binary,37,Some Travel,Sales,30,3,Marketing,Sales Executive,61117,Yes,10-06-2014,No,8,2,5,0,12-01-2022,3,3,3,1,0,4,5,5
CDAC-40FE,Female,22,Some Travel,Technology,41,5,Information Systems,Machine Learning Engineer,75810,No,24-12-2018,No,4,2,4,3,12-01-2022,4,4,3,1,1,3,5,4
FF14-A43E,Male,47,Some Travel,Technology,41,1,Computer Science,Data Scientist,40786,No,01-02-2012,No,10,3,5,5,13-01-2022,3,4,2,3,0,4,4,3
3992-22AD,Female,25,Some Travel,Sales,4,3,Marketing,Sales Executive,48917,No,19-08-2017,No,5,2,4,3,13-01-2022,3,2,5,1,0,2,5,4
7C80-94E0,Female,33,Some Travel,Technology,36,3,Computer Science,Machine Learning Engineer,88726,No,01-01-2013,No,9,8,8,6,15-03-2015,4,3,2,3,2,4,4,4
BD94-98E0,Male,21,Frequent Traveller,Technology,37,4,Other,Software Engineer,32679,No,14-05-2019,No,3,3,3,2,13-01-2022,4,5,2,1,1,4,3,2
02DA-7A72,Male,29,Frequent Traveller,Sales,42,3,Technical Degree,Sales Representative,78726,No,25-04-2012,Yes,6,0,1,1,14-01-2022,4,2,2,2,0,3,3,2
28EA-A010,Female,26,Some Travel,Sales,2,2,Marketing,Sales Executive,149390,Yes,15-08-2016,Yes,3,1,1,2,14-01-2022,3,3,4,3,1,2,4,3
CBB3-0D7E,Male,26,Some Travel,Sales,44,1,Technical Degree,Sales Representative,40638,Yes,11-01-2014,Yes,2,0,0,1,14-01-2022,3,4,3,3,0,5,3,2
C330-DAF4,Female,34,Some Travel,Sales,16,2,Economics,Sales Executive,100710,Yes,20-05-2012,No,10,10,10,2,14-01-2022,4,2,4,3,0,4,5,4
63B8-CCC0,Female,25,Some Travel,Technology,34,3,Information Systems,Data Scientist,37053,No,05-02-2016,No,6,5,5,0,14-01-2022,5,5,3,3,2,5,4,3
79D0-C935,Female,27,Some Travel,Technology,26,1,Information Systems,Software Engineer,37423,Yes,30-09-2016,No,6,4,4,2,14-01-2022,5,4,4,3,0,5,3,3
2796-828F,Male,22,No Travel ,Sales,17,3,Marketing ,Sales Executive,58270,No,02-02-2019,No,3,1,1,1,14-01-2022,5,5,5,2,0,2,5,5
B48C-47D0,Male,28,Frequent Traveller,Sales,28,3,Marketing ,Sales Representative,43939,No,29-07-2013,Yes,6,1,4,3,15-01-2022,3,3,5,2,1,4,3,2
6DEB-F440,Non-Binary,21,Some Travel,Technology,41,3,Computer Science,Data Scientist,29793,Yes,22-06-2019,Yes,3,0,0,2,15-01-2022,3,3,2,3,2,4,4,3
8233-2483,Female,35,Some Travel,Human Resources,7,3,Marketing ,Recruiter,47995,Yes,12-03-2012,No,10,5,6,3,15-03-2015,4,4,5,3,1,2,4,3
EDC5-6FB7,Female,35,Some Travel,Sales,36,4,Marketing,Manager,396470,No,22-03-2019,No,3,3,3,2,15-01-2022,4,4,4,3,2,4,5,5
32AE-C02F,Male,24,No Travel ,Sales,8,3,Marketing,Sales Executive,82405,Yes,19-06-2016,Yes,5,1,4,1,16-01-2022,2,1,2,3,3,1,3,3
8A6B-AD5C,Female,24,Some Travel,Technology,30,3,Information Systems,Data Scientist,61883,No,02-08-2016,Yes,1,1,1,0,16-01-2022,2,4,2,2,2,2,3,2
8D34-EBDF,Male,29,Some Travel,Human Resources,14,4,Technical Degree,Recruiter,46703,No,31-07-2014,Yes,0,0,0,0,16-01-2022,2,4,2,2,0,1,3,2
6BAB-8D77,Male,35,Some Travel,Technology,8,4,Computer Science,Analytics Manager,405965,No,07-06-2019,No,3,1,2,0,16-01-2022,3,2,1,2,0,1,5,4
7F24-55A3,Male,23,Some Travel,Technology,17,3,Information Systems,Machine Learning Engineer,80236,No,03-11-2020,No,2,0,2,1,16-01-2022,4,2,2,1,2,3,3,2
6FE1-C8A8,Male,29,Some Travel,Sales,35,2,Economics,Sales Executive,140962,Yes,13-06-2013,Yes,4,0,2,4,17-01-2022,4,3,5,1,0,3,5,4
EB8F-204D,Male,26,Some Travel,Technology,5,3,Other,Data Scientist,49045,No,13-01-2016,Yes,1,0,0,0,17-01-2022,3,3,5,1,2,4,5,4
D921-AC35,Female,45,Some Travel,Technology,7,4,Business Studies,Senior Software Engineer,104720,No,29-03-2014,No,8,7,7,0,17-01-2022,3,3,2,3,2,2,3,2
6A8B-EC82,Male,26,Some Travel,Sales,24,1,Marketing ,Sales Executive,82312,Yes,11-04-2015,No,7,2,7,6,17-01-2022,4,3,5,2,0,4,4,3
8A5B-3D6E,Female,24,Some Travel,Sales,25,1,Marketing,Sales Executive,105383,Yes,14-01-2016,No,6,6,6,5,16-03-2015,3,3,5,1,2,3,3,3
3B2D-9E60,Female,37,Some Travel,Technology,33,1,Information Systems,Senior Software Engineer,236732,No,30-06-2020,No,2,2,2,2,17-01-2022,4,5,2,3,1,4,3,2
606E-A262,Male,28,Some Travel,Technology,27,1,Information Systems,Analytics Manager,277344,Yes,02-07-2013,Yes,3,1,1,1,18-01-2022,4,4,3,2,1,5,4,3
2374-7581,Male,25,Some Travel,Technology,1,4,Information Systems,Senior Software Engineer,72840,No,23-04-2015,No,7,6,6,0,18-01-2022,5,5,3,2,1,2,4,3
D3EB-610D,Male,24,Frequent Traveller,Technology,10,4,Computer Science,Data Scientist,67447,Yes,10-10-2016,No,6,2,6,6,18-01-2022,5,2,4,3,0,5,4,3
74B4-CB7A,Non-Binary,26,No Travel ,Human Resources,23,3,Human Resources,HR Business Partner,240035,Yes,03-08-2017,No,5,5,5,3,18-01-2022,3,2,2,3,1,5,5,5
05B0-755F,Male,44,Some Travel,Technology,29,3,Computer Science,Data Scientist,57890,No,24-05-2013,No,9,8,8,8,19-01-2022,3,3,5,1,0,5,4,4
C1E8-5AAB,Male,25,Some Travel,Sales,5,2,Marketing,Sales Executive,69539,No,13-02-2016,No,6,0,4,4,19-01-2022,5,3,3,2,1,4,5,4
FB4B-067E,Female,31,Some Travel,Technology,42,3,Computer Science,Engineering Manager,442820,Yes,15-12-2017,No,5,1,2,2,19-01-2022,3,2,5,3,2,5,4,4
45D2-369E,Male,30,Some Travel,Technology,7,1,Information Systems,Data Scientist,70182,No,07-06-2013,No,9,8,9,8,20-01-2022,4,5,2,3,3,2,5,5
7F1C-20B8,Female,39,Some Travel,Technology,10,2,Information Systems,Data Scientist,65796,No,02-07-2013,No,9,9,9,5,20-01-2022,5,3,4,2,1,4,5,5
4500-37EB,Male,30,Frequent Traveller,Sales,40,2,Marketing,Sales Representative,44632,No,26-03-2013,Yes,1,0,0,0,17-03-2015,5,3,3,1,1,3,3,3
F98B-61B3,Female,36,Some Travel,Technology,17,3,Computer Science,Data Scientist,72118,No,04-03-2014,No,8,7,7,8,20-01-2022,3,3,5,3,0,5,3,3
D4D5-27FB,Male,29,Some Travel,Technology,36,1,Information Systems,Data Scientist,86428,No,20-11-2014,Yes,6,5,5,5,21-01-2022,4,2,2,3,0,4,5,5
9C71-61AE,Male,18,Some Travel,Technology,32,1,Computer Science,Machine Learning Engineer,50660,Yes,17-04-2022,Yes,0,0,0,0,21-01-2022,3,4,5,2,2,5,5,4
8AAD-FAFB,Female,24,Some Travel,Sales,3,3,Marketing,Sales Executive,130774,Yes,15-08-2016,Yes,4,3,3,4,22-01-2022,3,5,4,1,2,2,4,4
20BA-5868,Non-Binary,19,Some Travel,Sales,29,1,Marketing,Sales Representative,29673,No,27-03-2021,Yes,0,0,0,0,22-01-2022,3,3,5,1,2,2,5,5
45D7-5C8A,Male,26,Some Travel,Sales,45,3,Technical Degree,Sales Representative,20650,No,10-05-2014,Yes,2,0,0,1,23-01-2022,4,4,2,3,0,3,5,5
AB03-8820,Male,43,Some Travel,Sales,3,1,Economics,Manager,313198,No,28-03-2013,No,9,5,9,2,23-01-2022,4,4,2,1,1,5,5,5
E1FE-67B5,Non-Binary,25,Some Travel,Technology,8,3,Information Systems,Senior Software Engineer,126055,No,17-06-2018,No,4,4,4,2,23-01-2022,5,4,3,3,0,3,4,3
B4E1-4A3E,Female,28,Some Travel,Technology,12,2,Computer Science,Data Scientist,115895,No,31-03-2014,Yes,4,1,3,2,24-01-2022,3,3,4,2,0,2,5,5
618D-7685,Female,30,Some Travel,Technology,26,3,Information Systems,Data Scientist,96170,No,15-04-2013,No,9,4,9,1,25-01-2022,1,2,3,2,1,2,4,3
528C-3E0D,Male,30,Some Travel,Technology,4,1,Information Systems,Data Scientist,42045,Yes,15-10-2013,Yes,6,0,3,3,17-03-2015,4,4,4,2,1,2,5,5
FBED-F86B,Female,29,Frequent Traveller,Technology,12,3,Information Systems,Software Engineer,72057,No,27-11-2014,No,8,8,8,3,25-01-2022,2,3,3,1,0,2,3,3
4049-CF88,Male,20,Some Travel,Technology,25,4,Information Systems,Data Scientist,40341,Yes,18-04-2020,No,2,1,1,2,25-01-2022,1,4,3,3,1,1,3,2
81C2-E188,Female,19,Some Travel,Human Resources,1,3,Human Resources,HR Executive,41958,No,09-03-2021,No,1,1,1,0,26-01-2022,2,2,1,3,0,3,5,5
5A0B-7F31,Male,26,Some Travel,Sales,24,3,Marketing,Sales Executive,85982,No,13-03-2015,Yes,5,1,1,0,27-01-2022,3,5,2,3,0,2,4,4
E4F4-11B9,Female,29,Some Travel,Sales,19,2,Marketing ,Sales Executive,122811,Yes,27-02-2012,Yes,2,1,1,1,27-01-2022,4,4,2,2,1,2,5,5
B303-8962,Female,39,Some Travel,Sales,15,3,Marketing ,Sales Executive,136970,No,28-07-2013,No,9,4,8,2,27-01-2022,4,4,2,2,0,3,4,3
B56D-46CE,Female,36,Some Travel,Sales,20,4,Economics,Sales Executive,220472,No,03-04-2019,No,3,1,1,0,27-01-2022,5,4,3,2,0,5,5,4
98EE-8547,Male,31,Some Travel,Technology,44,3,Information Systems,Analytics Manager,531629,Yes,06-01-2020,Yes,1,0,1,1,28-01-2022,4,3,3,2,0,3,4,4
041A-31B0,Female,34,Some Travel,Technology,41,3,Computer Science,Software Engineer,50386,No,20-05-2012,No,10,8,9,10,28-01-2022,4,2,4,2,0,5,3,2
257B-8130,Male,26,Some Travel,Technology,41,3,Computer Science,Senior Software Engineer,47676,No,20-07-2015,No,7,4,6,1,28-01-2022,3,4,4,1,3,4,4,3
D077-169C,Male,46,Some Travel,Sales,20,2,Technical Degree,Sales Executive,150731,No,06-03-2012,No,10,8,9,3,18-03-2015,4,4,4,1,0,3,5,5
7279-6591,Male,41,Some Travel,Sales,25,3,Marketing ,Sales Executive,231843,Yes,01-06-2017,Yes,1,1,1,0,29-01-2022,5,4,2,3,0,5,4,3
EEFC-DEC7,Male,44,Some Travel,Technology,4,4,Other,Data Scientist,85523,Yes,18-08-2014,Yes,8,0,4,1,29-01-2022,3,2,2,3,1,3,4,3
2E7B-43F0,Male,26,Some Travel,Technology,31,2,Computer Science,Engineering Manager,148211,Yes,11-02-2015,No,7,1,6,0,29-01-2022,4,4,3,3,0,4,5,4
4F22-FF67,Male,24,Some Travel,Technology,24,3,Computer Science,Software Engineer,28156,Yes,18-11-2016,No,6,6,6,5,29-01-2022,4,2,5,2,0,5,5,5
1180-BEC9,Male,43,Some Travel,Technology,17,3,Computer Science,Software Engineer,50946,Yes,15-03-2014,Yes,8,6,7,3,30-01-2022,4,2,4,1,1,3,4,4
B50B-5A18,Female,40,Frequent Traveller,Technology,27,4,Computer Science,Software Engineer,42333,No,19-02-2012,No,10,4,5,5,31-01-2022,3,2,2,3,1,3,5,4
E099-3FCC,Male,28,Some Travel,Technology,15,3,Computer Science,Data Scientist,83951,No,12-02-2015,No,7,3,6,5,31-01-2022,4,4,1,3,1,4,5,4
0B19-EFB2,Female,39,Frequent Traveller,Technology,25,4,Computer Science,Engineering Manager,300594,Yes,24-04-2018,No,4,1,4,2,31-01-2022,4,4,1,2,0,3,4,4
3182-7F44,Female,21,Some Travel,Technology,19,4,Information Systems,Software Engineer,25114,No,16-01-2021,No,1,1,1,1,31-01-2022,3,3,3,1,0,2,5,5
B0B9-19C6,Female,22,Some Travel,Sales,25,3,Other,Sales Executive,48716,No,22-05-2021,No,1,1,1,1,31-01-2022,5,5,5,3,0,4,3,3
9727-BC84,Male,31,Some Travel,Sales,15,3,Marketing,Sales Executive,187930,No,07-04-2012,Yes,3,2,2,0,19-03-2015,5,4,2,2,2,2,5,4
8CF6-3079,Female,27,Some Travel,Technology,1,4,Computer Science,Data Scientist,40050,Yes,16-07-2013,Yes,1,0,0,0,01-02-2022,5,4,3,3,1,2,4,3
D7EE-56FC,Female,39,Frequent Traveller,Sales,17,2,Technical Degree,Sales Executive,107863,Yes,19-01-2012,Yes,8,8,8,5,01-02-2022,3,3,3,1,1,2,4,4
1F12-DDDA,Male,32,No Travel ,Technology,12,4,Information Systems,Software Engineer,111294,No,19-07-2013,No,9,2,9,4,01-02-2022,5,2,2,2,0,4,3,2
9658-7750,Female,37,Some Travel,Technology,40,4,Information Systems,Data Scientist,49550,No,11-07-2014,No,8,2,8,6,01-02-2022,3,5,4,1,0,5,3,2
B0C3-E578,Female,32,Frequent Traveller,Technology,14,1,Computer Science,Machine Learning Engineer,97595,No,20-04-2014,No,8,0,0,1,01-02-2022,3,2,5,2,3,4,4,3
5F06-D3F6,Male,28,No Travel ,Technology,24,4,Computer Science,Machine Learning Engineer,193347,Yes,09-05-2018,No,4,4,4,0,01-02-2022,5,2,4,3,1,4,3,2
62A3-DEA7,Male,25,Some Travel,Technology,8,1,Information Systems,Software Engineer,30931,Yes,13-08-2015,Yes,1,0,0,1,02-02-2022,5,4,3,2,1,5,5,4
586E-5C14,Male,40,Some Travel,Technology,9,1,Computer Science,Software Engineer,58551,No,27-02-2012,No,10,6,7,3,02-02-2022,4,3,2,1,0,3,5,5
A885-BF42,Male,24,Some Travel,Technology,19,2,Computer Science,Data Scientist,32173,No,24-12-2018,No,4,1,4,1,02-02-2022,3,1,2,1,0,1,5,5
EF95-30A5,Male,23,Some Travel,Technology,37,4,Business Studies,Senior Software Engineer,57603,No,18-09-2019,No,3,0,1,1,02-02-2022,3,4,3,3,1,4,5,5
5237-1B85,Female,28,Some Travel,Technology,9,4,Computer Science,Software Engineer,43578,Yes,27-04-2012,Yes,5,3,5,5,22-02-2013,4,2,5,1,2,2,3,3
DA8E-9496,Male,27,Some Travel,Technology,22,2,Computer Science,Data Scientist,56449,Yes,04-10-2016,Yes,3,1,1,2,19-03-2015,4,3,5,1,0,4,5,5
8EE9-E86D,Male,46,Some Travel,Human Resources,45,3,Human Resources,Recruiter,48740,Yes,20-05-2012,Yes,10,8,9,6,03-02-2022,4,1,3,1,1,1,4,4
F3CD-9B5B,Male,29,Some Travel,Sales,12,2,Marketing ,Sales Representative,97794,No,30-05-2013,Yes,2,0,1,0,03-02-2022,3,4,3,1,1,3,5,4
AD0D-E79F,Male,22,Some Travel,Sales,16,2,Marketing,Sales Executive,53220,Yes,28-11-2021,Yes,0,0,0,0,03-02-2022,5,4,2,1,1,4,3,2
D8B3-30D2,Female,22,Some Travel,Technology,40,1,Business Studies,Data Scientist,53080,Yes,24-12-2019,Yes,2,0,1,0,03-02-2022,4,4,5,3,1,4,5,5
B975-943A,Male,40,No Travel ,Technology,28,3,Information Systems,Software Engineer,46285,No,23-10-2014,No,8,8,8,3,03-02-2022,3,2,4,2,2,4,4,4
C250-AF15,Male,25,Some Travel,Technology,13,5,Computer Science,Engineering Manager,178337,No,16-07-2015,No,7,1,7,2,03-02-2022,4,2,3,1,2,4,3,3
B122-D3D2,Female,26,Some Travel,Technology,21,2,Other,Data Scientist,89366,No,30-01-2017,No,5,5,5,0,03-02-2022,4,4,5,2,1,4,5,5
45A4-C1D0,Male,22,Some Travel,Technology,11,3,Computer Science,Software Engineer,74314,No,14-03-2018,No,4,0,1,3,03-02-2022,5,5,2,1,1,3,3,3
DB6B-88DA,Female,25,Some Travel,Technology,1,1,Information Systems,Software Engineer,48570,Yes,03-05-2018,No,4,4,4,1,03-02-2022,5,5,4,3,0,2,4,4
151D-1FF2,Female,34,Frequent Traveller,Sales,15,2,Marketing ,Sales Executive,173246,Yes,20-02-2012,Yes,9,4,7,7,04-02-2022,3,4,5,2,0,3,3,2
DEC5-9319,Male,23,Some Travel,Technology,5,3,Information Systems,Software Engineer,63709,No,14-04-2017,Yes,1,0,0,0,19-03-2015,5,5,2,3,0,2,3,3
5476-CA0D,Female,31,Frequent Traveller,Technology,4,2,Information Systems,Data Scientist,69747,No,12-01-2012,Yes,6,5,5,1,04-02-2022,5,4,3,1,2,5,3,3
D696-9D82,Male,38,Some Travel,Technology,39,3,Computer Science,Data Scientist,65416,No,25-03-2012,No,10,5,10,7,04-02-2022,3,5,2,2,1,2,3,2
1453-D3D8,Non-Binary,27,Some Travel,Technology,4,3,Computer Science,Machine Learning Engineer,60967,No,14-08-2015,No,7,7,7,0,05-02-2022,4,2,3,3,2,3,4,4
5AD2-3B02,Male,25,Frequent Traveller,Technology,40,4,Business Studies,Senior Software Engineer,67200,No,05-04-2020,No,2,2,2,2,05-02-2022,3,4,5,1,0,3,5,5
3DCC-7FA4,Female,34,Frequent Traveller,Sales,30,2,Marketing ,Manager,311448,Yes,12-04-2019,No,3,1,2,2,06-02-2022,5,2,5,2,0,4,4,4
56FC-5C6E,Male,28,Some Travel,Sales,42,3,Marketing,Sales Executive,128192,No,05-02-2021,No,1,1,1,0,06-02-2022,3,4,2,2,1,3,5,4
C96F-0F3B,Female,41,Some Travel,Sales,16,1,Marketing ,Sales Representative,48147,No,01-03-2012,No,10,8,10,5,07-02-2022,3,2,5,3,1,4,5,5
EE39-C8F2,Female,47,Some Travel,Technology,17,2,Computer Science,Software Engineer,46514,No,12-02-2012,No,10,9,9,2,07-02-2022,3,4,2,2,0,2,5,5
DF63-0D3C,Female,28,Frequent Traveller,Technology,27,2,Information Systems,Analytics Manager,546549,No,18-11-2014,No,8,8,8,2,07-02-2022,5,2,2,2,3,4,4,3
B995-E5CE,Non-Binary,27,Some Travel,Technology,2,4,Computer Science,Data Scientist,39198,No,10-10-2015,No,7,6,7,4,07-02-2022,5,5,2,2,0,4,4,3
88B8-EB84,Female,34,Some Travel,Technology,41,2,Information Systems,Engineering Manager,357371,No,24-03-2012,No,10,9,9,3,20-03-2015,3,4,5,1,1,5,4,4
9DFE-1FD5,Male,42,Some Travel,Human Resources,4,3,Human Resources,HR Manager,463051,No,01-03-2012,No,10,0,10,7,08-02-2022,5,5,2,2,0,3,5,5
0D1B-DEC2,Non-Binary,24,Some Travel,Technology,23,3,Computer Science,Data Scientist,100586,No,23-04-2017,Yes,4,4,4,4,09-02-2022,5,4,3,1,1,4,5,4
B407-ABCA,Male,26,Some Travel,Sales,2,4,Economics,Sales Executive,60087,Yes,08-11-2016,Yes,4,0,0,3,09-02-2022,4,3,3,1,0,4,3,3
5818-560C,Female,30,Some Travel,Technology,26,1,Computer Science,Senior Software Engineer,159438,No,22-05-2013,No,9,4,4,7,09-02-2022,3,4,3,1,1,4,4,3
DB6C-3B2F,Female,19,Some Travel,Technology,43,3,Information Systems,Data Scientist,49006,No,18-07-2022,Yes,0,0,0,0,10-02-2022,3,3,5,1,1,2,5,4
8ED3-4377,Male,30,Some Travel,Technology,33,3,Computer Science,Software Engineer,78743,No,09-04-2013,No,9,2,7,4,10-02-2022,5,3,4,2,0,2,3,3
279C-7342,Non-Binary,29,Frequent Traveller,Sales,31,4,Marketing,Sales Executive,100925,Yes,08-08-2013,Yes,3,1,1,1,11-02-2022,3,2,4,1,1,4,4,4
83FD-F920,Male,25,Some Travel,Technology,41,1,Computer Science,Data Scientist,28137,Yes,10-01-2016,Yes,4,3,3,1,11-02-2022,5,4,3,2,1,4,4,4
B2D6-A355,Male,38,Some Travel,Technology,4,4,Other,Analytics Manager,361616,Yes,25-06-2014,No,8,1,6,5,11-02-2022,5,2,3,3,0,2,4,4
7D2D-3831,Male,25,Some Travel,Technology,16,3,Information Systems,Data Scientist,37742,No,12-12-2017,No,5,1,3,3,11-02-2022,4,2,2,1,1,5,4,4
E1B4-9AA1,Female,46,Some Travel,Sales,36,3,Marketing ,Sales Executive,96188,Yes,26-04-2012,Yes,9,8,9,5,23-03-2015,4,4,4,2,2,4,5,4
626A-9377,Female,27,No Travel ,Technology,19,2,Business Studies,Senior Software Engineer,89785,No,19-12-2015,Yes,0,0,0,0,12-02-2022,4,3,5,1,3,2,4,4
0CF8-1EBD,Female,28,Frequent Traveller,Technology,38,4,Computer Science,Data Scientist,87704,No,28-03-2015,No,7,1,3,6,12-02-2022,3,3,2,3,1,2,3,3
388D-DB68,Female,27,Some Travel,Human Resources,40,3,Human Resources,Recruiter,34320,No,07-06-2015,No,7,5,6,5,12-02-2022,5,5,5,2,0,4,5,5
6828-1F30,Female,46,Some Travel,Sales,8,3,Marketing ,Sales Executive,249505,Yes,14-08-2019,No,3,2,2,1,12-02-2022,3,5,2,3,2,3,4,4
AE73-B863,Male,32,Some Travel,Sales,15,4,Technical Degree,Sales Executive,208435,No,18-04-2019,No,3,1,2,1,12-02-2022,3,4,2,2,0,5,5,5
0DBC-596E,Non-Binary,44,Some Travel,Technology,14,2,Computer Science,Data Scientist,92634,Yes,06-04-2013,No,9,8,9,9,13-02-2022,5,2,2,2,1,4,5,5
55B1-3712,Female,26,Some Travel,Technology,36,4,Information Systems,Data Scientist,22162,Yes,15-10-2016,No,6,4,5,6,13-02-2022,4,2,2,3,2,4,4,3
5A04-0EB4,Female,27,Frequent Traveller,Sales,43,3,Marketing,Sales Representative,24583,Yes,16-08-2014,Yes,7,0,1,6,14-02-2022,5,5,4,1,0,2,3,2
97F4-0B14,Male,33,Some Travel,Technology,4,4,Other,Senior Software Engineer,97126,No,15-01-2012,No,10,8,10,2,14-02-2022,4,3,5,1,0,3,4,4
F1B6-31B7,Female,25,Some Travel,Human Resources,31,3,Marketing ,HR Executive,48797,No,28-04-2018,No,4,2,4,4,14-02-2022,4,4,5,2,1,4,5,5
3CD6-5587,Female,31,Some Travel,Technology,20,2,Computer Science,Software Engineer,59697,Yes,02-02-2012,Yes,7,5,6,0,24-03-2015,3,5,2,1,1,4,5,5
C8FA-B6FE,Male,23,Some Travel,Technology,30,4,Information Systems,Senior Software Engineer,54171,Yes,18-04-2019,No,3,2,3,0,14-02-2022,4,4,5,2,3,5,4,3
3261-373A,Female,26,Frequent Traveller,Technology,5,3,Computer Science,Senior Software Engineer,99203,Yes,28-12-2016,No,6,3,3,4,15-02-2022,4,2,4,2,1,4,5,4
5021-95FC,Male,29,Some Travel,Sales,44,3,Marketing,Manager,377203,Yes,16-07-2013,Yes,5,4,4,0,16-02-2022,5,5,5,2,1,2,4,3
B97B-73D7,Female,29,Frequent Traveller,Sales,18,3,Marketing,Sales Executive,177402,No,10-07-2014,Yes,6,3,5,3,16-02-2022,5,5,2,1,0,2,4,4
D351-C7E4,Female,42,Some Travel,Technology,9,2,Information Systems,Data Scientist,73577,No,23-01-2013,No,9,9,9,6,16-02-2022,4,4,2,3,0,5,5,5
EEA0-C109,Male,26,Some Travel,Sales,3,1,Marketing ,Sales Executive,56892,No,29-09-2015,No,7,1,3,3,16-02-2022,4,4,5,3,1,2,5,5
55DC-C0F0,Female,23,Some Travel,Sales,26,3,Economics,Sales Executive,67718,No,07-08-2020,No,2,1,2,1,18-02-2022,5,3,3,3,2,3,4,3
2219-56CA,Non-Binary,28,Some Travel,Sales,38,3,Marketing,Sales Executive,185380,No,21-09-2015,Yes,5,2,5,3,19-02-2022,3,3,3,3,2,5,5,4
8FB2-4CE0,Male,27,Some Travel,Technology,14,4,Computer Science,Data Scientist,37545,No,06-12-2016,Yes,2,1,1,1,19-02-2022,5,2,3,3,2,5,5,5
B437-FCF8,Female,26,Some Travel,Technology,23,2,Information Systems,Analytics Manager,221954,No,08-03-2017,No,5,0,3,1,19-02-2022,3,2,4,2,3,2,4,4
BAFA-86DF,Male,26,No Travel ,Technology,15,4,Business Studies,Software Engineer,35373,Yes,02-08-2017,Yes,4,3,3,0,24-03-2015,4,5,2,3,0,5,4,4
2D04-D0A5,Female,29,Frequent Traveller,Sales,13,3,Marketing ,Sales Executive,126008,No,16-12-2020,No,2,2,2,1,19-02-2022,3,3,3,1,0,2,5,5
5237-1B85,Female,28,Some Travel,Technology,9,4,Computer Science,Software Engineer,43578,Yes,27-04-2012,Yes,5,3,5,5,20-02-2022,4,4,5,1,1,3,4,4
F968-671C,Male,27,Frequent Traveller,Sales,16,3,Technical Degree,Sales Executive,50559,No,14-04-2015,Yes,6,0,5,5,20-02-2022,4,3,3,3,3,5,4,4
F997-FE6C,Female,40,Some Travel,Technology,17,1,Information Systems,Software Engineer,41601,No,08-03-2013,No,9,8,9,8,20-02-2022,4,5,3,2,0,5,4,3
CED0-8D31,Female,36,Some Travel,Technology,43,3,Computer Science,Analytics Manager,454993,No,24-06-2014,No,8,3,4,0,20-02-2022,3,3,3,1,1,3,4,4
E210-F193,Female,28,Some Travel,Technology,38,3,Computer Science,Machine Learning Engineer,151229,No,16-01-2020,No,2,0,0,2,20-02-2022,4,5,2,2,1,4,4,3
5B08-EF96,Female,36,No Travel ,Technology,28,4,Other,Data Scientist,77136,No,28-05-2012,No,10,10,10,10,21-02-2022,4,2,3,3,3,2,5,5
E348-E12B,Male,36,No Travel ,Technology,36,2,Information Systems,Software Engineer,61298,Yes,19-01-2012,No,10,3,9,3,21-02-2022,5,3,5,3,0,2,3,2
8ACE-C5CE,Female,43,Some Travel,Sales,38,2,Marketing,Sales Executive,121510,No,18-08-2013,No,9,8,8,5,21-02-2022,3,4,4,2,0,4,5,4
C6A8-4E8A,Male,29,Some Travel,Technology,8,2,Computer Science,Machine Learning Engineer,119083,No,25-04-2014,No,8,3,6,4,21-02-2022,5,4,2,3,2,3,5,5
C6D7-A568,Female,42,No Travel ,Sales,10,2,Marketing ,Sales Representative,48922,No,07-05-2012,No,10,3,9,9,24-03-2015,5,3,2,3,2,2,4,3
63DA-AA21,Female,43,Some Travel,Technology,35,3,Computer Science,Engineering Manager,436813,No,07-03-2012,No,10,8,9,7,22-02-2022,3,3,2,2,0,5,5,5
7DA1-A202,Female,24,Some Travel,Technology,18,4,Computer Science,Data Scientist,28539,No,02-09-2018,No,4,1,2,1,22-02-2022,4,4,2,2,2,5,3,2
2E25-987F,Female,24,Some Travel,Technology,45,3,Information Systems,Software Engineer,30390,No,14-06-2019,No,3,0,2,2,22-02-2022,5,4,4,2,0,5,4,3
200B-1979,Male,50,Frequent Traveller,Technology,43,3,Information Systems,Engineering Manager,339245,No,26-08-2019,No,3,0,0,1,23-02-2022,3,4,5,3,2,2,3,2
C016-FA12,Female,25,Some Travel,Sales,22,1,Marketing,Sales Representative,32894,No,14-05-2018,Yes,2,2,2,1,24-02-2022,3,2,5,3,0,4,5,5
7816-BF57,Male,37,Some Travel,Sales,22,4,Marketing,Sales Executive,92483,Yes,23-06-2014,No,8,5,5,3,24-02-2022,5,5,4,1,2,5,4,3
D6D2-184B,Female,24,Some Travel,Technology,33,3,Information Systems,Senior Software Engineer,115399,No,09-08-2017,No,5,5,5,3,24-02-2022,3,3,2,3,2,3,5,4
DB54-E47D,Female,22,Frequent Traveller,Technology,29,2,Computer Science,Data Scientist,45850,No,08-12-2018,No,4,2,3,1,24-02-2022,3,2,4,2,2,2,5,5
3560-C117,Female,28,Frequent Traveller,Technology,4,3,Computer Science,Data Scientist,65659,Yes,09-05-2012,Yes,2,0,0,0,25-02-2022,4,5,2,3,0,3,3,2
1914-B934,Female,22,Frequent Traveller,Sales,19,3,Marketing ,Sales Representative,22122,Yes,26-10-2018,Yes,3,2,2,1,25-02-2022,5,5,3,3,0,2,3,2
5160-53BD,Non-Binary,29,Some Travel,Technology,24,3,Computer Science,Software Engineer,41307,No,19-08-2014,Yes,0,0,0,0,25-03-2015,3,5,5,2,1,3,3,2
596B-33F4,Male,26,Some Travel,Technology,2,3,Computer Science,Data Scientist,30207,Yes,01-09-2016,Yes,5,1,3,0,26-02-2022,4,3,3,2,0,2,5,5
E7A6-33A3,Female,38,Some Travel,Technology,39,4,Information Systems,Data Scientist,83590,No,23-02-2012,No,10,2,3,9,26-02-2022,5,2,3,1,1,4,5,4
0CFA-28A3,Male,21,Frequent Traveller,Human Resources,42,4,Other,HR Executive,42303,Yes,13-08-2019,No,3,2,2,2,26-02-2022,5,4,3,1,1,2,3,3
00D4-DD53,Female,30,Frequent Traveller,Technology,44,1,Computer Science,Software Engineer,68508,Yes,28-01-2012,Yes,5,4,4,4,27-02-2022,3,4,5,3,0,3,4,4
7749-B277,Male,24,Some Travel,Human Resources,1,5,Human Resources,HR Executive,44634,No,25-04-2017,Yes,4,3,3,2,27-02-2022,4,5,2,3,1,3,5,5
7823-0217,Non-Binary,25,Frequent Traveller,Sales,43,4,Marketing,Sales Executive,81889,Yes,02-11-2018,Yes,0,0,0,0,27-02-2022,4,2,4,3,1,4,4,3
6E7B-D50D,Female,38,Some Travel,Technology,12,1,Other,Senior Software Engineer,253077,No,15-06-2013,No,9,3,3,8,27-02-2022,3,3,4,2,1,2,4,3
82B4-8569,Male,44,Some Travel,Sales,44,3,Marketing,Manager,313891,No,23-12-2018,No,4,4,4,3,27-02-2022,3,3,5,3,1,4,4,3
17AD-99F5,Female,26,Some Travel,Technology,37,3,Computer Science,Software Engineer,26296,Yes,01-08-2014,Yes,5,2,2,2,28-02-2022,3,5,4,2,1,2,4,3
CC8A-0B1F,Female,28,Some Travel,Technology,23,2,Business Studies,Data Scientist,65328,No,27-06-2014,Yes,5,4,4,0,28-02-2022,3,4,3,2,1,3,5,5
81FF-8D6C,Female,24,Some Travel,Sales,13,3,Economics,Sales Representative,24095,No,28-04-2018,Yes,2,2,2,1,25-03-2015,5,3,5,2,2,2,3,2
DE22-FB63,Female,22,Some Travel,Technology,2,1,Information Systems,Software Engineer,24422,No,11-02-2019,Yes,1,0,0,1,28-02-2022,5,4,2,3,0,2,3,2
A366-C17A,Male,42,Some Travel,Technology,34,4,Business Studies,Machine Learning Engineer,126463,No,04-04-2012,No,10,0,1,8,28-02-2022,5,4,2,2,0,5,4,3
6EDB-94B7,Male,25,Some Travel,Technology,6,3,Computer Science,Engineering Manager,195911,No,09-07-2015,No,7,0,3,4,28-02-2022,5,2,2,1,1,5,3,3
93B1-6510,Male,28,No Travel ,Technology,30,3,Computer Science,Data Scientist,52930,No,23-02-2015,No,7,1,4,2,28-02-2022,3,5,3,1,1,4,5,5
E2A0-930A,Female,21,Some Travel,Sales,18,4,Economics,Sales Executive,49374,No,19-11-2020,No,2,2,2,1,28-02-2022,5,2,5,2,1,2,4,3
EACC-D1F6,Male,25,Some Travel,Technology,20,3,Computer Science,Data Scientist,27673,Yes,05-05-2017,Yes,3,2,3,1,01-03-2022,2,3,4,2,2,1,3,3
21B3-8491,Male,42,Some Travel,Technology,37,4,Computer Science,Analytics Manager,244114,No,28-05-2013,No,9,6,7,0,01-03-2022,4,3,2,2,1,4,5,5
ABB5-0B95,Non-Binary,28,No Travel ,Technology,26,5,Computer Science,Data Scientist,112175,No,30-09-2015,No,7,1,3,4,01-03-2022,4,3,4,1,2,4,3,3
BC43-E62B,Female,23,Some Travel,Technology,34,2,Computer Science,Software Engineer,29956,No,25-03-2020,No,2,1,1,2,01-03-2022,3,3,2,1,0,2,4,3
C57E-6E4F,Male,24,No Travel ,Technology,35,3,Computer Science,Data Scientist,32502,Yes,06-02-2018,Yes,1,1,1,0,02-03-2022,3,3,3,2,0,2,3,3
84E7-02D4,Male,26,Some Travel,Technology,41,5,Business Studies,Machine Learning Engineer,161600,No,07-12-2017,Yes,5,0,2,0,26-03-2015,3,3,5,2,2,5,3,2
CC2F-670E,Male,29,Frequent Traveller,Technology,26,3,Computer Science,Data Scientist,78541,Yes,23-02-2013,Yes,6,5,5,2,02-03-2022,3,3,5,1,0,4,3,2
FD0B-7B0A,Female,27,Some Travel,Sales,21,1,Marketing,Sales Representative,22648,Yes,12-01-2016,Yes,1,0,0,0,02-03-2022,5,5,2,3,0,2,5,4
0322-D46B,Male,32,Some Travel,Sales,39,4,Marketing ,Sales Executive,105748,No,28-03-2012,No,10,0,1,8,02-03-2022,3,4,5,2,2,2,4,3
03D3-AA88,Male,23,Some Travel,Technology,8,4,Other,Software Engineer,42250,No,26-03-2018,No,4,1,2,4,02-03-2022,4,5,5,2,0,3,3,2
06B9-B79D,Female,21,Some Travel,Sales,36,3,Marketing,Sales Executive,76057,No,12-12-2020,Yes,1,0,0,0,03-03-2022,3,4,5,1,1,4,4,4
5AA7-C7BA,Male,26,Some Travel,Technology,35,4,Information Systems,Engineering Manager,292386,No,14-08-2017,No,5,2,2,5,03-03-2022,3,3,2,2,1,5,3,3
70CB-4A9B,Non-Binary,24,Some Travel,Technology,2,1,Information Systems,Data Scientist,28797,Yes,04-03-2019,No,3,0,2,1,03-03-2022,3,5,2,2,0,4,5,4
3F5B-6277,Female,19,Some Travel,Technology,36,2,Information Systems,Software Engineer,23385,No,06-01-2021,No,1,0,1,1,03-03-2022,5,2,5,1,2,2,5,5
9ED3-ED64,Male,21,Some Travel,Technology,29,4,Information Systems,Software Engineer,31618,No,13-02-2020,No,2,0,2,2,03-03-2022,5,4,4,1,0,3,5,5
1054-9C3B,Female,30,Some Travel,Technology,1,4,Other,Data Scientist,40285,Yes,21-03-2013,Yes,1,1,1,0,04-03-2022,4,3,3,1,0,5,5,4
F968-671C,Male,27,Frequent Traveller,Sales,16,3,Technical Degree,Sales Executive,50559,No,14-04-2015,Yes,6,0,5,5,22-02-2013,5,3,2,2,1,4,4,3
6010-A052,Female,20,Some Travel,Technology,26,4,Business Studies,Software Engineer,37094,No,02-03-2020,Yes,1,0,0,0,26-03-2015,4,2,2,2,0,5,4,4
155B-42BE,Female,25,Some Travel,Sales,38,2,Marketing ,Sales Executive,57018,No,21-02-2015,Yes,1,0,0,0,04-03-2022,5,3,2,2,0,3,4,3
5222-EBE1,Male,30,Some Travel,Technology,14,4,Computer Science,Machine Learning Engineer,194823,No,01-04-2012,No,10,4,9,8,04-03-2022,4,3,5,2,2,4,4,4
B1EC-849B,Female,28,Some Travel,Sales,1,4,Marketing ,Sales Executive,87039,No,13-05-2012,No,10,3,5,4,04-03-2022,4,4,4,1,2,4,3,2
468A-E249,Female,26,Some Travel,Technology,22,3,Business Studies,Engineering Manager,206137,No,27-06-2015,No,7,1,1,5,04-03-2022,4,5,5,3,1,5,5,5
36E1-3DDF,Non-Binary,24,Some Travel,Technology,26,2,Computer Science,Software Engineer,34657,No,21-11-2017,No,5,5,5,2,04-03-2022,4,5,4,2,1,5,4,3
8567-5B27,Female,28,Frequent Traveller,Sales,32,1,Technical Degree,Sales Representative,53439,Yes,27-04-2012,Yes,3,0,0,1,05-03-2022,3,2,4,2,3,5,4,4
D970-9F5E,Female,29,Some Travel,Technology,36,3,Computer Science,Data Scientist,46813,No,29-05-2014,Yes,6,1,1,1,05-03-2022,4,3,5,3,1,2,4,4
EAB1-2EB2,Female,21,Some Travel,Technology,8,3,Business Studies,Data Scientist,36534,No,24-05-2019,Yes,0,0,0,0,05-03-2022,4,5,3,1,0,2,5,4
ACD5-5FA2,Female,28,Some Travel,Sales,17,3,Technical Degree,Sales Representative,70787,Yes,26-11-2015,No,7,2,5,5,05-03-2022,3,5,3,2,0,3,3,3
E7F5-0AD1,Male,24,Some Travel,Technology,16,1,Computer Science,Machine Learning Engineer,55814,No,21-03-2017,No,5,3,4,3,05-03-2022,3,5,4,2,2,5,5,5
6176-3BEE,Male,29,Some Travel,Sales,20,3,Marketing ,Sales Executive,149688,Yes,04-02-2013,Yes,2,2,2,2,28-03-2015,5,5,4,3,1,3,3,3
ABC2-0036,Female,24,Some Travel,Technology,17,3,Information Systems,Data Scientist,101408,No,31-05-2018,No,4,0,2,1,05-03-2022,3,3,5,3,0,3,4,3
7EE7-2C43,Female,29,Some Travel,Technology,9,4,Computer Science,Data Scientist,48321,Yes,26-10-2013,Yes,7,2,3,2,06-03-2022,3,4,5,2,0,5,4,3
D954-6402,Male,25,Some Travel,Sales,14,3,Marketing ,Sales Executive,123307,Yes,23-12-2015,Yes,7,2,3,1,06-03-2022,5,3,4,1,0,5,5,4
E3B6-49F8,Male,20,Some Travel,Technology,23,3,Business Studies,Software Engineer,33632,No,28-09-2022,Yes,0,0,0,0,06-03-2022,3,2,5,3,1,5,5,4
5F5B-83B1,Female,38,Frequent Traveller,Technology,44,2,Computer Science,Engineering Manager,293425,Yes,05-09-2017,No,5,4,4,4,06-03-2022,5,5,5,1,1,2,5,4
54D0-5A71,Male,24,Some Travel,Technology,9,3,Business Studies,Software Engineer,33443,Yes,24-09-2019,No,3,3,3,0,06-03-2022,3,3,2,3,1,4,3,2
D86B-2E5E,Female,27,Some Travel,Sales,25,3,Technical Degree,Sales Executive,91202,Yes,15-02-2015,No,7,5,7,2,07-03-2022,3,4,4,1,1,5,3,3
4B6E-3C21,Female,32,Some Travel,Sales,29,4,Economics,Sales Executive,68043,No,25-09-2013,Yes,8,0,1,6,08-03-2022,4,5,5,2,0,3,5,5
40A9-8EB0,Female,39,Some Travel,Technology,31,3,Information Systems,Software Engineer,90017,Yes,07-02-2012,No,10,7,7,3,08-03-2022,5,3,4,1,1,4,3,2
0C23-26DD,Female,35,Some Travel,Sales,23,3,Economics,Sales Representative,81389,No,11-03-2013,No,9,3,7,5,08-03-2022,3,2,5,2,0,2,3,2
47A0-559B,Non-Binary,39,Some Travel,Technology,12,3,Computer Science,Engineering Manager,293132,No,05-01-2012,No,10,10,10,0,28-03-2015,5,4,3,1,1,2,5,5
1BCC-100B,Male,49,Frequent Traveller,Technology,43,2,Computer Science,Machine Learning Engineer,248115,No,12-02-2019,No,3,2,3,3,08-03-2022,5,4,5,2,0,5,3,3
B005-602F,Female,19,Some Travel,Technology,11,4,Computer Science,Software Engineer,27760,Yes,06-11-2022,Yes,0,0,0,0,09-03-2022,5,3,5,1,1,5,4,3
F72B-49FF,Female,36,Some Travel,Technology,14,3,Business Studies,Machine Learning Engineer,251681,No,12-08-2018,No,4,2,3,3,09-03-2022,5,3,4,3,0,2,4,4
A161-29FC,Non-Binary,22,Some Travel,Technology,6,3,Business Studies,Software Engineer,21649,No,02-12-2018,No,4,1,4,1,09-03-2022,3,5,2,3,2,3,3,2
1E20-2FFF,Male,28,Frequent Traveller,Sales,29,3,Marketing ,Sales Executive,327674,No,05-06-2020,No,2,2,2,1,09-03-2022,3,5,5,1,2,2,5,4
4A0E-9958,Male,26,Some Travel,Technology,6,4,Information Systems,Machine Learning Engineer,89771,Yes,04-10-2016,Yes,1,0,0,0,10-03-2022,4,5,5,2,1,3,5,5
CFE3-312D,Male,21,Frequent Traveller,Sales,36,4,Other,Sales Executive,46452,Yes,08-11-2020,Yes,1,1,1,0,10-03-2022,3,2,2,1,3,3,5,4
34FB-D8F3,Male,25,Some Travel,Technology,11,2,Computer Science,Engineering Manager,285138,No,21-03-2018,No,4,0,3,4,10-03-2022,5,2,4,3,1,3,3,3
5795-08D3,Male,21,Some Travel,Technology,23,2,Information Systems,Machine Learning Engineer,56541,No,10-12-2020,No,2,0,1,0,11-03-2022,4,2,3,3,1,4,5,4
68FB-06A7,Female,43,Frequent Traveller,Sales,1,3,Marketing,Sales Executive,180996,No,10-04-2012,No,10,8,10,9,12-03-2022,5,3,2,2,0,5,3,3
9AAB-DCD0,Female,28,Some Travel,Technology,14,2,Business Studies,Software Engineer,105984,Yes,04-02-2012,No,10,7,9,10,29-03-2015,5,4,3,1,0,2,4,3
56A5-271B,Non-Binary,33,Some Travel,Technology,15,4,Other,Senior Software Engineer,108095,Yes,10-10-2013,No,9,8,9,9,12-03-2022,5,4,2,2,2,2,4,3
B3FE-D332,Female,30,Some Travel,Technology,42,5,Computer Science,Software Engineer,93181,No,15-03-2013,No,9,8,9,4,12-03-2022,5,2,4,3,1,5,3,2
4F28-CFAF,Female,25,Some Travel,Sales,11,3,Marketing,Sales Executive,53930,Yes,13-09-2018,Yes,3,2,3,1,13-03-2022,3,4,5,1,2,3,5,5
7C80-94E0,Female,33,Some Travel,Technology,36,3,Computer Science,Machine Learning Engineer,88726,No,01-01-2013,No,9,8,8,6,13-03-2022,4,3,2,1,0,5,5,5
8233-2483,Female,35,Some Travel,Human Resources,7,3,Marketing ,Recruiter,47995,Yes,12-03-2012,No,10,5,6,3,13-03-2022,4,3,3,2,0,2,4,4
5F4E-EE5A,Prefer Not To Say,28,No Travel ,Technology,45,4,Information Systems,Machine Learning Engineer,87762,No,02-10-2015,No,7,2,7,2,13-03-2022,4,3,3,1,1,2,3,3
3C31-30CB,Female,24,Some Travel,Technology,3,3,Business Studies,Software Engineer,41664,No,08-06-2016,No,6,3,4,2,13-03-2022,3,2,2,3,1,5,5,5
A7BB-F5A7,Female,37,Some Travel,Sales,17,4,Economics,Manager,476151,No,08-12-2014,No,8,3,4,8,14-03-2022,4,3,1,3,2,1,3,3
D383-714B,Male,26,Frequent Traveller,Technology,12,3,Other,Data Scientist,29449,No,22-04-2017,No,5,1,3,1,14-03-2022,3,4,1,2,0,2,3,2
4500-37EB,Male,30,Frequent Traveller,Sales,40,2,Marketing,Sales Representative,44632,No,26-03-2013,Yes,1,0,0,0,15-03-2022,2,4,3,2,0,4,4,3
00E4-3D60,Female,30,Frequent Traveller,Technology,37,1,Business Studies,Data Scientist,109778,No,23-06-2022,Yes,0,0,0,0,30-03-2015,3,2,4,1,0,5,4,4
528C-3E0D,Male,30,Some Travel,Technology,4,1,Information Systems,Data Scientist,42045,Yes,15-10-2013,Yes,6,0,3,3,15-03-2022,2,4,3,3,0,2,4,4
D077-169C,Male,46,Some Travel,Sales,20,2,Technical Degree,Sales Executive,150731,No,06-03-2012,No,10,8,9,3,16-03-2022,5,3,5,1,1,3,5,5
B44E-8AEE,Female,28,Some Travel,Sales,7,5,Marketing,Sales Executive,181164,No,01-11-2015,No,7,5,6,1,16-03-2022,4,5,2,1,1,5,3,2
5381-86E4,Male,24,Some Travel,Technology,11,3,Computer Science,Senior Software Engineer,57054,No,28-11-2018,No,4,4,4,4,16-03-2022,3,3,4,2,1,5,5,4
9727-BC84,Male,31,Some Travel,Sales,15,3,Marketing,Sales Executive,187930,No,07-04-2012,Yes,3,2,2,0,17-03-2022,5,3,4,2,1,4,5,5
DA8E-9496,Male,27,Some Travel,Technology,22,2,Computer Science,Data Scientist,56449,Yes,04-10-2016,Yes,3,1,1,2,17-03-2022,3,2,4,3,0,3,3,3
DEC5-9319,Male,23,Some Travel,Technology,5,3,Information Systems,Software Engineer,63709,No,14-04-2017,Yes,1,0,0,0,17-03-2022,4,3,4,3,0,2,3,3
3F3F-E438,Female,21,No Travel ,Technology,24,5,Information Systems,Software Engineer,53912,Yes,02-04-2021,No,1,1,1,0,17-03-2022,5,5,2,2,2,4,3,2
88B8-EB84,Female,34,Some Travel,Technology,41,2,Information Systems,Engineering Manager,357371,No,24-03-2012,No,10,9,9,3,18-03-2022,5,5,2,1,0,3,5,4
9C57-828C,Male,31,Some Travel,Technology,39,3,Computer Science,Senior Software Engineer,242890,No,11-07-2013,No,9,3,3,9,18-03-2022,5,3,5,3,1,4,3,3
03C5-51AD,Female,25,Some Travel,Technology,1,2,Computer Science,Data Scientist,32354,Yes,06-12-2015,Yes,7,4,6,2,31-03-2015,5,3,2,1,0,4,3,3
7961-A93B,Male,29,Some Travel,Technology,3,3,Computer Science,Analytics Manager,393103,Yes,30-03-2016,No,6,4,4,5,18-03-2022,3,2,5,1,1,4,4,3
284C-8CB0,Male,22,Frequent Traveller,Technology,15,4,Computer Science,Software Engineer,40115,No,01-02-2019,No,3,3,3,0,19-03-2022,4,5,4,1,0,4,3,3
59F5-F57D,Female,26,Frequent Traveller,Technology,17,2,Information Systems,Senior Software Engineer,59981,Yes,25-05-2015,No,7,1,5,2,20-03-2022,3,4,4,2,2,4,4,3
25F5-0EAF,Non-Binary,26,Some Travel,Sales,38,3,Technical Degree,Sales Executive,104898,No,16-10-2016,No,6,5,5,1,20-03-2022,4,5,2,2,1,3,3,3
40CC-6231,Female,25,Frequent Traveller,Technology,17,3,Computer Science,Software Engineer,54566,No,15-06-2016,No,6,3,6,5,20-03-2022,4,3,2,2,1,2,5,5
8F38-A4DD,Female,27,No Travel ,Technology,25,3,Computer Science,Software Engineer,27369,No,29-11-2016,No,6,4,6,3,20-03-2022,3,4,3,3,1,5,4,4
E1B4-9AA1,Female,46,Some Travel,Sales,36,3,Marketing ,Sales Executive,96188,Yes,26-04-2012,Yes,9,8,9,5,21-03-2022,3,5,5,1,1,2,5,4
CCE7-36ED,Male,36,Some Travel,Technology,11,3,Computer Science,Machine Learning Engineer,236739,No,26-06-2018,No,4,3,4,3,21-03-2022,4,3,2,3,1,3,3,3
E399-E4F6,Male,24,Some Travel,Sales,31,4,Marketing,Sales Executive,105502,No,12-09-2017,No,5,2,5,2,21-03-2022,4,3,2,1,3,2,5,5
3CD6-5587,Female,31,Some Travel,Technology,20,2,Computer Science,Software Engineer,59697,Yes,02-02-2012,Yes,7,5,6,0,22-03-2022,2,4,1,2,2,4,3,2
A807-DE5D,Non-Binary,47,Some Travel,Technology,13,3,Computer Science,Data Scientist,61915,No,07-01-2014,No,8,2,4,7,31-03-2015,5,3,3,3,1,2,4,3
BAFA-86DF,Male,26,No Travel ,Technology,15,4,Business Studies,Software Engineer,35373,Yes,02-08-2017,Yes,4,3,3,0,22-03-2022,2,4,2,3,0,2,5,5
C6D7-A568,Female,42,No Travel ,Sales,10,2,Marketing ,Sales Representative,48922,No,07-05-2012,No,10,3,9,9,22-03-2022,4,2,4,1,1,3,5,4
4862-E40F,Male,46,Some Travel,Technology,39,3,Computer Science,Analytics Manager,381759,No,15-06-2018,No,4,2,4,4,22-03-2022,3,4,2,1,1,3,4,3
1368-8327,Non-Binary,22,Some Travel,Technology,16,1,Computer Science,Data Scientist,78467,Yes,25-01-2021,No,1,0,1,0,22-03-2022,4,5,2,3,0,2,4,3
6957-5180,Female,28,Some Travel,Sales,18,3,Economics,Sales Executive,113501,Yes,22-09-2020,No,2,2,2,2,22-03-2022,5,5,2,3,1,5,4,3
5160-53BD,Non-Binary,29,Some Travel,Technology,24,3,Computer Science,Software Engineer,41307,No,19-08-2014,Yes,0,0,0,0,23-03-2022,5,4,3,2,2,5,4,4
81FF-8D6C,Female,24,Some Travel,Sales,13,3,Economics,Sales Representative,24095,No,28-04-2018,Yes,2,2,2,1,23-03-2022,5,3,3,2,3,4,4,3
0846-2064,Non-Binary,33,Some Travel,Technology,44,3,Information Systems,Analytics Manager,230945,No,09-07-2019,No,3,0,2,0,23-03-2022,3,4,4,1,0,3,3,2
78C8-02B8,Female,22,Some Travel,Technology,26,3,Information Systems,Software Engineer,24208,No,09-01-2019,No,3,1,3,2,23-03-2022,4,4,4,3,2,4,5,4
84E7-02D4,Male,26,Some Travel,Technology,41,5,Business Studies,Machine Learning Engineer,161600,No,07-12-2017,Yes,5,0,2,0,24-03-2022,5,3,4,2,0,5,5,5
DD04-BDF8,Male,25,Some Travel,Human Resources,44,4,Economics,HR Executive,132102,No,23-04-2017,No,5,5,5,0,31-03-2015,4,3,4,3,2,4,5,5
6010-A052,Female,20,Some Travel,Technology,26,4,Business Studies,Software Engineer,37094,No,02-03-2020,Yes,1,0,0,0,24-03-2022,4,3,5,1,1,5,3,2
5634-9D10,Female,25,Some Travel,Technology,23,1,Information Systems,Software Engineer,42656,No,15-07-2018,No,4,1,4,2,24-03-2022,3,3,3,2,0,4,3,2
E6F7-EF68,Male,22,Some Travel,Sales,32,3,Marketing ,Sales Executive,52318,No,14-06-2018,No,4,4,4,0,24-03-2022,3,5,3,1,0,2,3,3
5F2E-A68B,Prefer Not To Say,26,Some Travel,Technology,16,4,Other,Software Engineer,60834,No,01-06-2015,No,7,0,0,5,25-03-2022,4,5,4,3,0,4,5,5
E442-1FEE,Female,25,Frequent Traveller,Technology,36,2,Information Systems,Data Scientist,31698,No,13-02-2017,No,5,5,5,2,25-03-2022,3,5,5,3,0,2,4,3
4FAC-96CB,Male,24,Some Travel,Sales,9,4,Marketing,Sales Executive,110542,No,23-08-2019,No,3,3,3,2,25-03-2022,5,4,5,1,2,2,3,2
4FBA-4591,Female,42,Some Travel,Sales,20,4,Marketing ,Sales Executive,241646,Yes,07-01-2019,No,3,0,1,3,25-03-2022,3,5,4,2,0,5,5,5
86C5-8987,Female,22,Some Travel,Sales,5,2,Economics,Sales Executive,45220,No,16-05-2020,No,2,0,0,0,25-03-2022,3,1,4,3,1,3,3,2
6176-3BEE,Male,29,Some Travel,Sales,20,3,Marketing ,Sales Executive,149688,Yes,04-02-2013,Yes,2,2,2,2,26-03-2022,4,1,2,2,0,2,4,4
47A0-559B,Non-Binary,39,Some Travel,Technology,12,3,Computer Science,Engineering Manager,293132,No,05-01-2012,No,10,10,10,0,26-03-2022,1,4,3,2,2,3,3,3
8FD9-AA59,Non-Binary,26,Frequent Traveller,Sales,14,4,Marketing ,Sales Executive,71349,No,20-06-2014,Yes,7,2,2,1,01-04-2015,4,4,2,3,0,2,5,4
A954-6310,Female,29,Some Travel,Technology,45,3,Computer Science,Machine Learning Engineer,207952,Yes,17-08-2013,No,9,9,9,7,26-03-2022,3,5,2,1,3,2,5,4
C525-8BB9,Male,29,Some Travel,Technology,14,3,Other,Data Scientist,70872,No,10-04-2013,No,9,2,7,9,26-03-2022,5,4,3,1,0,3,5,4
9671-222C,Male,20,Some Travel,Technology,38,3,Business Studies,Software Engineer,21344,No,25-09-2020,No,2,1,2,2,26-03-2022,4,5,5,1,0,5,4,4
9AAB-DCD0,Female,28,Some Travel,Technology,14,2,Business Studies,Software Engineer,105984,Yes,04-02-2012,No,10,7,9,10,27-03-2022,4,5,5,1,0,5,5,4
9412-7AA6,Non-Binary,27,Some Travel,Technology,10,3,Information Systems,Data Scientist,45438,No,19-04-2015,No,7,1,5,5,27-03-2022,4,3,4,1,1,2,3,3
184D-06FF,Female,26,Some Travel,Technology,24,4,Computer Science,Data Scientist,35757,No,25-07-2017,No,5,3,4,0,27-03-2022,3,3,2,2,1,3,3,3
B0C2-0E3D,Female,22,Some Travel,Sales,22,1,Other,Sales Executive,48698,Yes,18-02-2021,No,1,0,1,1,27-03-2022,1,2,1,1,0,4,5,4
00E4-3D60,Female,30,Frequent Traveller,Technology,37,1,Business Studies,Data Scientist,109778,No,23-06-2022,Yes,0,0,0,0,28-03-2022,1,2,2,3,0,2,4,4
DD1E-583D,Male,24,Some Travel,Human Resources,36,3,Human Resources,Recruiter,29428,No,02-03-2017,No,5,5,5,0,28-03-2022,1,2,2,2,1,2,5,4
7B30-BAC8,Male,50,Frequent Traveller,Technology,38,4,Information Systems,Machine Learning Engineer,366078,No,25-03-2021,No,1,0,0,1,28-03-2022,4,5,2,1,3,4,3,3
1A6D-AF5D,Male,25,Some Travel,Technology,9,3,Information Systems,Engineering Manager,243908,No,15-05-2017,No,5,4,4,1,02-04-2015,5,3,2,1,0,2,5,5
03C5-51AD,Female,25,Some Travel,Technology,1,2,Computer Science,Data Scientist,32354,Yes,06-12-2015,Yes,7,4,6,2,29-03-2022,5,4,4,3,1,4,3,2
8BCA-723F,Male,46,Some Travel,Technology,24,4,Computer Science,Data Scientist,43487,No,29-06-2014,No,8,8,8,8,29-03-2022,4,4,5,3,0,5,5,5
BFAF-1ED1,Male,24,Frequent Traveller,Technology,14,4,Computer Science,Data Scientist,67538,No,28-07-2018,No,4,3,4,2,29-03-2022,3,4,5,1,0,2,4,4
8FD9-AA59,Non-Binary,26,Frequent Traveller,Sales,14,4,Marketing ,Sales Executive,71349,No,20-06-2014,Yes,7,2,2,1,30-03-2022,3,3,4,2,3,3,3,2
86E2-73D1,Male,39,Some Travel,Technology,3,3,Computer Science,Machine Learning Engineer,81115,No,24-01-2013,No,9,2,4,0,30-03-2022,3,5,4,1,1,4,4,3
C520-6F2B,Female,25,Some Travel,Technology,34,3,Information Systems,Data Scientist,45286,Yes,14-07-2016,No,6,1,3,1,30-03-2022,3,4,4,1,0,2,4,3
A53B-DF3C,Female,22,Some Travel,Technology,2,4,Computer Science,Data Scientist,39732,Yes,08-01-2018,No,4,1,2,2,30-03-2022,5,5,2,3,0,5,3,2
D933-AAC4,Non-Binary,42,Some Travel,Technology,33,4,Computer Science,Engineering Manager,213191,No,03-01-2019,No,3,0,1,2,30-03-2022,4,5,4,1,2,3,4,3
46C8-1E24,Female,47,Some Travel,Technology,32,3,Information Systems,Machine Learning Engineer,243869,No,04-10-2020,No,2,1,1,0,30-03-2022,4,3,4,1,2,2,4,3
A105-470B,Male,25,Frequent Traveller,Technology,28,1,Information Systems,Software Engineer,23993,Yes,31-05-2016,No,6,3,4,4,31-03-2022,5,2,3,2,3,4,4,3
C016-FA12,Female,25,Some Travel,Sales,22,1,Marketing,Sales Representative,32894,No,14-05-2018,Yes,2,2,2,1,26-02-2013,4,4,3,2,1,2,5,4
E071-137E,Male,24,Some Travel,Sales,17,2,Marketing ,Sales Representative,63234,No,08-01-2020,No,2,1,2,2,02-04-2015,4,2,2,1,0,4,3,2
0210-E0D8,Male,36,Some Travel,Sales,7,3,Technical Degree,Sales Executive,243989,Yes,18-07-2020,Yes,1,0,1,1,01-04-2022,3,3,3,3,3,5,3,3
07B2-D67A,Male,44,Some Travel,Sales,40,2,Economics,Manager,285620,No,30-01-2012,No,10,6,8,4,01-04-2022,4,4,3,2,1,4,5,4
819A-2C9C,Male,30,No Travel ,Technology,7,3,Computer Science,Data Scientist,138989,Yes,14-08-2013,No,9,2,4,8,01-04-2022,4,4,5,2,1,2,4,4
2D85-ABDD,Female,33,No Travel ,Sales,29,3,Economics,Sales Executive,65094,No,20-06-2014,No,8,8,8,0,01-04-2022,5,2,3,1,2,4,4,4
B6EC-313E,Male,26,Frequent Traveller,Human Resources,17,3,Human Resources,Recruiter,30502,No,09-08-2014,Yes,0,0,0,0,02-04-2022,5,3,5,1,0,2,5,4
05F0-6F7B,Female,24,Some Travel,Technology,5,1,Information Systems,Data Scientist,100818,No,24-12-2017,No,5,1,3,0,02-04-2022,5,3,2,1,0,4,5,5
1424-0B0C,Female,36,No Travel ,Technology,35,1,Information Systems,Senior Software Engineer,356378,Yes,30-05-2018,No,4,2,4,4,02-04-2022,4,5,4,1,1,2,3,3
D4DF-162F,Female,36,Some Travel,Technology,2,2,Computer Science,Engineering Manager,247730,Yes,25-03-2020,No,2,2,2,0,02-04-2022,5,3,4,3,1,5,3,3
6653-BD41,Female,27,Some Travel,Technology,5,3,Computer Science,Engineering Manager,238435,No,07-08-2015,No,7,2,4,1,03-04-2022,4,4,3,2,0,4,4,3
B49A-7D79,Non-Binary,27,Some Travel,Technology,20,1,Business Studies,Software Engineer,22986,Yes,02-06-2015,No,7,6,7,0,03-04-2022,5,3,2,1,1,2,3,3
0210-E0D8,Male,36,Some Travel,Sales,7,3,Technical Degree,Sales Executive,243989,Yes,18-07-2020,Yes,1,0,1,1,03-04-2015,4,4,4,2,1,2,3,2
20CA-404E,Female,25,Some Travel,Technology,13,3,Information Systems,Analytics Manager,211401,No,17-07-2016,No,6,1,1,3,03-04-2022,3,4,3,3,1,2,5,5
0D8F-C0F3,Female,29,Some Travel,Technology,44,3,Business Studies,Data Scientist,67578,No,10-06-2013,Yes,1,0,0,0,04-04-2022,4,2,4,1,0,2,3,3
1799-5B3F,Male,24,Some Travel,Sales,21,4,Marketing,Sales Executive,85118,No,18-03-2019,Yes,0,0,0,0,04-04-2022,3,3,4,1,1,4,3,2
3B11-DF28,Female,23,Frequent Traveller,Technology,28,2,Computer Science,Data Scientist,57133,No,23-08-2019,Yes,3,0,0,1,04-04-2022,4,1,1,2,1,3,5,4
C95C-CE06,Male,44,Some Travel,Sales,35,3,Marketing,Sales Representative,75667,No,27-10-2014,No,8,6,6,3,04-04-2022,3,1,4,2,0,4,5,5
076F-8AA3,Male,39,Some Travel,Technology,5,2,Computer Science,Data Scientist,58685,No,08-03-2012,Yes,9,6,6,2,05-04-2022,1,4,3,3,0,4,4,4
EDF2-2659,Female,25,Some Travel,Technology,21,1,Information Systems,Senior Software Engineer,64398,No,27-07-2017,No,5,2,3,3,05-04-2022,3,4,5,3,3,4,3,2
676C-C884,Female,24,Some Travel,Technology,17,3,Information Systems,Software Engineer,26937,No,31-03-2019,No,3,2,2,1,05-04-2022,3,5,4,2,1,2,4,3
95D7-1CE9,Male,43,Some Travel,Human Resources,29,4,Marketing ,HR Business Partner,309964,No,04-01-2012,No,10,6,10,8,07-04-2022,4,5,3,3,0,4,4,3
2BD8-20A6,Female,35,Frequent Traveller,Technology,38,5,Information Systems,Engineering Manager,310285,Yes,30-11-2017,No,5,4,4,3,07-04-2022,3,2,3,1,1,3,3,3
07B2-D67A,Male,44,Some Travel,Sales,40,2,Economics,Manager,285620,No,30-01-2012,No,10,6,8,4,03-04-2015,5,3,5,3,0,4,3,2
B013-7D0C,Female,28,Some Travel,Technology,24,3,Information Systems,Data Scientist,46313,Yes,30-08-2013,Yes,1,1,1,0,08-04-2022,5,3,3,2,2,4,5,5
531D-788E,Male,21,Frequent Traveller,Technology,16,2,Computer Science,Data Scientist,42569,No,13-04-2022,Yes,0,0,0,0,08-04-2022,3,2,3,1,0,3,3,3
8EA4-9179,Male,25,Some Travel,Technology,23,3,Computer Science,Data Scientist,24626,No,14-03-2015,No,7,7,7,1,08-04-2022,4,3,4,2,1,4,4,3
61E2-6540,Non-Binary,24,Some Travel,Technology,7,4,Computer Science,Senior Software Engineer,44256,No,18-05-2018,No,4,2,4,3,08-04-2022,4,2,2,1,2,3,3,2
6B7D-82DB,Male,40,No Travel ,Technology,15,1,Information Systems,Analytics Manager,465219,No,17-08-2020,No,2,2,2,0,08-04-2022,4,5,2,3,0,2,4,3
AEDB-BB62,Male,39,Some Travel,Technology,34,1,Computer Science,Machine Learning Engineer,264285,No,23-03-2012,No,10,10,10,1,09-04-2022,4,2,2,2,1,4,5,5
F430-0404,Female,32,No Travel ,Sales,23,4,Economics,Sales Executive,237749,No,19-07-2013,No,9,1,6,6,09-04-2022,3,4,3,1,1,5,4,4
8733-BC3C,Male,26,Frequent Traveller,Technology,22,3,Computer Science,Software Engineer,81726,Yes,06-11-2016,No,6,0,6,1,09-04-2022,4,3,4,1,1,5,3,2
0BAF-7454,Non-Binary,26,Some Travel,Technology,12,4,Computer Science,Software Engineer,37530,No,30-07-2017,No,5,5,5,5,09-04-2022,4,3,3,3,2,2,3,2
152E-8DB1,Female,31,Some Travel,Technology,14,1,Other,Software Engineer,63482,No,23-04-2012,Yes,1,0,1,1,10-04-2022,3,2,3,3,0,1,3,3
B6EC-313E,Male,26,Frequent Traveller,Human Resources,17,3,Human Resources,Recruiter,30502,No,09-08-2014,Yes,0,0,0,0,04-04-2015,4,4,5,1,0,2,4,4
1A7C-19DB,Female,39,Some Travel,Technology,42,4,Computer Science,Engineering Manager,539998,Yes,22-11-2020,Yes,1,0,0,0,10-04-2022,3,2,3,2,1,3,5,4
489B-14EC,Female,21,Some Travel,Technology,15,2,Computer Science,Machine Learning Engineer,62882,Yes,09-01-2021,Yes,0,0,0,0,10-04-2022,3,5,2,3,1,3,3,2
D7F8-1775,Male,36,Some Travel,Sales,13,3,Marketing ,Sales Executive,121303,No,12-07-2014,No,8,2,3,0,10-04-2022,5,2,2,1,2,3,3,2
9071-14B2,Male,31,Some Travel,Technology,25,3,Business Studies,Machine Learning Engineer,157676,No,07-08-2019,No,3,0,2,1,10-04-2022,4,5,5,1,0,2,5,4
52CC-3E9E,Male,30,Frequent Traveller,Technology,13,4,Computer Science,Software Engineer,40321,Yes,26-08-2013,Yes,5,0,0,3,11-04-2022,5,3,2,3,1,4,3,2
A531-8159,Female,37,No Travel ,Technology,16,3,Information Systems,Data Scientist,82099,No,23-02-2012,No,10,1,7,6,11-04-2022,5,2,5,2,0,5,4,4
21C8-00EC,Male,22,Some Travel,Technology,37,2,Information Systems,Senior Software Engineer,52314,No,25-05-2018,No,4,0,3,0,11-04-2022,3,5,3,1,1,5,3,2
8373-07C6,Female,25,Some Travel,Technology,21,4,Information Systems,Engineering Manager,261970,Yes,31-07-2017,No,5,4,4,3,11-04-2022,3,3,2,2,1,5,3,3
C5C2-985F,Male,29,Some Travel,Sales,3,3,Other,Sales Representative,46465,Yes,16-05-2014,Yes,4,3,3,3,12-04-2022,5,3,2,2,0,2,5,4
CDFB-6A08,Male,26,Some Travel,Technology,8,4,Other,Software Engineer,22918,Yes,01-05-2016,Yes,0,0,0,0,12-04-2022,5,3,5,1,1,2,3,3
0D8F-C0F3,Female,29,Some Travel,Technology,44,3,Business Studies,Data Scientist,67578,No,10-06-2013,Yes,1,0,0,0,06-04-2015,4,4,5,3,1,5,5,4
5C03-1009,Female,42,Some Travel,Technology,21,3,Information Systems,Engineering Manager,316208,No,17-01-2012,No,10,8,8,7,12-04-2022,3,4,2,2,1,3,5,4
EE91-1A9C,Male,25,Some Travel,Technology,22,3,Information Systems,Data Scientist,21350,Yes,27-10-2016,Yes,5,3,3,2,13-04-2022,5,4,2,2,3,5,4,4
7CFC-C4DA,Male,21,Some Travel,Technology,44,2,Other,Data Scientist,32676,Yes,20-04-2022,Yes,0,0,0,0,13-04-2022,3,4,5,1,0,3,4,3
CF2F-8CA3,Male,45,Some Travel,Sales,20,2,Marketing ,Sales Executive,76693,No,06-02-2012,No,10,2,9,10,13-04-2022,4,5,2,3,1,5,5,4
AC19-7EE7,Male,25,Some Travel,Sales,38,3,Marketing ,Sales Executive,86485,Yes,07-09-2015,No,7,6,6,0,14-04-2022,4,2,3,3,1,3,4,3
4B7E-9DE5,Male,21,Some Travel,Technology,5,3,Computer Science,Software Engineer,25060,No,22-03-2021,No,1,1,1,1,14-04-2022,3,3,4,1,0,3,4,4
7A98-768E,Female,18,Some Travel,Sales,20,3,Technical Degree,Sales Executive,58523,No,25-01-2022,Yes,0,0,0,0,15-04-2022,5,2,4,1,1,3,5,5
C3C0-349E,Male,45,Some Travel,Sales,22,4,Marketing ,Sales Executive,270302,No,13-05-2022,Yes,0,0,0,0,15-04-2022,5,3,4,1,1,4,5,4
96F4-896C,Male,43,No Travel ,Technology,21,4,Information Systems,Analytics Manager,280756,No,05-03-2013,No,9,8,8,3,15-04-2022,5,4,5,3,2,3,3,2
B52E-BF41,Female,30,Some Travel,Technology,26,4,Computer Science,Data Scientist,36280,No,04-12-2013,No,9,9,9,9,15-04-2022,4,5,5,3,1,2,5,4
1799-5B3F,Male,24,Some Travel,Sales,21,4,Marketing,Sales Executive,85118,No,18-03-2019,Yes,0,0,0,0,06-04-2015,5,4,4,3,1,3,3,2
5D69-D350,Male,24,Frequent Traveller,Technology,7,3,Information Systems,Data Scientist,104649,No,23-09-2016,Yes,4,4,4,3,16-04-2022,3,2,4,2,2,3,4,3
4BE1-4A7B,Male,23,Frequent Traveller,Technology,10,3,Information Systems,Software Engineer,44566,Yes,29-01-2020,Yes,1,0,0,0,16-04-2022,3,2,2,2,2,3,5,5
10E9-4C86,Non-Binary,34,Frequent Traveller,Technology,12,2,Computer Science,Data Scientist,44057,Yes,17-05-2014,No,8,7,7,1,16-04-2022,3,3,4,3,0,5,3,2
6661-FA04,Male,44,Some Travel,Technology,28,3,Computer Science,Software Engineer,49447,No,09-10-2014,No,8,7,7,8,16-04-2022,3,2,5,2,1,5,3,3
AB81-A3A0,Male,29,Some Travel,Sales,14,4,Marketing,Sales Executive,96319,No,14-06-2013,No,9,1,4,5,17-04-2022,5,5,4,2,0,3,3,2
9D01-8A02,Male,31,Some Travel,Technology,8,1,Information Systems,Software Engineer,70682,No,24-02-2014,No,8,4,8,2,17-04-2022,5,5,3,1,2,2,3,3
6151-4A92,Non-Binary,25,No Travel ,Technology,29,4,Computer Science,Machine Learning Engineer,105411,No,01-04-2018,No,4,2,4,2,17-04-2022,4,4,3,1,0,3,5,4
6BE1-09FB,Male,25,Some Travel,Sales,29,4,Marketing,Sales Executive,95643,No,14-05-2018,No,4,0,3,1,17-04-2022,4,5,4,2,1,2,5,5
EE7E-F5AC,Female,23,Some Travel,Sales,19,3,Other,Sales Representative,27185,No,30-01-2018,No,4,4,4,0,17-04-2022,4,5,4,1,0,3,3,2
FD3F-5255,Female,45,Some Travel,Technology,2,1,Information Systems,Data Scientist,64795,Yes,03-03-2012,No,10,5,8,10,18-04-2022,4,3,2,2,2,2,3,3
3B11-DF28,Female,23,Frequent Traveller,Technology,28,2,Computer Science,Data Scientist,57133,No,23-08-2019,Yes,3,0,0,1,06-04-2015,5,2,3,1,2,2,5,5
2D25-CAE8,Male,22,Some Travel,Sales,29,2,Economics,Sales Executive,58992,Yes,02-07-2019,No,3,3,3,2,18-04-2022,3,3,2,1,1,3,4,4
1BEA-3835,Male,21,Some Travel,Technology,4,2,Computer Science,Software Engineer,21158,Yes,26-06-2020,No,2,1,1,0,18-04-2022,5,5,4,2,1,4,3,2
C661-6A1C,Female,25,Frequent Traveller,Technology,24,1,Business Studies,Software Engineer,40314,No,15-09-2016,Yes,3,1,3,3,19-04-2022,3,2,5,1,1,3,3,3
C025-B8B6,Male,44,Some Travel,Sales,29,3,Marketing ,Sales Executive,126073,No,03-01-2014,No,8,0,2,0,19-04-2022,3,5,4,1,0,5,4,3
5BDE-7102,Female,25,Some Travel,Technology,16,2,Computer Science,Engineering Manager,184441,No,13-11-2016,No,6,6,6,3,19-04-2022,3,2,5,1,1,2,5,4
9528-AA17,Female,48,Some Travel,Technology,30,3,Information Systems,Software Engineer,72794,No,14-02-2012,No,10,4,5,3,20-04-2022,5,5,3,3,3,5,4,3
F9C6-39E2,Female,48,Some Travel,Sales,4,3,Marketing,Sales Representative,55880,No,19-11-2014,No,8,1,6,5,20-04-2022,4,3,3,1,2,5,3,2
4188-C61D,Female,22,No Travel ,Technology,27,1,Information Systems,Data Scientist,23039,No,08-03-2018,Yes,0,0,0,0,21-04-2022,5,5,3,3,2,3,3,3
DFE3-6FA7,Female,43,Frequent Traveller,Sales,5,3,Marketing ,Sales Executive,350525,Yes,27-05-2012,Yes,9,3,9,6,21-04-2022,4,3,4,3,0,2,4,4
7335-4656,Female,45,Some Travel,Technology,14,2,Computer Science,Machine Learning Engineer,223124,No,02-10-2013,No,9,2,3,2,21-04-2022,3,4,5,1,0,5,4,3
076F-8AA3,Male,39,Some Travel,Technology,5,2,Computer Science,Data Scientist,58685,No,08-03-2012,Yes,9,6,6,2,07-04-2015,4,2,5,1,0,5,4,4
ACF7-5B99,Female,26,Some Travel,Sales,17,4,Marketing ,Sales Executive,97811,Yes,16-05-2015,No,7,3,6,4,21-04-2022,4,2,2,2,1,5,3,2
E503-C500,Male,28,Some Travel,Technology,39,5,Computer Science,Software Engineer,81906,No,04-06-2015,No,7,4,4,1,21-04-2022,5,3,5,2,1,2,4,4
49B2-0364,Male,45,Frequent Traveller,Sales,1,3,Marketing ,Sales Representative,70487,No,09-05-2012,No,10,0,7,3,22-04-2022,3,3,3,2,1,4,3,3
920B-7B40,Male,26,Some Travel,Technology,22,3,Information Systems,Software Engineer,52390,Yes,21-04-2015,No,7,4,5,3,22-04-2022,4,2,2,3,1,3,4,4
D754-4CDF,Male,25,Some Travel,Technology,18,3,Computer Science,Senior Software Engineer,55541,No,08-01-2017,No,5,4,5,4,22-04-2022,5,2,3,1,0,3,3,2
619D-D78F,Female,20,Some Travel,Technology,24,2,Business Studies,Data Scientist,38138,No,29-08-2020,No,2,2,2,1,22-04-2022,5,5,4,1,0,3,3,2
51A4-EA6E,Non-Binary,46,Some Travel,Sales,17,3,Marketing ,Sales Executive,223874,No,19-07-2021,Yes,1,0,0,0,23-04-2022,4,2,2,2,0,2,4,4
A4A4-F49C,Male,34,Some Travel,Technology,40,3,Computer Science,Senior Software Engineer,97542,No,06-05-2012,No,10,10,10,7,23-04-2022,4,3,4,2,1,2,4,4
23FC-93A5,Female,26,Some Travel,Technology,2,4,Information Systems,Software Engineer,55565,No,22-02-2016,No,6,6,6,4,23-04-2022,4,5,5,2,0,3,5,4
924E-1035,Male,23,Some Travel,Sales,26,2,Marketing ,Sales Executive,58345,Yes,19-01-2017,No,5,4,4,4,23-04-2022,4,3,5,1,2,4,3,2
2FC6-7ED5,Female,44,Frequent Traveller,Technology,29,1,Computer Science,Machine Learning Engineer,303779,No,24-08-2018,No,4,0,0,0,07-04-2015,3,5,5,1,0,4,4,4
A31A-A90C,Male,36,Some Travel,Technology,7,3,Information Systems,Data Scientist,46773,Yes,28-02-2014,No,8,7,8,2,24-04-2022,3,2,3,2,0,4,5,4
0626-7020,Female,24,No Travel ,Technology,7,2,Information Systems,Senior Software Engineer,126527,Yes,01-10-2017,No,5,1,5,3,24-04-2022,3,5,2,1,2,4,5,5
7EF0-2BF4,Female,40,Some Travel,Sales,5,4,Marketing ,Manager,267834,No,10-04-2019,No,3,3,3,0,24-04-2022,4,5,3,3,1,4,4,3
68D1-F434,Male,40,Frequent Traveller,Technology,1,4,Information Systems,Engineering Manager,314668,No,23-03-2020,No,2,0,2,2,24-04-2022,4,2,4,2,1,2,5,5
1EEB-ABF7,Female,22,Some Travel,Technology,31,1,Computer Science,Software Engineer,43588,No,07-01-2019,No,3,2,3,2,25-04-2022,5,2,3,1,1,3,5,5
9A9B-630B,Prefer Not To Say,23,Some Travel,Technology,25,4,Information Systems,Machine Learning Engineer,57285,No,13-02-2020,No,2,2,2,0,25-04-2022,1,2,2,2,1,4,5,4
9DB8-F763,Male,23,Some Travel,Technology,37,4,Information Systems,Data Scientist,26406,No,17-01-2020,No,2,0,1,0,25-04-2022,1,1,4,2,2,3,5,4
D529-0BC2,Female,24,Some Travel,Technology,42,2,Other,Data Scientist,38775,Yes,06-02-2017,No,5,0,5,1,26-04-2022,1,3,3,1,3,2,3,3
4971-33F9,Male,41,Some Travel,Technology,28,4,Business Studies,Senior Software Engineer,184411,No,17-10-2017,No,5,5,5,4,26-04-2022,4,2,2,3,0,5,4,4
7CDB-25C4,Male,22,Some Travel,Technology,40,3,Information Systems,Senior Software Engineer,54114,Yes,18-11-2020,No,2,0,1,1,26-04-2022,4,5,5,2,1,5,4,4
95D7-1CE9,Male,43,Some Travel,Human Resources,29,4,Marketing ,HR Business Partner,309964,No,04-01-2012,No,10,6,10,8,09-04-2015,3,4,3,1,0,5,4,4
1AC8-361F,Male,26,Some Travel,Sales,22,1,Marketing ,Sales Executive,87142,No,11-11-2015,Yes,2,1,1,0,27-04-2022,4,2,4,1,0,4,5,5
D93A-CC98,Female,24,Some Travel,Sales,27,4,Marketing,Sales Executive,208684,Yes,06-03-2018,Yes,2,0,0,0,27-04-2022,4,3,2,1,1,4,5,5
EE63-4E57,Female,24,Frequent Traveller,Technology,26,4,Business Studies,Senior Software Engineer,133949,No,26-10-2016,No,6,4,6,6,27-04-2022,4,4,2,2,1,2,5,5
F1BD-033D,Male,25,Some Travel,Technology,21,5,Information Systems,Software Engineer,46362,Yes,15-03-2016,No,6,0,4,5,27-04-2022,3,4,3,1,0,2,4,4
05CD-292D,Male,24,Some Travel,Technology,1,3,Other,Software Engineer,54501,No,01-08-2018,No,4,4,4,2,27-04-2022,5,3,4,1,2,2,4,4
4DDB-A84D,Male,46,Some Travel,Sales,38,3,Marketing,Sales Executive,325452,No,16-12-2018,No,4,3,4,3,27-04-2022,3,4,5,1,0,2,3,2
7B96-B655,Male,24,No Travel ,Technology,18,3,Computer Science,Data Scientist,104807,No,11-08-2019,No,3,0,0,1,27-04-2022,4,5,2,1,1,2,4,4
C79A-E5E1,Female,32,Frequent Traveller,Technology,13,1,Computer Science,Data Scientist,48835,Yes,17-02-2012,Yes,8,5,7,0,28-04-2022,3,3,3,1,2,2,3,3
5D73-961A,Male,27,Some Travel,Technology,1,2,Computer Science,Senior Software Engineer,90487,No,25-05-2016,No,6,4,4,4,28-04-2022,3,3,2,1,1,3,5,5
A1B4-5481,Male,25,Some Travel,Sales,37,3,Economics,Sales Executive,79329,No,22-07-2016,Yes,1,1,1,1,29-04-2022,5,4,3,2,0,5,4,3
1FE3-22BF,Female,25,Some Travel,Technology,20,3,Computer Science,Machine Learning Engineer,65642,No,25-11-2018,No,4,4,4,0,26-02-2013,3,3,2,3,0,2,4,4
B013-7D0C,Female,28,Some Travel,Technology,24,3,Information Systems,Data Scientist,46313,Yes,30-08-2013,Yes,1,1,1,0,10-04-2015,4,4,2,3,2,4,4,4
D49C-096C,Non-Binary,26,No Travel ,Sales,10,2,Economics,Sales Executive,55537,No,16-03-2014,Yes,4,1,1,1,29-04-2022,3,3,2,2,2,2,5,5
2F04-931F,Male,23,Some Travel,Technology,25,3,Business Studies,Data Scientist,37121,Yes,02-10-2018,Yes,1,0,0,0,29-04-2022,5,5,5,3,1,5,4,4
380E-44B4,Male,21,Some Travel,Technology,19,4,Computer Science,Data Scientist,25255,No,01-08-2022,Yes,0,0,0,0,29-04-2022,5,4,2,2,3,4,3,2
5639-70C0,Female,36,Some Travel,Human Resources,31,4,Human Resources,HR Manager,509940,No,15-01-2018,No,4,4,4,2,29-04-2022,4,3,4,3,0,2,3,2
327B-F6D3,Female,37,Some Travel,Technology,6,2,Computer Science,Data Scientist,42188,No,04-10-2013,Yes,8,3,5,6,30-04-2022,5,5,2,3,1,4,5,4
B148-55FB,Male,38,Frequent Traveller,Technology,23,4,Computer Science,Machine Learning Engineer,231699,No,06-11-2018,Yes,1,0,0,0,30-04-2022,5,2,2,3,0,3,5,5
354B-3BC6,Female,21,Some Travel,Technology,4,3,Business Studies,Software Engineer,67900,No,24-06-2019,No,3,3,3,2,30-04-2022,4,3,4,2,3,2,4,3
7BA2-EBDE,Male,31,No Travel ,Sales,6,4,Marketing ,Manager,321244,Yes,16-03-2020,No,2,2,2,0,30-04-2022,4,3,3,3,0,3,5,4
1472-9F69,Male,27,Some Travel,Sales,1,4,Marketing ,Sales Representative,30870,No,28-12-2014,Yes,3,1,2,3,01-05-2022,3,4,3,3,1,5,5,5
59DB-8465,Female,47,Frequent Traveller,Human Resources,3,3,Marketing ,HR Executive,85744,No,02-03-2013,No,9,0,9,8,01-05-2022,5,5,5,1,2,3,5,4
531D-788E,Male,21,Frequent Traveller,Technology,16,2,Computer Science,Data Scientist,42569,No,13-04-2022,Yes,0,0,0,0,10-04-2015,4,2,2,2,2,5,5,4
D31B-BEF8,Male,25,Frequent Traveller,Sales,19,4,Marketing ,Sales Representative,28090,No,31-08-2016,Yes,0,0,0,0,02-05-2022,5,4,5,3,0,5,4,4
565B-C207,Female,30,No Travel ,Technology,3,3,Information Systems,Data Scientist,47338,No,08-05-2013,No,9,4,9,1,02-05-2022,4,3,5,1,2,5,5,4
B90D-4BEF,Female,29,Some Travel,Technology,32,3,Information Systems,Engineering Manager,388605,Yes,01-01-2017,No,5,2,5,0,02-05-2022,3,3,5,2,1,2,4,3
13E5-2F17,Male,24,Frequent Traveller,Technology,15,3,Computer Science,Senior Software Engineer,139627,No,27-01-2016,Yes,5,0,4,1,03-05-2022,4,2,2,3,1,3,3,2
ADF8-AD57,Male,27,Some Travel,Technology,28,3,Computer Science,Data Scientist,20387,No,16-08-2016,Yes,0,0,0,0,03-05-2022,5,3,4,2,2,3,3,3
ED5D-E9D8,Female,28,Some Travel,Sales,32,1,Economics,Sales Representative,52528,No,02-07-2014,No,8,2,4,6,03-05-2022,4,3,4,1,1,4,5,4
FB1D-5A51,Female,23,Some Travel,Technology,29,3,Information Systems,Software Engineer,25500,No,12-08-2017,No,5,5,5,3,03-05-2022,3,2,2,1,0,1,3,2
FE2B-3DC7,Female,28,Some Travel,Technology,23,3,Information Systems,Data Scientist,35606,Yes,07-05-2012,Yes,5,3,4,5,04-05-2022,3,4,3,2,0,3,4,4
F3D0-41D1,Male,20,Some Travel,Technology,34,4,Computer Science,Software Engineer,22925,Yes,13-06-2021,Yes,1,0,0,0,04-05-2022,4,3,4,3,0,5,3,3
11AE-3E4D,Male,39,Some Travel,Sales,38,2,Technical Degree,Manager,300299,Yes,19-02-2012,No,10,7,7,10,04-05-2022,4,3,3,3,3,3,4,4
AEDB-BB62,Male,39,Some Travel,Technology,34,1,Computer Science,Machine Learning Engineer,264285,No,23-03-2012,No,10,10,10,1,11-04-2015,3,4,3,2,2,5,4,3
2CA8-4E1B,Non-Binary,23,Some Travel,Technology,7,3,Business Studies,Software Engineer,28753,No,02-05-2017,Yes,2,1,1,0,05-05-2022,5,3,5,1,0,2,3,3
08E4-D3D5,Male,21,Some Travel,Technology,25,4,Computer Science,Data Scientist,34634,No,11-12-2019,Yes,1,1,1,1,05-05-2022,5,4,4,3,1,3,5,5
D2BE-E6F6,Female,31,Frequent Traveller,Sales,28,2,Marketing ,Sales Executive,183189,No,01-01-2014,No,8,3,6,6,05-05-2022,4,2,3,1,3,2,3,2
E8B6-8BAE,Male,29,Some Travel,Sales,18,2,Economics,Sales Executive,225330,No,02-03-2022,Yes,0,0,0,0,06-05-2022,3,5,3,1,3,3,5,4
30CC-9AD8,Male,22,Some Travel,Technology,20,2,Information Systems,Senior Software Engineer,54899,Yes,18-12-2020,No,2,0,1,0,06-05-2022,4,5,5,1,1,4,5,4
291F-B604,Male,26,Some Travel,Technology,3,4,Information Systems,Data Scientist,28952,Yes,22-10-2016,Yes,0,0,0,0,07-05-2022,3,4,5,3,2,4,3,2
692B-7152,Male,47,Some Travel,Sales,42,3,Marketing ,Sales Executive,249553,No,20-05-2012,No,10,3,4,9,07-05-2022,4,5,3,3,1,2,3,3
5A65-768A,Female,43,Frequent Traveller,Sales,40,4,Economics,Sales Executive,86038,No,06-07-2014,No,8,1,3,3,07-05-2022,3,2,2,2,0,2,4,3
4657-FE18,Non-Binary,29,Some Travel,Technology,25,2,Information Systems,Senior Software Engineer,145716,No,22-02-2018,Yes,1,0,1,1,08-05-2022,5,5,4,3,1,5,5,5
4C41-7F73,Female,24,Some Travel,Technology,30,3,Computer Science,Machine Learning Engineer,94318,Yes,21-09-2016,No,6,3,6,5,08-05-2022,4,5,4,2,0,4,4,3
7BD4-7BFB,Male,27,Some Travel,Technology,19,4,Computer Science,Software Engineer,25276,No,22-01-2015,No,7,6,7,1,11-04-2015,4,2,3,1,1,4,4,4
F573-D043,Female,22,Some Travel,Sales,16,3,Marketing ,Sales Executive,70202,No,08-04-2021,No,1,0,0,0,08-05-2022,4,3,2,1,0,4,3,3
E28D-424B,Non-Binary,22,Some Travel,Sales,5,1,Economics,Sales Executive,64689,No,19-01-2020,Yes,1,1,1,1,09-05-2022,5,4,4,2,1,2,5,4
28F4-8367,Non-Binary,25,Some Travel,Technology,4,3,Business Studies,Machine Learning Engineer,39456,No,15-04-2017,No,5,1,5,4,09-05-2022,3,5,2,1,0,2,3,2
A848-F98B,Male,25,Some Travel,Technology,37,2,Computer Science,Data Scientist,38038,No,26-01-2018,Yes,2,1,1,1,10-05-2022,3,2,3,3,0,2,5,5
DA4C-7F2E,Female,26,Some Travel,Technology,18,3,Computer Science,Analytics Manager,178836,No,18-04-2016,No,6,4,5,6,10-05-2022,5,2,5,3,0,5,5,4
F9BA-C7C8,Female,23,Some Travel,Technology,12,3,Computer Science,Data Scientist,27347,No,07-02-2020,No,2,0,0,0,10-05-2022,5,4,5,1,0,3,5,4
1C87-44CB,Female,28,Frequent Traveller,Technology,9,3,Computer Science,Software Engineer,48930,Yes,14-03-2012,Yes,7,4,6,2,11-05-2022,5,3,2,1,0,3,3,2
41FE-D257,Male,23,Frequent Traveller,Sales,31,3,Technical Degree,Sales Representative,23505,No,12-07-2017,Yes,1,0,0,0,11-05-2022,3,5,3,2,0,4,5,4
A690-3D5D,Female,35,Some Travel,Technology,7,3,Information Systems,Senior Software Engineer,253952,Yes,02-10-2013,No,9,9,9,4,11-05-2022,4,3,2,2,1,4,3,2
C9FF-3A25,Male,28,No Travel ,Technology,17,2,Information Systems,Software Engineer,54324,Yes,10-09-2015,Yes,3,3,3,1,12-05-2022,2,4,1,2,2,4,3,2
152E-8DB1,Female,31,Some Travel,Technology,14,1,Other,Software Engineer,63482,No,23-04-2012,Yes,1,0,1,1,12-04-2015,3,2,2,1,2,4,3,2
BE93-0736,Male,35,No Travel ,Technology,17,2,Computer Science,Senior Software Engineer,117151,No,26-03-2012,No,10,3,7,6,12-05-2022,2,2,1,3,0,4,5,5
BBD0-FB7D,Female,23,Some Travel,Sales,19,4,Economics,Sales Executive,87629,No,19-01-2018,No,4,4,4,1,12-05-2022,4,3,2,3,0,4,3,3
1F0F-458C,Female,29,Some Travel,Technology,3,3,Business Studies,Data Scientist,60388,Yes,11-04-2013,Yes,5,1,3,1,13-05-2022,2,3,2,1,2,1,4,4
A184-3B30,Male,26,Some Travel,Technology,17,3,Information Systems,Software Engineer,55778,No,05-11-2015,No,7,4,7,6,13-05-2022,3,4,3,1,1,3,3,2
801C-89BF,Female,24,Some Travel,Technology,5,2,Information Systems,Data Scientist,46151,No,12-11-2016,No,6,4,6,2,13-05-2022,3,3,4,3,0,3,5,5
C8BC-3B77,Female,27,Frequent Traveller,Sales,21,3,Economics,Sales Executive,66488,No,18-07-2016,No,6,5,6,3,13-05-2022,5,2,4,1,0,2,4,3
ECC7-B638,Male,24,Frequent Traveller,Sales,44,3,Marketing,Sales Executive,41741,No,20-07-2018,No,4,0,1,0,13-05-2022,3,4,2,1,0,2,3,3
DE6C-86FC,Non-Binary,43,Some Travel,Technology,31,4,Computer Science,Software Engineer,130665,No,10-12-2013,No,9,6,9,6,14-05-2022,4,4,3,3,0,2,3,2
1C57-5F2A,Female,27,Some Travel,Technology,42,3,Computer Science,Software Engineer,33606,No,07-05-2015,No,7,0,0,2,14-05-2022,3,4,4,1,1,4,3,3
E676-215C,Female,21,No Travel ,Sales,21,3,Marketing ,Sales Executive,69402,No,14-01-2019,No,3,1,3,0,14-05-2022,3,3,4,3,1,2,3,2
1A7C-19DB,Female,39,Some Travel,Technology,42,4,Computer Science,Engineering Manager,539998,Yes,22-11-2020,Yes,1,0,0,0,12-04-2015,3,5,5,3,1,4,5,5
61F3-DE78,Female,23,Some Travel,Technology,40,3,Computer Science,Data Scientist,23632,No,24-08-2020,No,2,2,2,0,14-05-2022,3,4,2,2,2,2,5,5
0A05-3943,Female,26,Some Travel,Technology,20,3,Business Studies,Software Engineer,33273,Yes,20-01-2015,Yes,2,1,1,0,15-05-2022,3,4,2,3,0,5,3,2
9F65-F612,Female,28,Some Travel,Technology,33,3,Computer Science,Data Scientist,54536,No,23-04-2012,Yes,3,3,3,2,15-05-2022,3,2,5,1,1,4,4,3
64D6-0D5F,Non-Binary,37,Some Travel,Technology,28,3,Information Systems,Analytics Manager,368494,Yes,14-05-2012,No,10,8,9,6,15-05-2022,3,4,3,3,0,5,4,4
26DF-1241,Male,23,Some Travel,Sales,33,3,Economics,Sales Representative,30477,No,20-02-2018,No,4,2,3,3,15-05-2022,3,2,2,1,1,5,4,4
2BCE-F73C,Male,23,Frequent Traveller,Sales,26,4,Marketing,Sales Executive,68046,No,01-06-2018,No,4,4,4,2,15-05-2022,3,5,4,1,0,3,5,4
6B5B-8080,Female,24,Frequent Traveller,Technology,26,4,Other,Software Engineer,35885,No,03-04-2019,No,3,1,2,2,15-05-2022,4,5,3,3,2,4,3,3
3F25-EF5E,Male,23,Some Travel,Sales,9,2,Marketing ,Sales Representative,33750,No,10-07-2020,No,2,0,2,0,15-05-2022,3,5,5,3,1,5,5,5
9D3C-DA45,Male,32,Some Travel,Technology,24,3,Information Systems,Data Scientist,41857,No,12-04-2013,No,9,0,5,2,16-05-2022,5,3,5,1,1,3,3,3
FAD6-EAA3,Male,23,Some Travel,Technology,27,4,Information Systems,Machine Learning Engineer,47046,Yes,03-03-2019,No,3,2,2,1,16-05-2022,3,3,3,2,0,2,3,3
489B-14EC,Female,21,Some Travel,Technology,15,2,Computer Science,Machine Learning Engineer,62882,Yes,09-01-2021,Yes,0,0,0,0,12-04-2015,3,3,5,3,3,5,3,2
2523-EFD4,Female,34,Some Travel,Technology,14,2,Information Systems,Senior Software Engineer,154405,No,27-05-2013,No,9,7,7,1,17-05-2022,3,3,4,3,2,2,5,4
3A20-7C3E,Male,25,Some Travel,Technology,44,4,Other,Software Engineer,52210,No,01-07-2016,No,6,0,1,0,17-05-2022,4,5,2,3,0,2,5,4
3CFD-6622,Female,40,Frequent Traveller,Technology,19,3,Information Systems,Analytics Manager,513325,No,10-03-2019,No,3,0,0,1,17-05-2022,4,4,2,2,0,4,3,2
4D59-B831,Female,25,Some Travel,Human Resources,14,1,Human Resources,Recruiter,22150,No,25-06-2018,Yes,2,0,1,1,18-05-2022,4,4,3,2,0,5,5,5
5060-A677,Male,26,Frequent Traveller,Technology,45,3,Information Systems,Machine Learning Engineer,108865,No,21-01-2016,Yes,1,0,0,1,18-05-2022,5,3,3,1,0,4,3,2
A2D0-E2D2,Female,26,Some Travel,Technology,25,3,Information Systems,Software Engineer,22089,Yes,15-12-2014,Yes,1,0,0,0,18-05-2022,5,3,2,2,2,3,3,2
BE54-8537,Female,26,Frequent Traveller,Technology,14,3,Computer Science,Software Engineer,36794,No,18-11-2015,Yes,5,3,4,3,18-05-2022,3,5,5,1,1,3,3,2
494B-7047,Non-Binary,22,No Travel ,Technology,32,2,Computer Science,Software Engineer,38358,No,05-07-2019,No,3,2,2,3,18-05-2022,5,4,2,3,0,2,4,4
9461-9439,Male,21,Some Travel,Technology,24,3,Information Systems,Machine Learning Engineer,75816,No,15-11-2020,No,2,1,1,0,18-05-2022,5,4,5,2,1,3,4,4
C96B-43C7,Male,21,Some Travel,Technology,22,2,Computer Science,Software Engineer,73075,No,23-12-2020,No,2,1,1,1,18-05-2022,5,2,5,3,2,4,4,4
52CC-3E9E,Male,30,Frequent Traveller,Technology,13,4,Computer Science,Software Engineer,40321,Yes,26-08-2013,Yes,5,0,0,3,13-04-2015,5,5,4,2,0,3,4,4
9169-FC4B,Male,28,Some Travel,Human Resources,18,2,Economics,HR Executive,179561,No,09-05-2012,Yes,1,0,0,1,19-05-2022,3,5,3,3,1,5,3,2
72A2-1105,Female,22,Some Travel,Sales,36,3,Marketing,Sales Executive,60699,No,21-03-2018,No,4,0,3,0,19-05-2022,3,5,3,2,3,3,5,4
E9D9-787A,Male,26,Some Travel,Technology,20,1,Computer Science,Senior Software Engineer,207687,Yes,08-09-2017,No,5,0,5,4,19-05-2022,4,3,4,1,1,4,4,4
00B0-F199,Male,23,Some Travel,Sales,35,1,Marketing ,Sales Executive,97824,Yes,16-03-2020,Yes,1,0,1,0,20-05-2022,1,3,4,3,2,2,4,4
5988-3855,Female,43,Some Travel,Technology,31,1,Information Systems,Software Engineer,98693,No,04-07-2014,No,8,5,8,6,20-05-2022,2,3,4,3,1,3,4,3
1705-0DE5,Female,38,Some Travel,Technology,10,3,Business Studies,Engineering Manager,303360,No,16-10-2021,Yes,0,0,0,0,21-05-2022,1,3,1,1,2,4,4,3
8766-F1E7,Male,25,Some Travel,Technology,18,4,Information Systems,Machine Learning Engineer,130434,Yes,26-09-2016,Yes,0,0,0,0,22-05-2022,3,2,4,3,2,4,4,4
45F9-3A37,Male,21,Some Travel,Technology,34,4,Information Systems,Software Engineer,61758,No,22-11-2022,Yes,0,0,0,0,22-05-2022,1,4,1,3,0,4,4,3
BD1B-53A3,Male,43,Some Travel,Sales,27,3,Marketing,Sales Executive,128885,Yes,17-01-2012,No,10,1,10,2,22-05-2022,5,4,2,1,1,3,5,4
81BE-17CD,Male,30,Frequent Traveller,Technology,33,2,Computer Science,Data Scientist,35126,Yes,18-12-2013,No,9,1,5,5,22-05-2022,3,3,4,1,1,2,3,3
A531-8159,Female,37,No Travel ,Technology,16,3,Information Systems,Data Scientist,82099,No,23-02-2012,No,10,1,7,6,13-04-2015,5,4,2,2,0,3,5,5
1B7F-73A9,Male,34,Some Travel,Technology,24,3,Computer Science,Software Engineer,42721,No,10-12-2014,No,8,3,3,7,22-05-2022,4,4,5,2,0,5,4,4
3B90-B998,Male,33,No Travel ,Technology,26,3,Computer Science,Data Scientist,43998,No,29-09-2014,No,8,6,7,2,22-05-2022,4,4,3,1,0,2,3,3
DF5F-5ED9,Female,46,No Travel ,Technology,21,1,Computer Science,Analytics Manager,281175,Yes,02-06-2014,No,8,1,2,2,22-05-2022,1,3,4,3,1,2,5,5
4FCD-7D65,Female,24,No Travel ,Technology,26,4,Computer Science,Senior Software Engineer,77358,Yes,30-05-2017,No,5,0,0,4,22-05-2022,3,1,4,1,1,1,3,3
6A09-C910,Male,24,Some Travel,Technology,19,4,Computer Science,Software Engineer,35270,No,16-08-2016,No,6,0,5,2,22-05-2022,4,2,3,2,0,2,3,2
A1AB-EE7C,Female,32,Some Travel,Sales,38,4,Marketing ,Sales Executive,105091,No,17-05-2020,No,2,0,0,1,22-05-2022,4,3,3,3,1,5,4,4
06DE-E772,Male,34,Frequent Traveller,Sales,45,3,Marketing ,Sales Executive,341971,No,02-09-2020,Yes,1,0,0,0,23-05-2022,3,3,4,3,0,2,3,2
0F83-39C1,Female,30,Some Travel,Technology,33,2,Information Systems,Software Engineer,55485,No,25-12-2013,No,9,8,9,2,23-05-2022,4,3,5,2,1,5,4,4
ED49-73D3,Female,28,Some Travel,Sales,18,4,Marketing,Sales Executive,134427,Yes,28-08-2013,No,9,9,9,2,23-05-2022,5,5,4,3,1,4,5,4
9C24-CD7A,Female,45,Some Travel,Technology,13,2,Other,Analytics Manager,349793,No,10-07-2014,No,8,0,8,6,24-05-2022,3,2,2,1,0,4,5,4
C5C2-985F,Male,29,Some Travel,Sales,3,3,Other,Sales Representative,46465,Yes,16-05-2014,Yes,4,3,3,3,14-04-2015,5,2,3,3,3,3,4,4
242A-4FA0,Male,25,Some Travel,Technology,2,4,Computer Science,Software Engineer,73825,Yes,02-11-2016,No,6,1,4,4,24-05-2022,3,3,4,1,0,2,5,5
566A-FC64,Female,27,Some Travel,Sales,4,4,Marketing ,Manager,255718,No,15-10-2016,No,6,0,5,4,24-05-2022,4,4,1,1,3,2,5,4
BE07-BE80,Male,23,Some Travel,Technology,42,4,Computer Science,Software Engineer,28824,Yes,04-07-2020,No,2,2,2,1,24-05-2022,1,4,4,1,2,1,3,2
D91C-815B,Female,22,Frequent Traveller,Sales,26,2,Economics,Sales Representative,42250,Yes,23-05-2018,Yes,4,1,3,2,25-05-2022,3,2,1,3,0,2,4,3
29C2-1A3F,Female,30,Some Travel,Technology,32,3,Information Systems,Senior Software Engineer,158656,No,25-12-2019,Yes,2,1,1,2,25-05-2022,4,1,2,2,0,1,3,3
462E-03DF,Female,45,Some Travel,Technology,20,1,Computer Science,Software Engineer,90264,Yes,19-03-2012,No,10,2,4,4,25-05-2022,2,3,3,3,0,4,3,3
2F98-E645,Female,29,Frequent Traveller,Technology,17,3,Computer Science,Data Scientist,105554,Yes,25-02-2014,Yes,5,2,5,2,26-05-2022,4,2,1,3,0,1,4,3
F469-0427,Female,19,Frequent Traveller,Human Resources,31,4,Marketing ,Recruiter,36832,Yes,20-02-2022,Yes,0,0,0,0,26-05-2022,2,4,4,2,0,3,3,3
4938-402A,Male,24,No Travel ,Sales,6,3,Economics,Manager,135407,No,05-07-2018,No,4,2,4,2,26-05-2022,3,4,2,3,0,3,4,3
3E3B-681D,Male,23,Some Travel,Technology,30,2,Information Systems,Data Scientist,24518,No,25-04-2019,No,3,2,2,3,26-05-2022,3,4,3,3,1,3,5,4
3560-C117,Female,28,Frequent Traveller,Technology,4,3,Computer Science,Data Scientist,65659,Yes,09-05-2012,Yes,2,0,0,0,27-02-2013,4,4,3,3,0,5,4,3
CDFB-6A08,Male,26,Some Travel,Technology,8,4,Other,Software Engineer,22918,Yes,01-05-2016,Yes,0,0,0,0,14-04-2015,3,5,3,3,1,2,4,3
0742-C802,Female,24,Frequent Traveller,Technology,30,4,Information Systems,Senior Software Engineer,66110,Yes,24-07-2019,No,3,2,2,0,27-05-2022,5,4,5,3,3,2,3,2
C08F-94F9,Male,26,Some Travel,Technology,32,3,Information Systems,Software Engineer,40100,Yes,30-07-2015,Yes,0,0,0,0,28-05-2022,4,4,2,3,0,4,3,3
DEBE-1622,Male,28,Frequent Traveller,Technology,22,5,Computer Science,Machine Learning Engineer,205433,No,02-04-2012,Yes,4,1,2,1,28-05-2022,4,4,3,3,1,5,5,5
6965-C170,Female,48,Some Travel,Sales,32,3,Technical Degree,Manager,354336,Yes,18-04-2013,No,9,1,2,9,28-05-2022,3,2,5,3,2,3,5,4
7349-CCE0,Female,32,Some Travel,Technology,7,4,Computer Science,Software Engineer,85568,No,31-07-2013,No,9,7,9,1,28-05-2022,4,3,2,2,0,3,4,3
8FF0-0F7A,Female,26,No Travel ,Technology,18,4,Information Systems,Engineering Manager,153420,Yes,10-08-2015,No,7,5,5,7,29-05-2022,3,3,3,1,1,4,4,3
259B-6C50,Male,27,Some Travel,Sales,27,5,Marketing,Sales Executive,45880,Yes,03-02-2016,No,6,1,4,0,29-05-2022,4,3,2,1,3,3,4,4
6313-8E62,Male,23,Frequent Traveller,Sales,41,1,Marketing ,Sales Representative,26508,Yes,01-05-2020,Yes,1,0,0,0,30-05-2022,4,5,4,2,0,4,4,3
F662-DEA5,Male,38,Some Travel,Technology,18,2,Information Systems,Data Scientist,89362,No,01-03-2013,No,9,3,9,7,30-05-2022,4,5,5,2,1,2,4,4
76ED-1CF5,Male,47,Some Travel,Technology,12,4,Information Systems,Software Engineer,105126,No,21-11-2014,No,8,0,7,1,30-05-2022,4,3,3,2,2,5,4,3
5C03-1009,Female,42,Some Travel,Technology,21,3,Information Systems,Engineering Manager,316208,No,17-01-2012,No,10,8,8,7,14-04-2015,4,2,5,1,1,4,5,4
2FAE-9278,Male,24,Some Travel,Technology,23,5,Computer Science,Senior Software Engineer,92798,Yes,23-05-2016,No,6,4,4,1,30-05-2022,5,4,2,3,1,5,4,3
FC47-1953,Female,25,Frequent Traveller,Technology,15,4,Other,Data Scientist,31931,No,21-04-2016,No,6,1,1,3,30-05-2022,3,4,4,3,2,3,5,5
EFA2-B2D0,Female,21,Some Travel,Technology,2,2,Other,Data Scientist,31254,No,25-08-2019,No,3,0,1,1,30-05-2022,5,4,4,3,0,2,3,2
B3AF-7E58,Female,45,Some Travel,Human Resources,34,2,Human Resources,Recruiter,54132,Yes,20-01-2012,No,10,10,10,10,31-05-2022,3,2,2,3,0,4,3,2
64BA-99F0,Female,43,Some Travel,Technology,14,3,Computer Science,Engineering Manager,309141,No,19-10-2013,No,9,6,6,9,31-05-2022,4,4,5,3,0,5,4,3
8663-3E02,Male,37,Frequent Traveller,Technology,7,4,Information Systems,Analytics Manager,276322,No,26-11-2013,No,9,0,9,1,31-05-2022,4,4,5,3,2,3,3,2
F523-1135,Male,29,Frequent Traveller,Technology,17,2,Computer Science,Machine Learning Engineer,129703,No,25-04-2013,No,9,6,6,3,31-05-2022,3,4,5,2,0,3,3,2
5C87-D7BB,Female,25,Frequent Traveller,Technology,5,4,Computer Science,Software Engineer,67151,Yes,22-04-2017,No,5,4,5,4,31-05-2022,4,5,4,1,0,3,3,3
3A2C-ABB8,Male,25,Some Travel,Technology,5,3,Computer Science,Software Engineer,28646,No,02-07-2015,No,7,6,6,3,01-06-2022,4,4,4,2,0,5,4,3
0C7B-2EA6,Male,34,Frequent Traveller,Technology,25,2,Other,Data Scientist,39015,No,15-09-2013,No,9,5,6,4,02-06-2022,5,3,2,3,0,4,4,4
EE91-1A9C,Male,25,Some Travel,Technology,22,3,Information Systems,Data Scientist,21350,Yes,27-10-2016,Yes,5,3,3,2,15-04-2015,5,2,2,1,0,5,5,5
06E8-4FD4,Female,20,Some Travel,Sales,32,2,Marketing,Sales Representative,38532,Yes,03-12-2022,Yes,0,0,0,0,03-06-2022,5,3,5,2,1,3,3,3
9D7B-9B37,Female,28,Some Travel,Sales,8,3,Marketing,Sales Executive,194964,Yes,04-05-2012,No,10,2,2,8,04-06-2022,3,2,5,2,0,5,3,3
BBE1-D4A5,Male,24,Some Travel,Technology,12,3,Computer Science,Software Engineer,33202,No,30-12-2017,No,5,5,5,4,04-06-2022,4,3,4,1,2,3,3,3
DDBF-9C79,Female,26,Some Travel,Sales,10,4,Marketing,Sales Executive,93246,Yes,25-06-2021,Yes,1,0,0,0,05-06-2022,1,2,3,1,2,2,4,4
6CAD-47F0,Male,39,Some Travel,Technology,33,2,Information Systems,Machine Learning Engineer,99602,No,29-10-2013,No,9,5,8,4,05-06-2022,1,2,2,3,1,3,3,2
CD4D-7BBA,Male,43,Some Travel,Technology,38,4,Computer Science,Software Engineer,155786,Yes,29-07-2013,No,9,0,7,5,05-06-2022,3,1,4,2,0,2,4,3
AFE1-76D3,Male,21,Some Travel,Technology,30,1,Computer Science,Software Engineer,31624,No,08-09-2019,No,3,3,3,2,05-06-2022,3,2,5,3,0,3,5,5
F72A-48DD,Non-Binary,23,Some Travel,Technology,7,1,Information Systems,Data Scientist,27360,No,11-03-2019,No,3,2,3,3,05-06-2022,3,3,2,1,1,3,4,3
A072-D80B,Male,27,Some Travel,Sales,17,5,Marketing,Sales Executive,81294,No,24-02-2020,No,2,2,2,2,05-06-2022,3,5,3,3,2,5,3,2
D3F6-A313,Male,27,Some Travel,Technology,34,4,Computer Science,Software Engineer,50949,No,13-08-2015,No,7,6,7,3,06-06-2022,3,2,3,3,2,4,4,4
7CFC-C4DA,Male,21,Some Travel,Technology,44,2,Other,Data Scientist,32676,Yes,20-04-2022,Yes,0,0,0,0,15-04-2015,3,5,2,3,1,2,4,3
2B70-5A31,Male,25,Some Travel,Technology,17,3,Computer Science,Software Engineer,44082,No,25-07-2017,No,5,1,3,0,06-06-2022,4,5,3,3,1,3,4,3
E8D3-CABA,Male,20,Some Travel,Technology,37,4,Computer Science,Data Scientist,35654,No,27-02-2020,No,2,2,2,1,06-06-2022,3,4,3,2,3,4,5,5
F60C-4888,Female,36,Frequent Traveller,Technology,6,4,Information Systems,Data Scientist,51050,Yes,05-08-2014,No,8,6,7,2,07-06-2022,3,3,4,1,1,3,4,3
0EA5-3A95,Female,25,Some Travel,Technology,22,3,Business Studies,Software Engineer,53271,No,19-11-2017,No,5,5,5,1,07-06-2022,2,2,4,3,1,3,3,2
48B9-8A61,Female,19,Some Travel,Technology,44,4,Computer Science,Machine Learning Engineer,42900,Yes,28-02-2021,No,1,0,1,0,07-06-2022,4,1,4,3,1,3,5,5
801E-9D0E,Male,32,Some Travel,Technology,34,4,Information Systems,Software Engineer,439641,No,20-02-2021,No,1,0,1,1,07-06-2022,4,4,4,2,1,2,3,3
B785-D8F8,Male,32,Some Travel,Technology,36,2,Computer Science,Software Engineer,78672,No,29-04-2012,No,10,6,9,5,08-06-2022,5,2,4,3,1,5,4,3
D584-4E31,Female,35,Some Travel,Human Resources,22,1,Economics,Recruiter,67264,No,22-02-2012,No,10,8,8,2,08-06-2022,5,4,5,2,1,5,4,3
D8F6-DED3,Male,20,Some Travel,Technology,23,1,Computer Science,Software Engineer,26752,Yes,28-01-2020,No,2,0,1,1,08-06-2022,4,2,3,3,0,4,3,2
8A40-C85A,Female,44,Some Travel,Technology,28,3,Information Systems,Software Engineer,53325,Yes,28-02-2012,No,10,4,8,4,09-06-2022,4,4,5,2,0,3,3,2
CF2F-8CA3,Male,45,Some Travel,Sales,20,2,Marketing ,Sales Executive,76693,No,06-02-2012,No,10,2,9,10,15-04-2015,4,2,5,2,0,2,5,5
19C3-DAE4,Male,30,Some Travel,Technology,19,3,Information Systems,Data Scientist,53336,No,11-06-2014,No,8,3,3,7,09-06-2022,4,3,3,3,1,3,4,4
3C73-12A0,Female,22,Some Travel,Technology,6,2,Information Systems,Senior Software Engineer,70766,No,15-02-2020,No,2,0,2,1,09-06-2022,5,2,5,3,2,4,4,4
DC67-3B66,Male,25,Some Travel,Technology,33,3,Information Systems,Software Engineer,24417,No,26-02-2016,No,6,2,6,6,10-06-2022,4,3,4,2,0,5,5,4
76FD-F574,Male,35,Some Travel,Technology,19,4,Computer Science,Machine Learning Engineer,286432,No,03-03-2021,No,1,0,1,0,10-06-2022,3,5,3,3,2,4,5,5
E81C-A653,Female,27,Some Travel,Sales,34,2,Marketing ,Sales Executive,129366,No,17-11-2016,No,6,0,5,0,11-06-2022,5,5,3,1,1,5,3,3
DFDC-286C,Female,22,Some Travel,Technology,13,4,Information Systems,Machine Learning Engineer,64364,No,09-12-2021,Yes,0,0,0,0,12-06-2022,4,2,2,1,1,3,3,3
3E42-57C8,Male,23,Some Travel,Sales,12,3,Marketing,Sales Executive,84985,No,01-05-2020,Yes,1,0,0,0,13-06-2022,3,4,5,1,0,2,3,2
E9B9-3944,Male,42,Some Travel,Technology,5,1,Computer Science,Data Scientist,47461,No,05-05-2012,No,10,4,7,5,13-06-2022,2,2,2,3,0,4,3,2
A91B-7DC5,Female,42,Some Travel,Technology,43,4,Computer Science,Machine Learning Engineer,110069,No,26-12-2013,No,9,3,8,4,13-06-2022,1,2,2,3,2,3,3,2
B967-D6D3,Female,26,No Travel ,Technology,21,3,Computer Science,Data Scientist,26919,No,04-05-2016,No,6,0,5,3,13-06-2022,2,4,3,3,3,3,4,3
7A98-768E,Female,18,Some Travel,Sales,20,3,Technical Degree,Sales Executive,58523,No,25-01-2022,Yes,0,0,0,0,17-04-2015,4,4,3,1,2,4,4,3
648E-FE5F,Male,25,Some Travel,Sales,11,3,Marketing ,Sales Executive,58914,No,11-07-2018,No,4,0,1,0,13-06-2022,4,5,3,2,3,2,5,5
217C-7180,Male,20,Some Travel,Technology,27,1,Business Studies,Data Scientist,27141,No,15-05-2021,No,1,1,1,1,13-06-2022,5,2,5,1,0,5,3,3
5416-F925,Male,43,No Travel ,Technology,14,1,Computer Science,Data Scientist,76331,No,18-06-2014,No,8,2,4,3,14-06-2022,5,5,5,2,3,4,5,5
07C3-7429,Male,26,Some Travel,Technology,18,3,Information Systems,Machine Learning Engineer,54470,No,21-07-2016,No,6,0,6,3,14-06-2022,5,3,3,1,0,3,3,2
16B6-9C29,Female,26,Some Travel,Sales,18,2,Marketing ,Sales Executive,62868,No,09-10-2017,No,5,2,4,0,14-06-2022,5,5,2,1,0,4,3,2
D4BE-786C,Male,24,No Travel ,Sales,3,3,Economics,Sales Executive,128634,No,11-06-2018,No,4,4,4,4,14-06-2022,4,2,5,2,0,2,5,4
AB5F-244C,Male,36,Some Travel,Technology,7,4,Computer Science,Data Scientist,73643,No,14-04-2012,No,10,0,7,9,15-06-2022,1,1,3,1,3,4,3,2
4F64-A0E2,Non-Binary,48,Frequent Traveller,Sales,9,3,Economics,Sales Executive,288450,Yes,24-05-2014,No,8,2,6,4,15-06-2022,1,2,1,3,2,3,3,2
1E61-70EC,Male,46,Some Travel,Technology,11,4,Information Systems,Software Engineer,56608,Yes,31-03-2012,No,10,3,5,9,16-06-2022,1,3,1,1,1,2,4,3
549F-B3E7,Female,41,No Travel ,Sales,34,2,Marketing ,Sales Executive,109747,No,20-07-2013,No,9,8,9,5,16-06-2022,5,3,3,2,1,3,4,3
C3C0-349E,Male,45,Some Travel,Sales,22,4,Marketing ,Sales Executive,270302,No,13-05-2022,Yes,0,0,0,0,17-04-2015,5,2,2,2,0,3,5,4
6FE3-2270,Non-Binary,31,Frequent Traveller,Sales,35,3,Marketing,Sales Executive,115982,No,03-04-2014,No,8,7,7,4,16-06-2022,3,5,5,2,0,4,3,3
22FF-9076,Female,27,Some Travel,Sales,36,3,Technical Degree,Sales Executive,173994,No,23-07-2016,No,6,1,5,6,16-06-2022,5,3,3,2,0,5,4,3
B8A5-07A1,Female,24,Some Travel,Technology,27,4,Other,Data Scientist,33554,No,21-05-2016,No,6,1,2,6,16-06-2022,5,3,5,3,2,5,5,5
C6F6-CDFE,Female,24,Some Travel,Sales,8,4,Marketing,Sales Representative,50513,No,04-08-2018,No,4,0,4,1,16-06-2022,5,4,2,2,0,5,3,3
72D8-2284,Female,20,Some Travel,Technology,41,3,Computer Science,Data Scientist,40701,No,11-10-2020,No,2,1,1,1,16-06-2022,4,2,2,1,1,4,5,4
005C-E0FB,Non-Binary,24,Frequent Traveller,Sales,17,4,Marketing ,Sales Executive,56155,No,26-08-2017,No,5,2,2,0,17-06-2022,3,4,5,3,0,4,4,4
90C4-1053,Female,20,Some Travel,Technology,3,1,Information Systems,Machine Learning Engineer,41342,Yes,16-07-2020,No,2,1,1,2,17-06-2022,3,5,4,2,1,3,3,2
00A3-2445,Male,30,Some Travel,Technology,6,2,Computer Science,Machine Learning Engineer,126238,No,08-03-2012,No,10,3,6,6,18-06-2022,4,5,5,1,2,4,4,4
BDC5-51CF,Female,25,Frequent Traveller,Sales,3,4,Other,Sales Executive,56163,Yes,26-11-2018,Yes,0,0,0,0,20-06-2022,3,2,4,2,0,3,4,3
5468-EEE1,Male,28,No Travel ,Technology,44,2,Computer Science,Senior Software Engineer,218406,No,17-02-2012,No,10,10,10,10,20-06-2022,3,5,4,2,1,2,4,4
5D69-D350,Male,24,Frequent Traveller,Technology,7,3,Information Systems,Data Scientist,104649,No,23-09-2016,Yes,4,4,4,3,18-04-2015,3,2,3,3,2,5,3,3
F2BA-F63A,Male,21,Some Travel,Sales,21,4,Marketing ,Sales Representative,33641,No,20-05-2019,No,3,0,3,1,20-06-2022,3,2,3,2,0,2,3,3
2E72-4BF1,Male,44,Some Travel,Sales,21,3,Marketing,Manager,426142,No,07-02-2012,No,10,4,5,4,21-06-2022,5,4,5,1,0,5,3,2
2937-EB65,Male,24,Some Travel,Sales,16,3,Marketing,Sales Executive,116132,No,20-08-2018,No,4,1,4,1,21-06-2022,4,4,4,2,0,3,4,3
3EB2-9111,Male,48,Some Travel,Technology,26,4,Information Systems,Data Scientist,35749,No,17-05-2012,No,10,7,7,8,22-06-2022,4,2,3,3,0,5,3,2
8822-B9C5,Female,41,Some Travel,Technology,9,3,Computer Science,Machine Learning Engineer,197592,Yes,24-03-2012,No,10,5,10,0,22-06-2022,3,4,2,2,0,4,4,3
5544-4583,Female,41,Some Travel,Sales,42,3,Technical Degree,Sales Executive,142853,No,27-05-2014,No,8,7,8,7,22-06-2022,3,4,2,1,0,4,3,2
9CE9-B0D5,Male,33,Some Travel,Technology,31,1,Information Systems,Data Scientist,60754,No,15-06-2014,No,8,7,8,1,22-06-2022,3,5,4,1,1,2,4,4
23E6-A67A,Non-Binary,19,Some Travel,Technology,25,2,Other,Machine Learning Engineer,50352,Yes,02-01-2021,No,1,1,1,1,22-06-2022,5,5,5,2,1,2,5,4
5000-8203,Female,38,Some Travel,Technology,10,4,Information Systems,Analytics Manager,445906,Yes,13-01-2020,No,2,0,1,2,22-06-2022,3,5,4,2,1,4,4,4
9AAD-D3C1,Female,45,Some Travel,Sales,43,2,Other,Sales Executive,106610,Yes,03-05-2012,No,10,0,7,5,23-06-2022,5,5,5,3,1,2,4,3
4BE1-4A7B,Male,23,Frequent Traveller,Technology,10,3,Information Systems,Software Engineer,44566,Yes,29-01-2020,Yes,1,0,0,0,18-04-2015,3,3,4,2,1,5,3,3
95CB-4E31,Male,28,No Travel ,Technology,4,3,Business Studies,Software Engineer,57837,No,30-06-2015,No,7,3,3,6,23-06-2022,5,2,3,2,1,5,4,4
9BE8-2C44,Male,25,Frequent Traveller,Sales,42,3,Marketing ,Sales Executive,72758,No,12-01-2018,No,4,3,3,3,23-06-2022,3,2,2,1,2,3,4,3
AA67-CB22,Male,26,Some Travel,Technology,4,4,Computer Science,Senior Software Engineer,167509,No,19-05-2015,No,7,6,6,0,24-06-2022,5,5,3,1,3,2,4,4
4CCA-B1E6,Male,43,Some Travel,Sales,39,2,Marketing,Sales Executive,176705,No,05-05-2012,No,10,5,7,7,25-06-2022,3,2,2,3,0,4,4,4
E8F5-C47D,Female,30,Some Travel,Human Resources,19,3,Human Resources,HR Executive,97153,No,25-03-2012,No,10,5,6,9,25-06-2022,4,2,2,3,1,3,3,3
8026-658D,Male,36,Some Travel,Technology,28,3,Information Systems,Machine Learning Engineer,174019,Yes,07-03-2013,No,9,8,9,1,25-06-2022,5,5,4,1,2,3,5,4
F5CC-33FA,Male,25,Some Travel,Sales,30,4,Marketing,Sales Executive,106738,No,02-04-2016,No,6,4,5,2,25-06-2022,2,1,2,1,1,2,5,5
6FA6-DBB9,Female,42,Some Travel,Sales,2,3,Economics,Sales Executive,260021,No,22-03-2021,No,1,1,1,0,25-06-2022,4,2,1,3,1,3,3,3
35D2-818A,Female,26,Frequent Traveller,Technology,16,4,Other,Software Engineer,62602,Yes,24-11-2017,No,5,2,3,2,26-06-2022,2,1,1,1,1,4,5,5
24DD-6D7C,Female,24,Some Travel,Technology,34,3,Computer Science,Machine Learning Engineer,78242,No,07-03-2019,No,3,0,3,2,26-06-2022,3,2,2,3,1,2,4,3
FD3F-5255,Female,45,Some Travel,Technology,2,1,Information Systems,Data Scientist,64795,Yes,03-03-2012,No,10,5,8,10,20-04-2015,3,4,5,1,0,3,5,5
A89C-9A1E,Female,21,Some Travel,Technology,30,3,Business Studies,Data Scientist,56422,No,12-12-2020,No,2,2,2,1,26-06-2022,5,5,3,3,1,2,4,3
C0C7-A3EF,Male,48,No Travel ,Sales,9,5,Economics,Sales Executive,125587,No,12-02-2012,No,10,10,10,4,27-06-2022,3,2,3,3,2,4,5,4
C385-CDBE,Female,36,Some Travel,Technology,41,3,Computer Science,Machine Learning Engineer,218940,Yes,14-05-2012,No,10,6,8,5,27-06-2022,3,4,4,3,3,4,5,5
342B-0932,Male,21,Some Travel,Technology,18,2,Computer Science,Software Engineer,29558,Yes,17-06-2019,No,3,2,3,2,27-06-2022,5,5,5,3,0,4,3,3
2B7A-9C73,Non-Binary,45,Frequent Traveller,Technology,17,4,Computer Science,Machine Learning Engineer,123619,Yes,01-05-2013,No,9,7,9,2,28-06-2022,5,3,4,3,1,2,5,4
E46A-3676,Male,28,Some Travel,Sales,32,4,Marketing,Sales Executive,128222,No,07-11-2015,No,7,6,7,1,28-06-2022,3,2,2,3,0,1,4,3
ABDA-F749,Male,27,Some Travel,Technology,42,3,Other,Machine Learning Engineer,49343,No,16-06-2016,No,6,3,3,0,28-06-2022,2,1,1,2,1,1,4,4
6A0D-9C4D,Male,34,Frequent Traveller,Technology,34,2,Information Systems,Machine Learning Engineer,265922,Yes,06-03-2014,No,8,3,3,5,29-06-2022,1,2,1,1,3,1,5,4
D676-4ECC,Female,44,Some Travel,Technology,13,3,Information Systems,Software Engineer,57296,No,29-11-2014,No,8,5,7,3,29-06-2022,5,3,4,1,0,4,4,4
74F3-DF3D,Female,25,Some Travel,Human Resources,22,2,Economics,HR Executive,49131,No,30-05-2015,No,7,2,6,2,29-06-2022,4,4,5,2,0,2,4,3
596B-33F4,Male,26,Some Travel,Technology,2,3,Computer Science,Data Scientist,30207,Yes,01-09-2016,Yes,5,1,3,0,28-02-2013,3,2,4,3,0,2,4,4
C661-6A1C,Female,25,Frequent Traveller,Technology,24,1,Business Studies,Software Engineer,40314,No,15-09-2016,Yes,3,1,3,3,21-04-2015,3,2,2,1,1,2,3,2
C026-3E38,Male,28,Some Travel,Technology,2,3,Computer Science,Machine Learning Engineer,220234,Yes,26-10-2015,No,7,5,7,1,29-06-2022,5,4,5,2,0,2,5,5
AF11-04C3,Female,27,Some Travel,Sales,19,4,Marketing,Manager,149813,No,30-08-2016,No,6,0,1,1,29-06-2022,4,4,3,3,0,2,3,2
4C88-27A1,Female,21,Some Travel,Technology,38,1,Information Systems,Senior Software Engineer,63049,Yes,01-03-2021,Yes,0,0,0,0,30-06-2022,4,4,3,3,1,5,4,3
5731-90E6,Non-Binary,35,No Travel ,Technology,27,3,Computer Science,Analytics Manager,542695,No,02-03-2012,No,10,5,5,1,30-06-2022,5,2,4,1,1,4,4,4
FBC2-C5FA,Male,44,Some Travel,Technology,4,3,Computer Science,Data Scientist,74172,No,26-11-2013,No,9,8,9,9,30-06-2022,5,5,4,2,2,2,4,4
5E9A-FE30,Female,30,Some Travel,Technology,38,4,Computer Science,Data Scientist,88609,Yes,24-11-2014,No,8,4,4,1,30-06-2022,4,4,3,2,1,2,3,3
E72B-64FA,Male,41,Some Travel,Technology,7,4,Information Systems,Engineering Manager,273211,No,20-10-2018,No,4,3,4,3,30-06-2022,4,2,3,2,3,5,3,2
E480-FF03,Male,22,No Travel ,Technology,13,5,Computer Science,Senior Software Engineer,68629,No,25-03-2019,No,3,1,1,0,30-06-2022,5,2,2,1,2,3,3,3
10C9-925C,Female,22,Some Travel,Technology,40,4,Computer Science,Senior Software Engineer,66266,No,31-01-2021,No,1,0,1,1,30-06-2022,4,4,3,1,2,3,4,4
3747-3110,Male,23,Some Travel,Technology,12,3,Computer Science,Software Engineer,35776,Yes,22-12-2017,No,5,0,3,4,01-07-2022,4,4,3,3,0,5,4,4
9528-AA17,Female,48,Some Travel,Technology,30,3,Information Systems,Software Engineer,72794,No,14-02-2012,No,10,4,5,3,22-04-2015,5,4,2,2,0,3,4,3
F9B6-C80B,Female,43,Some Travel,Technology,10,3,Computer Science,Software Engineer,43211,No,12-05-2012,No,10,2,6,9,02-07-2022,4,4,4,1,0,4,4,4
0AA2-881A,Male,25,Some Travel,Technology,28,4,Information Systems,Software Engineer,29126,No,18-07-2016,No,6,0,2,3,03-07-2022,3,2,3,2,0,4,4,4
A7F8-24EA,Male,24,Some Travel,Technology,35,3,Information Systems,Machine Learning Engineer,128126,Yes,04-04-2017,No,5,0,0,5,03-07-2022,5,2,3,1,2,4,4,4
2F85-AF81,Non-Binary,42,Some Travel,Technology,12,4,Business Studies,Senior Software Engineer,167089,No,24-05-2012,No,10,7,9,8,04-07-2022,4,3,5,3,0,2,5,5
5395-75A1,Male,26,Some Travel,Sales,41,4,Marketing ,Sales Executive,61238,No,11-04-2016,No,6,4,6,3,04-07-2022,5,5,4,3,0,4,3,3
5919-4ADE,Female,24,Some Travel,Technology,11,3,Computer Science,Senior Software Engineer,65486,No,14-08-2018,No,4,4,4,0,04-07-2022,4,4,5,2,1,4,3,2
68C4-272C,Female,21,No Travel ,Technology,22,2,Other,Software Engineer,25208,Yes,19-07-2019,No,3,0,0,1,04-07-2022,3,4,5,3,0,2,4,3
CF5D-0E32,Male,21,Frequent Traveller,Technology,36,3,Computer Science,Software Engineer,22462,Yes,24-01-2019,No,3,2,2,3,04-07-2022,5,4,4,3,1,5,4,3
427A-8C69,Male,32,Some Travel,Technology,15,3,Other,Analytics Manager,393294,No,04-02-2012,No,10,2,2,2,05-07-2022,4,3,2,1,1,3,3,2
C389-FC34,Female,27,Some Travel,Technology,45,3,Business Studies,Software Engineer,28828,No,09-07-2016,No,6,1,6,4,05-07-2022,4,3,3,3,0,5,3,2
4188-C61D,Female,22,No Travel ,Technology,27,1,Information Systems,Data Scientist,23039,No,08-03-2018,Yes,0,0,0,0,23-04-2015,3,2,5,3,2,5,5,4
ABB0-9B03,Female,21,Some Travel,Technology,44,4,Computer Science,Software Engineer,46366,No,16-05-2019,No,3,0,3,0,05-07-2022,4,4,5,2,2,4,4,3
781F-6C21,Male,43,Frequent Traveller,Sales,21,3,Marketing ,Manager,327587,Yes,25-02-2020,No,2,1,1,1,06-07-2022,5,5,4,3,1,5,5,4
8B79-18F1,Female,20,Some Travel,Technology,39,4,Information Systems,Software Engineer,37436,Yes,14-03-2021,Yes,0,0,0,0,07-07-2022,4,3,5,1,0,3,5,4
AF58-5D1B,Female,36,Some Travel,Technology,35,2,Computer Science,Software Engineer,60585,No,05-02-2013,No,9,0,7,9,07-07-2022,3,2,4,2,0,4,3,2
0E79-8257,Male,25,Frequent Traveller,Technology,35,2,Information Systems,Data Scientist,28139,No,23-05-2016,No,6,1,1,5,07-07-2022,5,3,2,1,1,4,4,3
03D9-FF08,Non-Binary,22,Some Travel,Technology,30,4,Other,Software Engineer,44135,No,15-05-2020,No,2,0,1,1,07-07-2022,3,5,3,3,0,5,4,3
0FC8-561B,Male,29,Frequent Traveller,Technology,14,3,Computer Science,Senior Software Engineer,93591,No,22-02-2012,No,10,4,10,3,08-07-2022,4,5,2,2,3,5,4,4
7B98-EA6F,Male,44,Some Travel,Technology,23,3,Information Systems,Data Scientist,108623,No,13-05-2012,No,10,3,3,8,08-07-2022,3,4,5,3,2,5,5,4
380F-A08A,Female,32,Frequent Traveller,Sales,22,3,Marketing,Sales Executive,142488,No,22-11-2014,No,8,0,6,7,08-07-2022,3,3,4,2,1,5,4,3
58FA-C451,Non-Binary,48,Some Travel,Technology,26,1,Information Systems,Software Engineer,42008,No,24-03-2014,No,8,7,7,0,08-07-2022,3,2,2,1,0,4,3,2
DFE3-6FA7,Female,43,Frequent Traveller,Sales,5,3,Marketing ,Sales Executive,350525,Yes,27-05-2012,Yes,9,3,9,6,23-04-2015,4,2,4,1,2,3,3,2
90EB-28D4,Female,24,Frequent Traveller,Sales,29,1,Economics,Sales Representative,26608,No,12-09-2017,No,5,0,3,1,08-07-2022,3,2,3,3,1,3,3,2
E268-61EB,Female,21,Some Travel,Technology,39,4,Computer Science,Software Engineer,54130,Yes,06-02-2019,Yes,2,1,1,2,09-07-2022,4,2,3,2,2,2,5,4
132B-F2B2,Female,35,Some Travel,Technology,36,4,Computer Science,Software Engineer,59086,Yes,04-03-2012,No,10,2,8,4,09-07-2022,3,4,5,1,1,5,3,2
A2B5-823F,Non-Binary,44,Some Travel,Technology,32,3,Computer Science,Machine Learning Engineer,257978,Yes,02-05-2013,No,9,2,4,1,09-07-2022,3,4,5,3,0,3,5,5
9BC9-1288,Female,27,Some Travel,Sales,4,1,Economics,Sales Executive,45046,Yes,03-04-2015,No,7,6,7,0,09-07-2022,4,2,3,2,0,2,4,3
BDE5-385A,Male,26,Some Travel,Technology,39,3,Information Systems,Software Engineer,60494,Yes,22-08-2015,No,7,7,7,7,09-07-2022,2,4,1,3,1,3,5,5
1D74-2661,Male,23,Frequent Traveller,Technology,34,3,Computer Science,Software Engineer,43009,No,24-07-2019,No,3,2,2,1,09-07-2022,4,2,3,1,2,4,5,5
0FEB-B474,Male,44,Some Travel,Sales,35,3,Marketing ,Sales Executive,223619,No,24-04-2020,No,2,0,2,1,09-07-2022,5,5,5,2,0,5,3,2
6345-2F33,Non-Binary,46,Some Travel,Technology,36,2,Computer Science,Machine Learning Engineer,102964,No,17-03-2012,No,10,10,10,2,10-07-2022,5,2,4,1,0,4,4,3
9900-1159,Female,28,Frequent Traveller,Sales,40,5,Marketing ,Sales Executive,215327,No,13-04-2014,No,8,1,6,8,10-07-2022,4,2,4,1,1,5,3,2
D24B-5AC8,Male,24,Some Travel,Technology,45,4,Information Systems,Data Scientist,38022,No,14-07-2017,No,5,5,5,1,23-04-2015,3,3,3,1,0,5,3,3
6AD1-5EE8,Female,24,Some Travel,Technology,12,3,Information Systems,Data Scientist,47183,No,04-10-2016,No,6,6,6,6,10-07-2022,5,2,2,1,0,5,4,3
ACA5-348E,Male,22,Some Travel,Technology,8,3,Computer Science,Software Engineer,26158,No,18-06-2019,No,3,0,3,1,10-07-2022,4,5,5,3,0,3,4,4
4846-2EC2,Female,26,Some Travel,Technology,31,2,Information Systems,Software Engineer,56187,No,26-05-2020,No,2,2,2,2,10-07-2022,3,5,5,2,1,2,4,4
991F-BAF4,Non-Binary,33,Some Travel,Technology,4,2,Information Systems,Analytics Manager,350024,No,04-11-2020,No,2,1,2,0,10-07-2022,5,3,5,1,1,4,3,2
DCD4-C785,Female,30,Some Travel,Sales,24,4,Marketing ,Sales Representative,38382,Yes,02-10-2014,No,8,7,8,0,11-07-2022,5,4,2,3,1,3,4,3
1A38-1D62,Female,24,Some Travel,Technology,21,3,Information Systems,Data Scientist,36862,Yes,29-03-2018,No,4,2,4,0,11-07-2022,4,5,5,2,1,4,5,5
874D-5D4C,Male,40,No Travel ,Technology,31,4,Computer Science,Analytics Manager,456418,No,09-03-2020,No,2,0,2,2,11-07-2022,4,3,2,1,1,2,4,3
8583-9174,Female,46,Frequent Traveller,Technology,16,2,Computer Science,Software Engineer,100717,Yes,30-01-2013,No,9,5,9,7,12-07-2022,5,4,4,2,1,2,5,4
29F6-C6CA,Female,35,Frequent Traveller,Sales,43,2,Economics,Sales Representative,46112,No,11-04-2014,No,8,6,7,2,12-07-2022,3,4,2,3,0,3,5,4
4CD7-B91C,Male,21,Some Travel,Technology,43,2,Computer Science,Machine Learning Engineer,71698,No,05-06-2019,No,3,0,3,3,12-07-2022,5,3,2,2,2,5,5,5
49B2-0364,Male,45,Frequent Traveller,Sales,1,3,Marketing ,Sales Representative,70487,No,09-05-2012,No,10,0,7,3,24-04-2015,5,5,4,2,1,2,3,3
5293-AC5C,Male,44,Some Travel,Sales,27,3,Economics,Sales Executive,101906,No,15-03-2014,No,8,3,4,7,13-07-2022,5,3,3,3,1,3,4,3
F961-5A03,Female,27,No Travel ,Technology,12,1,Computer Science,Machine Learning Engineer,105398,No,31-07-2015,No,7,1,7,4,13-07-2022,4,4,4,2,0,4,3,2
1243-8B63,Male,26,Some Travel,Technology,17,4,Business Studies,Senior Software Engineer,110761,No,18-12-2017,No,5,0,5,3,13-07-2022,5,3,2,1,1,5,4,4
E324-1C33,Female,38,Some Travel,Sales,9,4,Economics,Sales Executive,114713,No,17-12-2013,No,9,0,0,1,14-07-2022,5,5,3,1,0,5,5,5
2A20-28CD,Female,38,Frequent Traveller,Technology,2,4,Computer Science,Data Scientist,58828,No,11-08-2014,No,8,7,8,0,14-07-2022,4,4,4,1,0,2,4,3
D906-B674,Female,42,No Travel ,Technology,45,3,Information Systems,Engineering Manager,259284,No,09-01-2012,No,10,2,6,6,16-07-2022,3,5,3,3,3,2,5,4
CCAB-4B80,Male,44,Some Travel,Technology,29,3,Information Systems,Analytics Manager,304520,Yes,20-03-2014,No,8,2,2,4,16-07-2022,3,4,5,2,2,4,3,3
DFA2-1B8F,Male,28,Some Travel,Sales,10,1,Marketing ,Sales Executive,83864,No,21-10-2015,No,7,7,7,5,16-07-2022,5,4,3,1,2,2,5,5
656C-09EA,Female,24,Some Travel,Technology,20,3,Information Systems,Senior Software Engineer,52850,No,20-01-2019,No,3,3,3,0,16-07-2022,3,5,3,1,2,5,4,4
D8FC-E2F7,Female,22,Some Travel,Sales,10,3,Economics,Sales Representative,36980,Yes,01-12-2021,Yes,0,0,0,0,17-07-2022,4,2,3,1,1,3,4,4
51A4-EA6E,Non-Binary,46,Some Travel,Sales,17,3,Marketing ,Sales Executive,223874,No,19-07-2021,Yes,1,0,0,0,25-04-2015,5,3,2,2,0,2,3,2
F0C3-4859,Non-Binary,21,Some Travel,Technology,37,3,Information Systems,Software Engineer,41476,Yes,03-03-2020,Yes,0,0,0,0,17-07-2022,4,5,3,2,1,4,4,3
F4A3-2126,Male,24,Some Travel,Sales,16,2,Marketing,Sales Representative,29128,Yes,31-07-2019,Yes,0,0,0,0,17-07-2022,4,1,3,1,1,1,4,4
13FA-3559,Female,38,Some Travel,Sales,13,3,Marketing,Sales Executive,240248,Yes,14-12-2014,No,8,4,8,0,17-07-2022,4,4,2,3,1,1,4,4
D926-DED9,Male,40,Some Travel,Technology,39,2,Computer Science,Analytics Manager,409998,No,14-04-2014,No,8,3,6,3,17-07-2022,3,4,1,3,0,4,4,4
F83C-CA1D,Male,21,Some Travel,Technology,16,1,Information Systems,Software Engineer,22515,Yes,05-12-2019,Yes,1,0,0,0,18-07-2022,4,4,5,3,2,2,3,3
C0BE-FED0,Male,40,Some Travel,Sales,35,2,Marketing,Sales Representative,63455,Yes,26-01-2012,No,10,4,8,7,18-07-2022,3,2,4,1,0,3,5,4
307F-9BFA,Female,43,Some Travel,Technology,21,2,Computer Science,Software Engineer,94499,No,22-06-2013,No,9,0,1,7,18-07-2022,3,3,4,3,0,2,3,2
F8D4-3CAB,Non-Binary,23,Some Travel,Human Resources,45,3,Marketing ,HR Executive,99052,No,25-05-2018,No,4,3,4,2,18-07-2022,3,4,4,2,0,4,4,4
AA87-13D8,Female,32,Frequent Traveller,Technology,15,2,Information Systems,Data Scientist,44388,No,10-10-2013,No,9,8,9,8,19-07-2022,4,3,3,1,2,3,5,4
806F-B986,Female,24,Some Travel,Technology,26,2,Information Systems,Machine Learning Engineer,93490,Yes,24-11-2016,No,6,4,5,6,19-07-2022,2,4,2,2,0,4,3,2
A4A4-F49C,Male,34,Some Travel,Technology,40,3,Computer Science,Senior Software Engineer,97542,No,06-05-2012,No,10,10,10,7,25-04-2015,3,4,4,2,2,3,4,3
AE33-DDE7,Male,25,Some Travel,Technology,26,3,Information Systems,Senior Software Engineer,85412,No,23-02-2016,No,6,0,5,6,19-07-2022,5,3,2,3,1,4,4,4
D5B3-425C,Male,26,Some Travel,Sales,7,3,Marketing ,Sales Representative,36101,No,30-06-2016,No,6,6,6,6,19-07-2022,3,5,4,3,1,3,3,3
5B0B-B105,Male,35,Some Travel,Sales,30,2,Marketing ,Manager,360384,No,04-07-2020,No,2,2,2,2,19-07-2022,3,3,2,3,1,3,3,2
AA3A-EC19,Male,38,Some Travel,Technology,45,2,Information Systems,Engineering Manager,439935,Yes,22-06-2021,No,1,1,1,1,19-07-2022,4,5,2,1,1,5,3,3
95D8-5DC7,Male,48,Some Travel,Technology,19,5,Computer Science,Engineering Manager,241907,No,07-07-2014,No,8,3,3,0,20-07-2022,4,2,4,2,1,3,4,3
B5C6-F8D5,Prefer Not To Say,40,Some Travel,Technology,29,2,Business Studies,Analytics Manager,295688,No,05-08-2014,No,8,1,5,8,20-07-2022,5,4,3,1,0,5,4,4
E8EF-FA89,Male,24,Some Travel,Technology,33,3,Computer Science,Machine Learning Engineer,81974,No,12-04-2019,No,3,1,1,1,20-07-2022,5,2,2,1,0,5,3,3
4316-C080,Male,34,No Travel ,Technology,25,1,Computer Science,Senior Software Engineer,238630,No,05-08-2013,No,9,0,3,6,21-07-2022,5,4,5,1,0,3,3,2
437C-4AD0,Male,40,Frequent Traveller,Technology,2,4,Computer Science,Analytics Manager,260835,No,14-05-2020,No,2,1,2,0,21-07-2022,3,2,4,3,2,5,3,3
6E64-8D30,Female,32,Some Travel,Sales,42,3,Marketing,Sales Executive,108213,No,10-03-2014,No,8,6,6,4,22-07-2022,5,2,2,3,0,2,5,5
BAF9-933D,Male,41,Some Travel,Human Resources,36,3,Human Resources,HR Executive,131047,No,23-12-2014,No,8,4,4,7,25-04-2015,4,5,4,3,0,3,4,4
F20A-F424,Female,27,Frequent Traveller,Technology,4,3,Other,Data Scientist,27550,No,09-02-2016,No,6,6,6,5,22-07-2022,3,5,4,1,1,5,3,3
DEB9-1BBF,Female,30,Some Travel,Technology,32,4,Computer Science,Software Engineer,155259,No,10-11-2014,No,8,3,5,6,23-07-2022,5,3,3,1,0,5,3,3
B59D-CA4C,Male,28,Some Travel,Sales,45,2,Marketing,Sales Executive,110057,No,14-08-2015,No,7,5,5,4,23-07-2022,5,4,4,1,1,2,5,5
3653-D544,Female,25,Frequent Traveller,Sales,21,2,Technical Degree,Sales Executive,91332,No,03-01-2018,No,4,3,3,3,23-07-2022,5,3,3,3,0,3,3,2
E73A-F20A,Male,33,Frequent Traveller,Technology,30,2,Computer Science,Machine Learning Engineer,200350,No,22-10-2017,No,5,3,5,0,23-07-2022,4,4,5,2,0,4,4,4
9DB2-76B3,Male,41,Some Travel,Sales,17,3,Economics,Sales Executive,116966,No,04-03-2012,No,10,4,10,7,24-07-2022,3,5,3,2,2,2,3,2
D565-284D,Female,47,Frequent Traveller,Sales,21,3,Economics,Sales Executive,65626,No,27-01-2012,No,10,2,5,1,24-07-2022,3,5,5,2,0,5,3,2
205B-4D34,Male,41,Frequent Traveller,Human Resources,39,1,Human Resources,HR Executive,79990,No,29-06-2014,No,8,5,5,8,24-07-2022,4,3,3,1,1,4,5,5
4673-EBEC,Male,28,Some Travel,Sales,24,2,Marketing ,Sales Executive,78735,No,23-07-2015,No,7,0,2,4,24-07-2022,4,3,4,2,3,5,3,3
D6BB-FEDF,Male,28,Frequent Traveller,Technology,40,5,Information Systems,Data Scientist,109172,Yes,19-11-2015,No,7,1,3,1,24-07-2022,5,4,5,1,2,5,3,2
1147-7E2F,Male,22,Some Travel,Technology,23,3,Computer Science,Data Scientist,37021,No,15-07-2018,Yes,3,0,1,2,26-04-2015,5,5,2,3,1,2,4,4
C77A-2348,Male,26,Some Travel,Technology,15,1,Information Systems,Software Engineer,45085,No,17-03-2017,No,5,2,4,2,25-07-2022,4,5,5,2,0,5,5,5
7AA0-5766,Female,22,Frequent Traveller,Technology,28,4,Computer Science,Data Scientist,63571,No,28-12-2021,Yes,0,0,0,0,26-07-2022,5,4,2,3,0,5,3,3
6F50-08B6,Male,25,Frequent Traveller,Sales,25,1,Marketing ,Sales Executive,57030,No,20-03-2015,No,7,5,7,6,26-07-2022,5,3,2,3,3,4,5,5
F3A3-10CE,Male,40,Some Travel,Sales,37,4,Marketing,Sales Executive,226512,Yes,08-10-2020,Yes,2,1,1,1,27-07-2022,3,5,3,2,1,5,3,3
09D2-46BD,Female,26,Some Travel,Sales,42,3,Marketing,Sales Executive,92364,Yes,12-07-2016,No,6,4,5,6,27-07-2022,5,5,3,1,1,4,4,3
CBCB-9C9D,Male,38,Some Travel,Sales,23,4,Marketing,Sales Executive,157718,Yes,04-01-2012,No,10,6,10,0,29-07-2022,3,4,4,3,0,2,5,4
1217-CE30,Female,45,Some Travel,Sales,34,3,Marketing,Sales Executive,173037,No,26-03-2013,No,9,4,9,3,29-07-2022,3,2,5,3,1,5,5,4
9DB1-8C59,Male,44,Some Travel,Technology,5,3,Business Studies,Software Engineer,48994,No,09-05-2014,No,8,7,7,3,29-07-2022,4,5,2,2,1,2,4,4
AD8F-7539,Female,28,Some Travel,Sales,44,3,Economics,Sales Executive,304858,Yes,01-11-2015,No,7,5,7,2,29-07-2022,5,5,4,3,0,2,4,3
D825-CC31,Female,25,Some Travel,Technology,5,3,Computer Science,Machine Learning Engineer,44082,No,24-05-2015,No,7,3,4,2,30-07-2022,3,3,4,3,0,3,3,3
00D4-DD53,Female,30,Frequent Traveller,Technology,44,1,Computer Science,Software Engineer,68508,Yes,28-01-2012,Yes,5,4,4,4,01-03-2013,3,3,4,1,1,3,3,2
4E65-CCD0,Non-Binary,26,Some Travel,Technology,16,1,Computer Science,Senior Software Engineer,54746,Yes,27-01-2015,No,7,2,4,4,27-04-2015,3,3,3,1,3,5,4,3
1E2C-A267,Male,23,Some Travel,Sales,1,2,Other,Sales Executive,65489,No,12-07-2020,No,2,0,1,1,30-07-2022,5,5,4,1,0,3,3,3
7A8C-2DD3,Female,30,Some Travel,Sales,35,3,Other,Sales Executive,160352,No,18-10-2013,No,9,0,5,4,31-07-2022,4,2,2,2,0,5,5,4
5802-2A7E,Prefer Not To Say,27,Some Travel,Technology,37,3,Information Systems,Analytics Manager,130012,No,25-07-2016,No,6,6,6,0,31-07-2022,3,2,5,3,1,2,5,4
4C99-E626,Female,25,No Travel ,Technology,11,3,Computer Science,Data Scientist,96779,No,14-05-2018,No,4,0,0,3,31-07-2022,3,4,3,3,1,5,4,4
6EEF-5B17,Non-Binary,28,Some Travel,Technology,1,2,Business Studies,Engineering Manager,339731,No,14-07-2015,No,7,5,7,0,02-08-2022,4,4,3,1,1,4,3,3
CE90-763C,Female,27,Frequent Traveller,Technology,40,3,Information Systems,Data Scientist,31672,No,02-08-2015,No,7,1,3,6,02-08-2022,3,3,4,1,0,3,3,2
D9AE-B32C,Female,22,Some Travel,Technology,7,1,Computer Science,Software Engineer,28359,No,23-02-2020,No,2,1,2,1,02-08-2022,4,2,4,2,1,4,4,4
66BC-7AC0,Male,22,Frequent Traveller,Sales,33,3,Marketing,Sales Representative,33657,No,23-07-2018,Yes,3,0,2,0,03-08-2022,3,3,5,1,2,5,4,4
55D6-1423,Male,43,No Travel ,Technology,15,2,Other,Machine Learning Engineer,76826,No,14-04-2012,No,10,9,9,7,03-08-2022,5,2,5,2,1,3,3,2
ED73-F078,Female,45,Frequent Traveller,Technology,19,1,Computer Science,Software Engineer,136521,No,18-01-2012,No,10,3,6,1,03-08-2022,4,5,4,1,2,5,5,4
7EEF-9A90,Female,23,Some Travel,Sales,18,4,Technical Degree,Sales Executive,83677,Yes,10-07-2017,No,5,0,5,3,27-04-2015,5,3,3,2,0,5,5,4
AF77-0F6B,Female,36,Some Travel,Technology,21,4,Computer Science,Software Engineer,57327,No,24-04-2014,No,8,5,8,4,03-08-2022,5,2,4,2,0,4,5,4
7486-A1B6,Male,23,Some Travel,Technology,25,2,Information Systems,Data Scientist,50570,No,01-03-2017,No,5,2,3,2,03-08-2022,3,2,5,2,1,4,5,5
95E0-CCA0,Male,24,Some Travel,Technology,2,2,Business Studies,Software Engineer,32313,No,14-07-2019,No,3,1,1,2,03-08-2022,5,2,5,1,0,2,3,3
F126-8059,Male,23,Some Travel,Sales,23,4,Marketing,Sales Executive,53590,No,13-10-2020,No,2,0,2,0,04-08-2022,3,4,2,1,1,3,4,3
67D7-9785,Female,38,Frequent Traveller,Technology,6,3,Information Systems,Senior Software Engineer,126515,No,27-02-2013,No,9,7,9,4,05-08-2022,1,3,3,1,3,2,3,3
BFE7-5EA8,Non-Binary,41,Frequent Traveller,Sales,3,3,Marketing ,Sales Executive,248987,No,19-07-2013,No,9,5,9,5,05-08-2022,3,3,2,2,2,5,4,3
8EAF-4F79,Female,27,Frequent Traveller,Technology,20,3,Information Systems,Senior Software Engineer,167879,Yes,15-10-2016,No,6,6,6,3,05-08-2022,5,3,5,2,1,4,4,4
2C0F-AAE2,Non-Binary,35,Some Travel,Technology,19,2,Information Systems,Senior Software Engineer,187372,Yes,16-05-2019,No,3,1,1,2,05-08-2022,5,4,2,2,1,2,3,3
4A0E-3728,Female,28,No Travel ,Human Resources,4,5,Economics,HR Executive,152909,No,15-02-2019,No,3,1,3,2,05-08-2022,3,4,2,1,1,5,3,2
84AD-D566,Female,22,Some Travel,Technology,16,3,Business Studies,Software Engineer,30838,No,16-02-2018,No,4,4,4,0,06-08-2022,3,5,4,1,1,5,4,3
1AC8-361F,Male,26,Some Travel,Sales,22,1,Marketing ,Sales Executive,87142,No,11-11-2015,Yes,2,1,1,0,29-04-2015,5,2,2,3,0,4,5,5
3EDA-3BDE,Male,31,Some Travel,Technology,19,1,Information Systems,Engineering Manager,371727,No,09-04-2019,No,3,2,3,2,07-08-2022,3,3,5,3,1,3,3,2
5B0E-31FB,Male,37,Some Travel,Technology,22,2,Information Systems,Software Engineer,45927,No,26-08-2013,No,9,5,6,6,08-08-2022,3,4,2,3,2,4,3,2
A1DB-6C34,Female,27,Some Travel,Technology,13,4,Computer Science,Machine Learning Engineer,77039,No,18-06-2015,No,7,3,6,0,08-08-2022,4,3,3,3,1,2,5,5
6925-864E,Female,25,No Travel ,Technology,30,2,Computer Science,Senior Software Engineer,43644,No,02-06-2017,No,5,3,3,5,08-08-2022,3,5,4,1,2,4,5,5
2B08-7D3D,Male,45,Some Travel,Sales,19,4,Marketing ,Sales Representative,47326,No,29-02-2012,No,10,10,10,10,09-08-2022,4,4,2,1,2,2,4,3
8182-6AE6,Female,25,Some Travel,Sales,32,2,Marketing ,Sales Executive,82357,Yes,03-02-2020,No,2,2,2,2,09-08-2022,4,5,2,2,0,3,3,2
2EF6-8D96,Female,24,Some Travel,Technology,12,4,Information Systems,Software Engineer,22965,No,12-06-2018,No,4,4,4,4,10-08-2022,3,2,3,3,2,5,3,3
5642-6F1E,Non-Binary,26,No Travel ,Sales,18,2,Economics,Sales Executive,65194,No,22-08-2017,No,5,3,4,5,10-08-2022,4,5,3,3,0,5,4,3
9825-45EF,Non-Binary,36,No Travel ,Sales,31,2,Economics,Sales Representative,56937,No,17-04-2013,No,9,5,8,2,11-08-2022,5,2,2,3,0,2,3,3
69EC-7B13,Female,27,Some Travel,Sales,1,2,Technical Degree,Sales Representative,62496,No,27-10-2015,No,7,6,6,1,11-08-2022,4,2,4,3,1,4,3,3
D93A-CC98,Female,24,Some Travel,Sales,27,4,Marketing,Sales Executive,208684,Yes,06-03-2018,Yes,2,0,0,0,29-04-2015,5,4,2,2,2,2,5,4
4294-03D1,Female,43,Some Travel,Sales,12,4,Marketing ,Manager,513262,No,30-06-2016,No,6,1,3,1,11-08-2022,4,4,2,2,3,4,3,2
0172-B5D2,Female,27,Some Travel,Technology,28,4,Computer Science,Machine Learning Engineer,93291,No,11-09-2020,No,2,1,2,1,11-08-2022,3,2,4,3,3,4,4,3
040C-EDED,Male,22,Frequent Traveller,Technology,45,2,Computer Science,Software Engineer,26782,Yes,08-11-2019,Yes,3,0,2,0,12-08-2022,5,3,3,3,2,2,3,2
46ED-4007,Male,34,Frequent Traveller,Sales,40,3,Economics,Sales Executive,140097,No,27-09-2013,No,9,2,8,6,12-08-2022,5,5,5,3,0,2,4,3
9811-F345,Male,42,Some Travel,Technology,40,4,Computer Science,Data Scientist,142075,No,15-08-2013,No,9,9,9,4,12-08-2022,3,2,2,3,0,3,4,4
106F-F7C7,Female,25,Some Travel,Technology,13,1,Information Systems,Analytics Manager,168483,Yes,20-01-2018,No,4,2,3,1,12-08-2022,3,3,5,1,0,4,5,5
682D-8FD8,Female,25,Some Travel,Technology,37,2,Information Systems,Engineering Manager,188516,No,20-07-2018,No,4,1,3,1,12-08-2022,5,3,2,3,1,3,4,3
AFA8-5058,Male,20,Some Travel,Human Resources,8,4,Human Resources,Recruiter,26186,Yes,06-03-2020,Yes,2,0,0,0,13-08-2022,2,1,4,1,1,3,3,2
04D7-C8F3,Female,26,Some Travel,Technology,27,2,Computer Science,Data Scientist,42052,No,26-10-2015,No,7,7,7,2,13-08-2022,1,1,3,3,2,4,4,4
6B20-FFDF,Female,24,No Travel ,Sales,39,2,Marketing,Sales Executive,151986,Yes,09-07-2016,No,6,5,6,3,13-08-2022,4,3,5,3,2,5,5,4
C79A-E5E1,Female,32,Frequent Traveller,Technology,13,1,Computer Science,Data Scientist,48835,Yes,17-02-2012,Yes,8,5,7,0,30-04-2015,3,5,5,2,1,2,3,2
9283-E971,Female,40,Frequent Traveller,Sales,30,4,Marketing ,Sales Executive,250555,Yes,19-03-2018,No,4,4,4,2,13-08-2022,5,4,4,1,1,4,5,4
D7C2-EAA5,Female,23,Frequent Traveller,Technology,16,4,Computer Science,Machine Learning Engineer,67558,No,31-03-2018,No,4,1,1,1,13-08-2022,3,3,4,2,0,5,5,4
FE0F-498F,Female,22,Some Travel,Technology,36,3,Other,Data Scientist,57686,No,23-05-2018,No,4,2,4,1,13-08-2022,5,5,3,1,1,4,4,4
D13E-E661,Male,36,Some Travel,Sales,38,2,Marketing,Sales Executive,298558,Yes,12-04-2013,No,9,4,4,7,14-08-2022,3,3,2,1,2,3,3,2
2A89-93B6,Female,24,Some Travel,Technology,13,4,Computer Science,Data Scientist,30117,No,21-08-2018,Yes,3,1,1,2,15-08-2022,3,4,2,1,1,5,5,4
41DC-E8B5,Male,47,Some Travel,Sales,17,3,Other,Sales Executive,106840,No,06-12-2014,No,8,3,4,8,15-08-2022,4,5,4,3,2,3,5,5
CA75-94D1,Male,41,Some Travel,Technology,16,2,Computer Science,Data Scientist,45989,No,17-06-2014,No,8,4,8,4,15-08-2022,3,4,4,3,2,3,3,3
6D3B-AD28,Female,25,Frequent Traveller,Sales,33,3,Marketing,Sales Executive,94810,No,18-01-2017,No,5,0,0,3,15-08-2022,4,2,2,3,2,4,5,5
AE51-5502,Male,23,Some Travel,Technology,19,4,Business Studies,Data Scientist,25986,No,08-02-2017,No,5,4,4,3,15-08-2022,4,3,2,1,1,2,5,4
6376-F58F,Female,22,Some Travel,Technology,4,2,Computer Science,Senior Software Engineer,73653,No,19-12-2018,No,4,2,3,3,15-08-2022,4,4,3,3,2,3,3,3
A1B4-5481,Male,25,Some Travel,Sales,37,3,Economics,Sales Executive,79329,No,22-07-2016,Yes,1,1,1,1,01-05-2015,3,3,2,1,2,4,5,4
37EE-004B,Female,22,Some Travel,Technology,29,3,Information Systems,Data Scientist,28790,No,09-01-2019,Yes,3,1,1,2,16-08-2022,4,5,2,1,1,5,5,4
52DD-757F,Female,48,No Travel ,Technology,40,2,Information Systems,Machine Learning Engineer,92884,No,30-05-2012,No,10,5,9,2,16-08-2022,4,3,5,3,1,5,3,2
81F1-950F,Female,25,Some Travel,Technology,26,4,Computer Science,Analytics Manager,174400,No,28-04-2018,No,4,0,2,4,16-08-2022,5,2,4,3,1,2,4,3
B76C-D9CE,Female,22,Some Travel,Human Resources,7,2,Economics,Recruiter,29322,Yes,31-01-2021,Yes,1,0,0,0,17-08-2022,3,2,5,1,0,3,3,2
DF11-9C46,Female,32,Some Travel,Technology,2,2,Computer Science,Software Engineer,152314,Yes,30-03-2013,No,9,4,6,0,17-08-2022,4,5,5,2,0,5,5,4
CDC1-C7CA,Female,25,Frequent Traveller,Sales,6,3,Marketing,Sales Executive,102569,No,12-09-2015,No,7,1,2,5,17-08-2022,3,3,5,2,3,3,4,3
D75C-3E43,Male,25,Some Travel,Technology,24,4,Other,Engineering Manager,204154,Yes,21-12-2017,No,5,2,3,0,17-08-2022,3,5,5,3,2,5,3,2
0A4E-1A4A,Male,22,No Travel ,Sales,14,3,Technical Degree,Sales Executive,53014,Yes,04-02-2019,No,3,3,3,0,17-08-2022,4,4,3,1,2,3,4,4
79C5-FE9D,Non-Binary,28,Some Travel,Technology,5,3,Information Systems,Machine Learning Engineer,140377,Yes,02-06-2015,No,7,2,7,5,18-08-2022,3,3,2,3,2,2,5,4
C7C8-43D9,Female,27,Some Travel,Technology,25,4,Information Systems,Data Scientist,24571,No,17-04-2016,No,6,5,5,6,19-08-2022,4,2,5,3,0,5,5,5
D49C-096C,Non-Binary,26,No Travel ,Sales,10,2,Economics,Sales Executive,55537,No,16-03-2014,Yes,4,1,1,1,01-05-2015,5,5,4,3,1,5,3,3
F877-3BF9,Non-Binary,21,Frequent Traveller,Technology,29,4,Information Systems,Software Engineer,61345,No,07-08-2020,Yes,1,0,0,0,20-08-2022,3,3,5,3,1,5,3,2
2962-039F,Female,47,Some Travel,Technology,5,5,Information Systems,Data Scientist,133616,Yes,06-04-2012,No,10,9,9,0,20-08-2022,5,4,4,3,0,5,5,5
60B5-48ED,Male,30,Frequent Traveller,Sales,25,2,Marketing,Sales Executive,135919,No,08-11-2013,No,9,6,6,0,20-08-2022,3,4,3,2,2,5,4,3
C579-11D1,Male,23,Some Travel,Technology,11,4,Information Systems,Data Scientist,22488,No,04-09-2020,No,2,2,2,2,20-08-2022,5,5,4,3,1,4,5,4
267F-F71D,Female,27,Some Travel,Technology,40,4,Information Systems,Senior Software Engineer,112728,No,18-02-2015,No,7,5,6,4,21-08-2022,5,2,3,3,0,3,4,4
16FB-8835,Female,46,Frequent Traveller,Technology,24,3,Computer Science,Engineering Manager,514945,Yes,05-02-2013,No,9,4,7,7,22-08-2022,3,5,2,3,1,4,3,3
0AE7-DDE2,Male,23,Some Travel,Technology,8,2,Information Systems,Machine Learning Engineer,46850,No,20-10-2018,No,4,3,4,2,22-08-2022,3,4,4,3,0,5,3,2
3EAA-95E5,Non-Binary,40,Some Travel,Technology,40,4,Computer Science,Machine Learning Engineer,265523,No,20-07-2018,No,4,1,3,1,22-08-2022,3,3,4,2,1,3,5,5
17AE-E715,Male,31,Frequent Traveller,Technology,38,1,Computer Science,Analytics Manager,547204,Yes,28-09-2014,No,8,7,8,5,23-08-2022,5,5,2,2,1,4,4,4
1D87-3372,Prefer Not To Say,34,Some Travel,Technology,18,3,Computer Science,Engineering Manager,323488,No,01-02-2017,No,5,0,1,1,23-08-2022,3,4,5,1,2,3,3,2
2F04-931F,Male,23,Some Travel,Technology,25,3,Business Studies,Data Scientist,37121,Yes,02-10-2018,Yes,1,0,0,0,01-05-2015,5,4,4,1,1,3,3,2
666A-B076,Male,26,No Travel ,Technology,10,2,Computer Science,Software Engineer,62828,No,28-02-2020,No,2,0,2,1,23-08-2022,3,4,5,2,0,5,5,4
D186-CBF5,Female,19,Some Travel,Sales,21,3,Marketing,Sales Representative,33454,Yes,19-05-2022,Yes,0,0,0,0,24-08-2022,3,1,1,2,1,3,5,4
42F5-707F,Male,23,Some Travel,Technology,44,3,Information Systems,Senior Software Engineer,81034,Yes,25-03-2018,No,4,1,1,0,24-08-2022,1,3,2,2,1,4,3,2
C95B-FE97,Male,21,Some Travel,Technology,40,3,Business Studies,Data Scientist,58274,No,27-06-2019,No,3,3,3,3,24-08-2022,1,4,4,2,1,4,3,3
65A0-5D04,Female,28,Frequent Traveller,Technology,20,1,Computer Science,Data Scientist,62016,No,02-06-2015,No,7,6,6,4,25-08-2022,1,4,2,1,0,2,5,4
473C-EA4E,Male,26,Some Travel,Technology,28,5,Computer Science,Engineering Manager,246505,No,04-09-2017,No,5,1,3,2,25-08-2022,4,5,2,2,1,4,4,3
4FD5-CC71,Female,22,Some Travel,Technology,31,4,Information Systems,Software Engineer,75738,Yes,23-02-2019,Yes,3,1,2,0,26-08-2022,5,3,4,1,2,5,3,2
AEEC-804D,Female,23,No Travel ,Technology,24,4,Computer Science,Senior Software Engineer,69325,No,04-07-2018,No,4,3,4,4,27-08-2022,4,4,2,1,0,4,3,3
993B-186B,Male,27,Some Travel,Sales,7,3,Marketing,Sales Executive,73918,No,21-10-2015,No,7,3,4,1,28-08-2022,4,3,5,3,0,5,4,4
15B3-F392,Female,39,Some Travel,Sales,37,3,Economics,Sales Representative,65612,No,23-02-2014,No,8,2,8,7,29-08-2022,1,1,2,3,3,4,3,3
380E-44B4,Male,21,Some Travel,Technology,19,4,Computer Science,Data Scientist,25255,No,01-08-2022,Yes,0,0,0,0,01-05-2015,3,4,2,2,0,3,4,3
DE7D-7757,Female,23,Some Travel,Technology,25,2,Other,Data Scientist,25425,No,13-08-2019,No,3,1,3,2,29-08-2022,4,2,2,3,0,3,4,4
E616-CAD8,Female,27,Some Travel,Technology,1,3,Information Systems,Engineering Manager,200409,No,17-09-2015,No,7,5,6,1,30-08-2022,4,5,4,1,1,5,3,3
C27A-1115,Male,25,Frequent Traveller,Technology,20,4,Computer Science,Machine Learning Engineer,96514,No,04-02-2018,No,4,4,4,0,30-08-2022,5,4,2,3,0,4,4,4
E267-D788,Male,22,Frequent Traveller,Technology,9,2,Computer Science,Senior Software Engineer,73389,No,05-08-2020,No,2,0,2,2,30-08-2022,4,3,3,3,1,5,4,4
134B-4157,Male,37,Some Travel,Technology,29,3,Computer Science,Analytics Manager,513608,No,03-09-2013,No,9,4,7,3,31-08-2022,3,3,4,3,1,2,4,4
2DD1-FD7F,Male,22,Some Travel,Technology,3,3,Computer Science,Data Scientist,34753,Yes,18-07-2018,Yes,1,0,0,0,01-09-2022,5,3,3,2,2,4,4,3
C730-6B13,Female,32,Some Travel,Technology,20,4,Computer Science,Data Scientist,85884,No,31-10-2013,No,9,9,9,5,01-09-2022,5,5,2,3,2,4,4,3
11C2-2B5B,Female,26,Frequent Traveller,Technology,14,3,Computer Science,Machine Learning Engineer,92778,No,09-11-2016,No,6,6,6,1,01-09-2022,5,3,5,3,0,2,5,4
D6A7-EF72,Female,40,Some Travel,Human Resources,7,4,Technical Degree,Recruiter,70703,No,04-12-2013,No,9,0,9,7,02-09-2022,5,2,5,1,2,5,4,4
2ED2-2CEC,Male,44,Frequent Traveller,Technology,18,3,Computer Science,Senior Software Engineer,102708,Yes,03-11-2014,No,8,3,4,7,02-09-2022,3,4,5,3,2,2,3,3
327B-F6D3,Female,37,Some Travel,Technology,6,2,Computer Science,Data Scientist,42188,No,04-10-2013,Yes,8,3,5,6,02-05-2015,3,5,4,2,2,3,5,4
2546-1312,Male,25,Frequent Traveller,Technology,20,3,Information Systems,Data Scientist,61054,No,24-06-2017,No,5,0,1,0,02-09-2022,4,5,3,2,1,2,4,4
6E61-A2BA,Non-Binary,24,Some Travel,Sales,41,2,Marketing ,Sales Executive,111750,No,10-06-2016,No,6,4,6,2,02-09-2022,3,2,2,1,0,3,4,3
9075-A294,Male,27,No Travel ,Sales,17,4,Marketing,Sales Executive,71832,No,23-05-2016,No,6,6,6,1,02-09-2022,4,3,2,1,0,5,3,3
39A2-9B0A,Female,19,Frequent Traveller,Sales,35,4,Marketing ,Sales Representative,24959,No,25-10-2022,Yes,0,0,0,0,03-09-2022,3,4,2,1,0,4,4,4
F5C3-07B0,Female,26,Some Travel,Technology,16,3,Computer Science,Software Engineer,25110,No,03-09-2015,No,7,1,5,0,03-09-2022,3,3,4,3,0,3,4,4
7845-EF8F,Male,27,Some Travel,Technology,6,3,Information Systems,Engineering Manager,292500,No,25-09-2016,No,6,5,6,2,03-09-2022,4,2,4,3,1,4,4,3
71CC-7412,Prefer Not To Say,25,Some Travel,Technology,4,2,Computer Science,Engineering Manager,179602,No,01-03-2015,No,7,6,6,6,04-09-2022,3,3,3,2,0,4,3,3
4236-4F51,Male,21,No Travel ,Technology,42,3,Computer Science,Data Scientist,57118,No,05-03-2019,No,3,1,3,0,04-09-2022,3,4,4,1,3,5,4,3
B09D-DFEC,Male,47,Some Travel,Technology,37,1,Information Systems,Data Scientist,62999,No,06-04-2013,No,9,2,3,7,05-09-2022,5,2,5,3,0,4,5,4
0F2B-3457,Male,19,Frequent Traveller,Sales,14,2,Marketing ,Sales Executive,74458,Yes,10-01-2021,No,1,0,0,1,05-09-2022,3,3,4,2,0,2,5,5
7749-B277,Male,24,Some Travel,Human Resources,1,5,Human Resources,HR Executive,44634,No,25-04-2017,Yes,4,3,3,2,01-03-2013,3,3,4,2,2,5,5,5
B148-55FB,Male,38,Frequent Traveller,Technology,23,4,Computer Science,Machine Learning Engineer,231699,No,06-11-2018,Yes,1,0,0,0,02-05-2015,5,4,5,3,3,3,5,4
781E-4257,Female,21,Some Travel,Technology,39,2,Information Systems,Machine Learning Engineer,63201,No,13-12-2020,No,2,2,2,2,05-09-2022,3,2,5,1,1,4,5,4
D014-7DB2,Female,20,Some Travel,Sales,16,3,Marketing ,Sales Representative,35754,No,24-08-2020,Yes,0,0,0,0,07-09-2022,2,2,1,3,1,3,3,2
07F1-62C3,Male,27,Frequent Traveller,Technology,9,4,Computer Science,Software Engineer,39001,Yes,03-03-2015,No,7,7,7,4,07-09-2022,3,4,4,2,0,2,5,5
0DC1-7EE4,Female,25,No Travel ,Technology,28,4,Other,Senior Software Engineer,68762,Yes,23-09-2017,No,5,3,5,4,07-09-2022,4,5,5,2,0,3,3,2
A409-26AC,Non-Binary,25,Frequent Traveller,Technology,34,1,Computer Science,Engineering Manager,170803,No,20-04-2018,No,4,2,2,3,07-09-2022,4,5,4,3,0,3,4,4
9F02-0D39,Female,27,Some Travel,Technology,9,2,Computer Science,Analytics Manager,252301,No,30-05-2015,No,7,1,6,5,08-09-2022,4,4,5,3,1,5,5,4
0AF4-EC15,Female,24,Some Travel,Sales,33,3,Marketing ,Sales Executive,91915,No,23-07-2018,No,4,0,4,4,08-09-2022,3,3,3,2,1,4,5,5
1D35-190A,Female,35,Some Travel,Human Resources,18,4,Marketing ,HR Executive,132563,Yes,22-09-2013,No,9,1,6,9,10-09-2022,3,2,3,2,0,3,3,2
B268-1642,Female,26,No Travel ,Sales,8,2,Technical Degree,Sales Executive,61686,Yes,14-03-2017,No,5,0,0,1,10-09-2022,5,3,2,2,0,4,4,4
4404-DE5A,Female,32,Some Travel,Technology,39,1,Computer Science,Software Engineer,68256,No,10-05-2012,No,10,7,9,6,11-09-2022,4,5,5,2,1,3,3,2
EB4F-4D97,Female,25,Some Travel,Technology,20,2,Computer Science,Software Engineer,43438,Yes,29-01-2015,No,7,7,7,3,02-05-2015,3,5,3,3,1,2,5,4
8F78-4A32,Male,25,No Travel ,Technology,12,3,Information Systems,Data Scientist,31962,No,14-03-2015,No,7,2,7,4,11-09-2022,3,5,5,3,0,5,3,3
BB09-BF7F,Female,27,Some Travel,Sales,45,2,Economics,Sales Executive,57102,No,29-11-2015,No,7,6,6,4,11-09-2022,5,4,4,1,1,5,5,5
503B-AACE,Female,25,Some Travel,Technology,10,3,Information Systems,Data Scientist,23198,No,26-07-2018,No,4,0,3,0,11-09-2022,5,3,3,2,3,4,4,3
2926-D386,Male,24,Some Travel,Technology,36,3,Information Systems,Machine Learning Engineer,93015,Yes,14-08-2019,No,3,0,2,2,11-09-2022,2,3,4,3,1,1,5,5
55A7-8D82,Non-Binary,23,Frequent Traveller,Human Resources,34,4,Human Resources,HR Executive,75948,No,26-09-2020,No,2,0,0,2,11-09-2022,1,3,2,3,0,1,4,3
5A78-0F17,Male,26,Some Travel,Sales,39,3,Marketing ,Sales Executive,104176,No,03-11-2017,No,5,2,3,3,12-09-2022,5,5,5,2,1,4,5,5
6135-885F,Female,18,Frequent Traveller,Technology,8,3,Computer Science,Software Engineer,31894,Yes,31-08-2022,Yes,0,0,0,0,13-09-2022,5,3,4,2,1,2,5,4
411F-6325,Male,27,Frequent Traveller,Technology,45,2,Information Systems,Data Scientist,34579,No,17-06-2016,No,6,4,4,4,13-09-2022,4,3,1,3,1,4,3,2
1E61-B76A,Female,24,Some Travel,Technology,26,2,Other,Data Scientist,39048,No,05-04-2016,No,6,1,4,1,14-09-2022,2,2,3,2,1,2,3,3
8369-ED26,Prefer Not To Say,25,No Travel ,Technology,19,2,Information Systems,Machine Learning Engineer,83894,No,30-06-2018,No,4,2,2,3,14-09-2022,2,4,4,2,0,2,4,3
1472-9F69,Male,27,Some Travel,Sales,1,4,Marketing ,Sales Representative,30870,No,28-12-2014,Yes,3,1,2,3,03-05-2015,4,4,3,3,2,2,4,3
D29C-A21F,Male,25,Frequent Traveller,Technology,23,3,Information Systems,Software Engineer,22525,No,31-08-2017,No,5,3,4,5,14-09-2022,1,1,1,2,0,2,5,4
3F19-FC5A,Male,35,Some Travel,Sales,29,5,Marketing,Sales Executive,182764,Yes,10-03-2012,No,10,7,9,9,15-09-2022,3,2,1,2,1,4,3,2
A71E-A9DC,Female,31,Frequent Traveller,Sales,21,3,Marketing,Sales Executive,253719,No,12-02-2013,No,9,2,4,3,15-09-2022,3,4,1,2,1,1,4,4
6543-091E,Male,24,No Travel ,Technology,42,4,Computer Science,Senior Software Engineer,58717,No,20-05-2019,No,3,0,2,1,15-09-2022,3,5,5,3,0,4,3,3
3E50-011E,Female,24,No Travel ,Technology,29,4,Information Systems,Machine Learning Engineer,158330,Yes,18-08-2017,No,5,1,3,0,17-09-2022,5,4,4,2,3,4,5,5
5741-0022,Female,25,Some Travel,Technology,43,1,Computer Science,Engineering Manager,190198,No,18-05-2015,No,7,0,2,3,18-09-2022,3,2,4,2,3,4,3,2
CECC-60FF,Female,27,Some Travel,Technology,16,1,Information Systems,Software Engineer,54379,No,04-10-2016,No,6,1,2,2,18-09-2022,5,4,3,1,1,3,3,3
CD7F-377F,Male,25,Frequent Traveller,Sales,25,3,Marketing ,Sales Executive,46283,No,24-08-2016,No,6,5,6,1,19-09-2022,4,2,2,2,1,2,3,2
3476-CA56,Female,24,Some Travel,Sales,16,3,Economics,Sales Representative,25102,No,05-06-2019,Yes,1,0,0,0,20-09-2022,4,2,2,1,3,4,4,3
80BE-E2B5,Female,29,Some Travel,Technology,29,3,Computer Science,Senior Software Engineer,110744,No,02-03-2014,No,8,8,8,1,20-09-2022,2,2,4,3,2,4,5,5
D31B-BEF8,Male,25,Frequent Traveller,Sales,19,4,Marketing ,Sales Representative,28090,No,31-08-2016,Yes,0,0,0,0,04-05-2015,3,5,5,1,1,3,4,4
07F5-A45D,Male,24,Frequent Traveller,Sales,23,2,Economics,Sales Representative,38448,Yes,09-08-2018,Yes,4,3,3,2,21-09-2022,2,1,2,3,0,3,4,3
E430-E462,Male,28,Some Travel,Technology,38,3,Information Systems,Senior Software Engineer,194982,No,25-05-2015,No,7,2,7,2,22-09-2022,5,2,3,3,2,5,4,3
EA37-AE5E,Female,23,Some Travel,Sales,5,3,Marketing ,Sales Executive,69678,No,04-04-2018,No,4,0,0,2,22-09-2022,3,3,4,1,0,5,5,5
1E4A-5810,Female,35,Frequent Traveller,Technology,28,3,Computer Science,Machine Learning Engineer,222303,No,08-04-2019,No,3,0,2,2,22-09-2022,4,4,2,2,0,5,4,3
1DC4-97CF,Female,25,Some Travel,Sales,28,4,Marketing,Sales Executive,167051,No,24-04-2018,No,4,3,4,1,23-09-2022,3,5,4,2,1,5,5,4
994A-5F84,Male,25,Some Travel,Sales,44,1,Technical Degree,Sales Representative,37461,No,23-04-2018,No,4,3,4,3,23-09-2022,5,3,3,3,3,3,4,3
B670-21B2,Male,24,Frequent Traveller,Sales,3,4,Marketing,Sales Executive,70546,Yes,01-01-2019,No,3,2,2,0,23-09-2022,3,4,2,2,0,4,5,5
DF7E-3233,Male,47,Some Travel,Sales,23,3,Marketing,Sales Representative,44646,No,02-12-2014,No,8,5,5,4,24-09-2022,3,4,4,2,0,3,3,3
DBF5-E57D,Male,25,Some Travel,Technology,25,3,Other,Analytics Manager,303446,No,11-05-2018,No,4,0,3,0,24-09-2022,3,5,3,1,1,2,3,2
7F61-2397,Non-Binary,41,No Travel ,Technology,26,4,Computer Science,Analytics Manager,283081,Yes,03-09-2018,Yes,4,1,3,2,25-09-2022,5,5,3,2,0,3,4,3
13E5-2F17,Male,24,Frequent Traveller,Technology,15,3,Computer Science,Senior Software Engineer,139627,No,27-01-2016,Yes,5,0,4,1,05-05-2015,4,5,4,3,1,5,5,4
EB81-3E51,Female,41,Some Travel,Technology,18,4,Information Systems,Senior Software Engineer,268964,No,01-07-2019,Yes,3,1,1,0,25-09-2022,3,3,3,1,1,4,4,4
C1B4-46B2,Male,27,No Travel ,Technology,21,4,Information Systems,Senior Software Engineer,73326,No,02-09-2015,No,7,0,5,0,25-09-2022,2,4,4,1,1,4,3,3
60A3-AFA2,Female,23,Some Travel,Technology,20,3,Information Systems,Software Engineer,85006,No,18-08-2019,No,3,2,3,0,25-09-2022,3,1,2,2,1,3,3,2
469A-8121,Male,30,Some Travel,Technology,36,4,Information Systems,Engineering Manager,328415,No,20-01-2012,No,10,1,10,1,26-09-2022,3,5,4,2,2,3,5,5
07F6-D61B,Female,23,Some Travel,Technology,5,3,Information Systems,Software Engineer,23995,No,27-04-2018,No,4,4,4,0,26-09-2022,3,4,5,1,1,3,3,2
0FBB-4ABE,Male,24,Some Travel,Technology,16,4,Computer Science,Senior Software Engineer,82174,No,11-01-2019,No,3,2,2,3,26-09-2022,5,4,4,1,3,5,4,3
18CE-8F30,Female,31,Some Travel,Sales,38,5,Marketing,Manager,330940,No,28-03-2019,No,3,1,3,3,26-09-2022,5,4,3,1,0,4,5,5
A067-9F4F,Male,34,Some Travel,Sales,26,4,Marketing ,Sales Executive,215246,No,15-01-2020,No,2,0,0,0,26-09-2022,3,2,4,3,1,2,4,3
1CB3-F7D7,Female,21,No Travel ,Sales,6,4,Other,Sales Executive,43259,No,03-11-2022,Yes,0,0,0,0,27-09-2022,4,2,2,1,1,5,4,3
9085-1FE8,Female,35,Some Travel,Technology,32,2,Business Studies,Data Scientist,119917,Yes,15-05-2012,No,10,5,7,4,27-09-2022,2,2,2,2,2,4,5,5
ADF8-AD57,Male,27,Some Travel,Technology,28,3,Computer Science,Data Scientist,20387,No,16-08-2016,Yes,0,0,0,0,05-05-2015,3,5,4,3,2,3,5,4
F890-975A,Female,48,Some Travel,Technology,35,2,Information Systems,Engineering Manager,314656,No,09-07-2013,No,9,7,8,3,27-09-2022,4,2,3,3,2,3,3,2
D962-9E69,Male,23,Some Travel,Technology,33,1,Computer Science,Data Scientist,29490,No,27-04-2020,No,2,0,1,2,27-09-2022,5,3,4,2,1,4,4,3
B990-35DA,Female,47,Some Travel,Technology,7,3,Information Systems,Data Scientist,116165,No,27-10-2013,No,9,0,7,8,28-09-2022,3,5,4,3,0,2,5,4
E62F-4FF7,Male,27,Some Travel,Technology,27,4,Information Systems,Machine Learning Engineer,92522,No,22-02-2015,No,7,4,5,2,28-09-2022,5,3,4,1,2,3,4,3
04E6-6B61,Male,29,Some Travel,Sales,17,4,Marketing,Sales Executive,140158,No,04-01-2021,No,1,0,1,1,28-09-2022,5,2,2,3,1,3,3,2
5C7B-86C0,Female,32,Some Travel,Technology,31,4,Business Studies,Senior Software Engineer,186169,No,26-07-2014,No,8,2,6,0,29-09-2022,4,4,3,1,1,5,5,4
0317-B7BC,Female,23,Some Travel,Sales,7,4,Marketing,Sales Executive,72622,Yes,03-03-2020,No,2,0,2,0,29-09-2022,3,5,4,1,1,2,3,2
130F-32AB,Female,20,Some Travel,Technology,6,1,Computer Science,Software Engineer,30714,Yes,05-06-2020,Yes,2,0,1,1,30-09-2022,5,3,2,3,0,5,5,5
B34E-95FF,Male,25,Some Travel,Sales,33,5,Marketing,Sales Executive,87347,Yes,09-11-2019,Yes,2,1,1,0,30-09-2022,5,5,4,2,1,2,4,4
87D2-8B67,Female,45,Some Travel,Technology,34,2,Information Systems,Machine Learning Engineer,152278,Yes,18-04-2012,No,10,8,8,2,30-09-2022,3,2,1,3,1,3,3,3
FE2B-3DC7,Female,28,Some Travel,Technology,23,3,Information Systems,Data Scientist,35606,Yes,07-05-2012,Yes,5,3,4,5,06-05-2015,3,5,2,3,0,2,5,5
2C7D-F9F1,Male,30,Some Travel,Technology,45,2,Business Studies,Machine Learning Engineer,262409,No,20-12-2013,No,9,8,9,8,30-09-2022,2,2,1,2,1,4,4,4
B102-5713,Non-Binary,27,Some Travel,Sales,31,5,Marketing ,Manager,205622,No,19-08-2015,No,7,5,5,3,30-09-2022,5,5,2,3,1,2,3,3
50FB-5702,Female,31,No Travel ,Sales,7,2,Marketing,Sales Executive,186215,No,04-01-2021,No,1,0,1,1,30-09-2022,5,5,2,2,1,4,3,3
EC4D-D0F3,Female,28,Some Travel,Human Resources,31,3,Human Resources,HR Executive,96807,No,12-11-2020,No,2,1,2,0,30-09-2022,2,2,2,2,1,1,5,4
BAE6-B5DE,Female,22,Some Travel,Technology,21,3,Other,Data Scientist,33354,No,08-11-2020,No,2,1,2,2,01-10-2022,1,4,3,1,1,2,5,5
825E-0B3A,Male,30,Some Travel,Technology,26,3,Information Systems,Machine Learning Engineer,94791,No,27-12-2013,No,9,9,9,0,03-10-2022,2,2,2,2,1,2,5,5
6C86-3DC0,Male,31,Some Travel,Technology,20,2,Computer Science,Senior Software Engineer,149482,Yes,22-08-2014,No,8,3,7,2,03-10-2022,2,3,3,3,1,1,3,2
D4D7-3C3F,Female,28,Some Travel,Technology,27,2,Information Systems,Machine Learning Engineer,117918,No,02-12-2014,No,8,3,8,7,03-10-2022,4,3,2,1,0,4,4,3
3DB7-2942,Female,27,Some Travel,Technology,3,2,Computer Science,Engineering Manager,137012,No,16-08-2015,No,7,6,7,7,03-10-2022,3,5,5,3,1,4,4,3
0C37-B7CF,Male,22,Some Travel,Technology,18,4,Information Systems,Senior Software Engineer,68743,No,23-03-2019,No,3,0,3,1,04-10-2022,3,4,2,1,2,2,3,2
F3D0-41D1,Male,20,Some Travel,Technology,34,4,Computer Science,Software Engineer,22925,Yes,13-06-2021,Yes,1,0,0,0,06-05-2015,4,3,5,3,1,5,4,3
4D07-1452,Male,21,Frequent Traveller,Sales,42,2,Marketing ,Sales Executive,46750,No,23-03-2020,No,2,0,0,0,05-10-2022,2,2,4,2,0,4,5,5
7D95-B5B1,Female,25,Some Travel,Technology,28,4,Computer Science,Senior Software Engineer,70737,No,06-07-2018,No,4,3,3,3,06-10-2022,3,3,5,1,1,3,3,3
022A-0219,Female,32,Frequent Traveller,Technology,14,3,Business Studies,Software Engineer,86639,No,21-05-2012,No,10,3,9,5,07-10-2022,5,3,2,3,1,5,3,3
817D-28CE,Female,22,Frequent Traveller,Technology,30,3,Computer Science,Data Scientist,40614,Yes,29-07-2020,Yes,0,0,0,0,08-10-2022,5,5,4,1,2,5,3,2
EC6A-DD76,Female,20,Frequent Traveller,Technology,31,3,Information Systems,Data Scientist,37361,No,13-09-2021,Yes,0,0,0,0,08-10-2022,3,2,3,3,0,4,4,4
8365-EB74,Male,40,Frequent Traveller,Technology,14,2,Information Systems,Data Scientist,43854,No,19-08-2013,No,9,4,9,2,08-10-2022,5,4,4,1,0,5,3,3
F401-1B75,Non-Binary,27,Some Travel,Technology,5,2,Computer Science,Software Engineer,26542,No,05-10-2015,No,7,1,7,5,08-10-2022,5,2,4,2,0,3,3,2
45BA-6683,Male,23,Some Travel,Technology,1,1,Other,Data Scientist,47648,Yes,29-08-2017,No,5,2,4,5,08-10-2022,1,2,3,3,0,4,4,3
E55D-FCA0,Female,21,Some Travel,Sales,11,1,Economics,Sales Representative,42066,No,13-09-2019,No,3,3,3,1,08-10-2022,2,4,2,1,1,4,3,2
7589-66E3,Male,47,Frequent Traveller,Sales,42,3,Marketing,Sales Executive,232155,No,30-10-2014,No,8,7,7,3,09-10-2022,5,5,4,1,0,3,4,4
11AE-3E4D,Male,39,Some Travel,Sales,38,2,Technical Degree,Manager,300299,Yes,19-02-2012,No,10,7,7,10,06-05-2015,3,5,5,3,0,3,4,4
017D-0B97,Male,20,Some Travel,Sales,39,2,Technical Degree,Sales Representative,22558,Yes,30-03-2020,No,2,0,1,1,09-10-2022,3,4,3,2,0,4,3,2
90EB-69E4,Female,23,Some Travel,Technology,31,3,Computer Science,Data Scientist,49543,No,28-12-2018,No,4,3,3,1,11-10-2022,5,2,4,3,0,2,3,3
FA48-B743,Non-Binary,21,Frequent Traveller,Technology,29,3,Computer Science,Data Scientist,64887,No,03-01-2019,No,3,3,3,0,12-10-2022,5,3,3,3,2,3,3,3
F532-0DAF,Male,22,Some Travel,Technology,24,3,Information Systems,Software Engineer,44076,No,08-11-2020,No,2,1,1,1,12-10-2022,5,2,3,2,2,5,3,3
278C-D482,Female,26,No Travel ,Technology,20,3,Business Studies,Software Engineer,28751,No,15-06-2015,No,7,6,6,2,13-10-2022,4,2,5,2,0,5,4,4
63D2-F412,Female,25,Some Travel,Sales,3,1,Marketing,Sales Executive,58631,Yes,26-09-2017,No,5,4,4,3,13-10-2022,3,3,3,2,0,2,5,5
1158-9E23,Female,41,Some Travel,Technology,22,3,Computer Science,Machine Learning Engineer,235812,No,27-05-2019,No,3,1,2,2,13-10-2022,4,3,2,1,1,4,4,4
15D4-53C2,Prefer Not To Say,33,Some Travel,Sales,30,3,Economics,Sales Executive,90726,No,17-09-2014,No,8,0,5,1,14-10-2022,3,1,2,1,2,4,3,2
2250-86C5,Prefer Not To Say,41,Some Travel,Sales,33,1,Marketing ,Sales Executive,119592,Yes,06-05-2014,No,8,7,8,2,14-10-2022,1,1,1,2,0,3,3,3
5C48-9106,Male,37,Frequent Traveller,Technology,15,4,Computer Science,Data Scientist,53929,No,15-11-2014,No,8,7,7,5,14-10-2022,4,3,5,3,1,5,5,5
2CA8-4E1B,Non-Binary,23,Some Travel,Technology,7,3,Business Studies,Software Engineer,28753,No,02-05-2017,Yes,2,1,1,0,07-05-2015,4,4,2,3,1,5,5,5
8DA7-0090,Non-Binary,41,Some Travel,Human Resources,11,2,Economics,HR Business Partner,445906,Yes,01-04-2015,No,7,1,5,4,14-10-2022,5,2,3,1,1,5,4,4
30CB-BCD0,Female,38,Frequent Traveller,Technology,31,3,Computer Science,Data Scientist,90187,Yes,27-06-2014,No,8,4,5,2,15-10-2022,4,2,5,3,0,2,4,3
45FF-ACE6,Female,28,Some Travel,Sales,13,3,Marketing ,Sales Executive,207479,No,19-07-2020,Yes,1,0,0,0,16-10-2022,3,4,4,1,2,4,3,2
AA19-95BD,Male,33,Some Travel,Sales,43,4,Marketing,Sales Executive,165988,Yes,08-05-2021,Yes,1,0,0,0,16-10-2022,5,5,3,3,0,4,5,5
FEEC-A663,Non-Binary,27,Some Travel,Technology,1,1,Information Systems,Software Engineer,48442,No,17-04-2015,No,7,3,4,5,16-10-2022,5,4,2,2,2,3,3,3
05DA-5423,Female,26,Some Travel,Technology,16,2,Business Studies,Software Engineer,34630,No,30-07-2016,No,6,2,6,0,16-10-2022,4,5,5,1,1,5,4,3
75CF-67E0,Female,25,No Travel ,Technology,12,2,Information Systems,Data Scientist,28926,Yes,06-03-2018,No,4,1,3,4,16-10-2022,5,4,5,1,0,4,3,2
6C7E-91CB,Male,28,No Travel ,Sales,37,4,Marketing,Sales Executive,95591,No,19-03-2020,No,2,2,2,2,16-10-2022,5,3,5,3,3,5,3,3
7269-88EC,Female,28,Frequent Traveller,Technology,31,1,Other,Senior Software Engineer,176282,Yes,23-04-2019,Yes,2,0,1,0,17-10-2022,5,3,2,3,2,3,4,4
BBB4-89C7,Non-Binary,25,Some Travel,Technology,19,3,Computer Science,Senior Software Engineer,90418,Yes,14-02-2018,No,4,4,4,4,17-10-2022,3,4,4,3,3,3,4,3
17AD-99F5,Female,26,Some Travel,Technology,37,3,Computer Science,Software Engineer,26296,Yes,01-08-2014,Yes,5,2,2,2,02-03-2013,3,2,2,2,0,3,5,5
08E4-D3D5,Male,21,Some Travel,Technology,25,4,Computer Science,Data Scientist,34634,No,11-12-2019,Yes,1,1,1,1,07-05-2015,4,4,3,3,2,2,4,3
465A-91D1,Female,42,Some Travel,Sales,36,1,Marketing ,Sales Representative,43753,No,01-05-2013,No,9,0,1,1,18-10-2022,5,4,4,1,0,5,4,4
6F3E-2A75,Male,28,Frequent Traveller,Sales,4,4,Other,Sales Executive,110839,No,12-11-2013,No,9,8,8,4,19-10-2022,2,4,3,2,0,4,4,3
CD0F-DE05,Female,28,No Travel ,Technology,43,3,Computer Science,Software Engineer,50175,No,18-07-2013,No,9,9,9,3,19-10-2022,2,3,2,1,0,4,4,3
0B72-0EE6,Male,24,Some Travel,Technology,1,4,Computer Science,Senior Software Engineer,70849,No,03-09-2016,No,6,0,1,6,19-10-2022,3,2,3,2,1,2,3,3
1C6F-87AA,Non-Binary,26,Some Travel,Sales,5,3,Marketing,Sales Executive,107966,No,23-06-2016,No,6,6,6,6,19-10-2022,4,4,3,1,0,4,4,3
C292-EC0C,Non-Binary,26,Some Travel,Technology,8,2,Computer Science,Software Engineer,27219,No,16-08-2016,No,6,3,5,4,19-10-2022,4,2,3,3,0,3,5,4
626D-4669,Male,23,Frequent Traveller,Technology,35,4,Information Systems,Senior Software Engineer,51906,No,14-01-2020,No,2,1,1,1,19-10-2022,1,3,4,1,2,1,3,2
851C-E7E2,Male,27,Some Travel,Technology,14,2,Information Systems,Machine Learning Engineer,120049,No,07-11-2015,No,7,1,6,1,20-10-2022,4,5,4,3,2,2,3,3
FC24-43F6,Female,26,Some Travel,Technology,33,3,Computer Science,Data Scientist,34805,No,21-10-2017,No,5,5,5,0,20-10-2022,4,2,2,3,1,3,5,5
21CB-EF3E,Female,36,Some Travel,Technology,4,3,Information Systems,Senior Software Engineer,208338,No,07-04-2012,No,10,10,10,1,21-10-2022,3,3,3,1,1,2,3,3
9BD6-2C43,Non-Binary,27,No Travel ,Sales,2,3,Other,Sales Executive,92022,No,06-01-2015,No,7,7,7,0,07-05-2015,5,3,3,1,3,5,5,5
31FB-D496,Female,25,Some Travel,Technology,5,4,Other,Software Engineer,51454,No,17-04-2015,No,7,1,6,7,21-10-2022,5,4,5,2,1,4,5,4
4467-6B8F,Female,26,Frequent Traveller,Technology,28,4,Information Systems,Machine Learning Engineer,79324,Yes,29-09-2017,No,5,2,3,5,21-10-2022,3,4,1,2,1,4,3,3
AACC-8B93,Female,36,Frequent Traveller,Technology,2,3,Information Systems,Analytics Manager,462687,No,27-04-2020,No,2,2,2,0,22-10-2022,2,1,2,3,0,2,4,4
A76C-AEB3,Male,25,Some Travel,Technology,10,3,Business Studies,Machine Learning Engineer,145905,Yes,07-06-2015,No,7,3,3,2,23-10-2022,4,5,3,1,2,2,3,3
DAE0-B44F,Female,24,Some Travel,Sales,4,3,Economics,Sales Executive,133274,No,23-06-2016,No,6,2,3,1,23-10-2022,4,4,4,1,0,4,5,4
2E9A-BD2E,Male,36,Some Travel,Sales,13,5,Marketing ,Manager,432191,No,27-09-2013,No,9,1,8,0,24-10-2022,4,2,1,3,3,3,3,2
CEE0-94C3,Male,42,Some Travel,Sales,12,1,Technical Degree,Sales Representative,70535,No,29-09-2013,No,9,3,8,5,24-10-2022,2,1,1,3,3,1,4,3
EFB8-ED99,Female,24,Some Travel,Sales,16,2,Marketing ,Sales Executive,43158,Yes,29-01-2017,No,5,0,5,5,24-10-2022,4,5,2,1,1,5,3,2
9C7D-E1B1,Male,22,Some Travel,Technology,26,3,Information Systems,Machine Learning Engineer,62509,No,23-10-2019,Yes,1,0,0,0,25-10-2022,3,3,5,3,0,5,3,3
D199-1896,Female,42,Some Travel,Sales,39,3,Economics,Sales Executive,206277,No,02-05-2012,No,10,6,10,1,25-10-2022,3,2,3,1,2,5,3,3
E8B6-8BAE,Male,29,Some Travel,Sales,18,2,Economics,Sales Executive,225330,No,02-03-2022,Yes,0,0,0,0,08-05-2015,5,5,4,3,0,4,3,3
7F91-C628,Non-Binary,36,Frequent Traveller,Technology,14,1,Information Systems,Data Scientist,43358,No,07-05-2013,No,9,0,9,5,25-10-2022,5,5,5,1,0,2,4,4
B341-8D6A,Female,40,No Travel ,Technology,26,1,Business Studies,Software Engineer,48125,No,14-03-2014,No,8,5,8,2,25-10-2022,3,4,5,1,0,3,3,3
D18F-8C48,Female,27,No Travel ,Technology,8,1,Information Systems,Engineering Manager,152322,No,17-04-2016,No,6,0,5,4,26-10-2022,3,5,4,3,1,2,4,3
8C57-8F84,Male,20,Frequent Traveller,Technology,45,2,Information Systems,Software Engineer,22773,Yes,14-04-2021,Yes,1,0,0,0,27-10-2022,3,3,4,2,1,2,4,3
425F-4D2D,Female,25,Some Travel,Sales,30,4,Marketing,Sales Executive,57742,Yes,10-05-2018,No,4,3,4,1,27-10-2022,4,3,3,2,2,3,3,2
FADC-21F2,Female,24,No Travel ,Technology,25,2,Computer Science,Data Scientist,40342,Yes,08-06-2019,No,3,2,3,1,27-10-2022,5,3,5,1,3,4,4,4
9E22-6287,Non-Binary,48,Some Travel,Technology,37,3,Computer Science,Machine Learning Engineer,145337,No,21-01-2012,No,10,10,10,0,28-10-2022,5,2,4,3,1,3,3,3
8F7F-015D,Male,28,Some Travel,Technology,43,4,Information Systems,Engineering Manager,249071,No,24-08-2015,No,7,5,5,6,28-10-2022,5,3,4,2,1,5,5,4
65C9-0885,Male,25,Frequent Traveller,Technology,24,1,Computer Science,Senior Software Engineer,121373,No,21-03-2018,No,4,0,2,1,28-10-2022,5,5,3,2,1,5,4,4
3012-1A41,Female,30,Some Travel,Sales,27,5,Marketing,Sales Executive,102059,No,03-01-2012,No,10,4,9,7,29-10-2022,4,2,4,1,0,2,5,4
291F-B604,Male,26,Some Travel,Technology,3,4,Information Systems,Data Scientist,28952,Yes,22-10-2016,Yes,0,0,0,0,09-05-2015,5,2,4,3,2,3,3,3
47C9-BD11,Prefer Not To Say,43,Frequent Traveller,Technology,37,1,Information Systems,Senior Software Engineer,199718,No,03-08-2020,No,2,1,2,2,29-10-2022,4,2,5,1,1,4,5,4
6280-B47F,Male,25,Frequent Traveller,Technology,39,4,Computer Science,Software Engineer,26545,Yes,21-06-2022,Yes,0,0,0,0,30-10-2022,1,2,4,3,2,1,5,4
0868-097F,Non-Binary,33,Some Travel,Technology,26,3,Information Systems,Engineering Manager,267009,No,23-09-2013,No,9,0,1,7,30-10-2022,2,1,4,3,2,3,4,3
7B9D-8612,Female,32,Some Travel,Sales,9,2,Marketing ,Sales Executive,133865,Yes,12-03-2013,No,9,3,3,0,30-10-2022,4,2,5,2,1,2,5,4
D457-AB87,Male,24,Some Travel,Sales,29,3,Marketing,Sales Executive,105859,No,13-02-2017,No,5,5,5,3,30-10-2022,5,4,5,2,0,4,3,2
B1BC-0011,Female,23,Some Travel,Technology,37,2,Business Studies,Data Scientist,36098,No,01-01-2018,No,4,3,3,1,30-10-2022,4,4,5,1,0,4,5,5
C1C6-F683,Male,45,Frequent Traveller,Technology,6,4,Information Systems,Software Engineer,92613,Yes,23-11-2013,No,9,6,6,2,31-10-2022,3,3,5,2,0,5,5,5
D712-9E1C,Non-Binary,24,Some Travel,Sales,8,2,Economics,Sales Executive,85238,No,24-12-2017,No,5,0,4,1,31-10-2022,3,3,2,1,0,3,3,2
EBBD-37D4,Non-Binary,35,Some Travel,Sales,26,4,Marketing,Sales Executive,98435,No,23-04-2012,No,10,7,9,9,01-11-2022,4,4,3,1,1,2,3,3
0240-4D29,Non-Binary,35,Some Travel,Technology,31,4,Computer Science,Software Engineer,77269,No,13-09-2014,No,8,8,8,6,01-11-2022,4,4,2,3,1,3,5,4
692B-7152,Male,47,Some Travel,Sales,42,3,Marketing ,Sales Executive,249553,No,20-05-2012,No,10,3,4,9,09-05-2015,5,5,5,2,0,3,4,4
7FA1-BC64,Male,19,Some Travel,Technology,7,3,Information Systems,Software Engineer,30896,Yes,17-03-2021,Yes,1,0,0,0,02-11-2022,4,5,5,3,0,4,3,2
D245-5D80,Male,26,Some Travel,Technology,10,4,Information Systems,Senior Software Engineer,148080,Yes,03-05-2015,No,7,7,7,1,02-11-2022,2,2,4,1,2,4,4,4
DD78-E811,Female,38,Some Travel,Technology,25,2,Other,Data Scientist,60549,No,05-06-2013,No,9,5,6,6,03-11-2022,5,4,2,2,0,3,5,5
3A96-07A5,Female,24,No Travel ,Sales,14,3,Marketing ,Sales Executive,52975,Yes,18-04-2019,No,3,1,3,3,03-11-2022,3,5,4,2,1,3,3,2
EC6E-7F42,Male,42,Frequent Traveller,Technology,28,3,Computer Science,Senior Software Engineer,264513,No,08-07-2020,Yes,1,0,0,1,04-11-2022,1,1,3,2,0,3,4,3
2407-5A4E,Male,40,Some Travel,Technology,22,1,Business Studies,Data Scientist,38849,No,06-06-2014,No,8,6,6,3,04-11-2022,4,2,4,2,0,2,3,3
9624-0464,Female,45,Frequent Traveller,Technology,4,3,Information Systems,Engineering Manager,393420,No,11-08-2019,No,3,1,1,1,04-11-2022,4,4,5,1,1,3,4,3
C2BF-D441,Female,47,Frequent Traveller,Technology,37,3,Computer Science,Analytics Manager,350101,No,19-01-2019,No,3,0,1,0,04-11-2022,1,2,4,2,1,2,4,3
1363-6BF9,Male,36,Some Travel,Technology,10,3,Business Studies,Senior Software Engineer,189405,No,23-05-2013,No,9,4,6,7,05-11-2022,5,5,2,3,1,2,3,3
1C24-233B,Non-Binary,40,Some Travel,Technology,30,4,Computer Science,Machine Learning Engineer,145328,No,09-12-2013,No,9,0,9,9,05-11-2022,5,5,4,2,0,4,3,3
4657-FE18,Non-Binary,29,Some Travel,Technology,25,2,Information Systems,Senior Software Engineer,145716,No,22-02-2018,Yes,1,0,1,1,10-05-2015,5,4,2,1,1,3,4,3
CC7A-EE97,Male,31,Some Travel,Technology,10,3,Computer Science,Senior Software Engineer,168087,No,24-06-2014,No,8,4,7,3,05-11-2022,4,5,2,2,0,5,3,2
41A7-9C19,Female,23,Some Travel,Sales,8,4,Economics,Sales Executive,78937,No,10-04-2018,No,4,0,3,0,05-11-2022,3,2,5,3,0,5,3,3
FD95-9EEB,Male,30,Some Travel,Technology,19,4,Business Studies,Data Scientist,96187,Yes,19-11-2020,Yes,0,0,0,0,06-11-2022,1,1,4,1,3,2,4,4
4C62-5BE8,Non-Binary,39,Frequent Traveller,Technology,4,1,Business Studies,Software Engineer,87879,Yes,25-05-2013,No,9,6,8,9,06-11-2022,4,2,3,3,2,2,5,4
B679-F7C9,Male,29,Some Travel,Technology,36,5,Business Studies,Software Engineer,113448,Yes,31-12-2015,No,7,0,4,1,06-11-2022,3,2,5,2,1,4,4,3
AFDF-3DA8,Male,41,Some Travel,Sales,35,1,Marketing,Manager,314961,No,23-05-2021,Yes,0,0,0,0,07-11-2022,5,3,5,2,1,3,3,3
3642-EEAE,Female,48,Some Travel,Technology,43,3,Information Systems,Data Scientist,56053,No,27-06-2014,No,8,6,8,4,07-11-2022,4,5,4,2,1,2,3,2
AD1C-2AC5,Female,22,No Travel ,Technology,6,2,Information Systems,Data Scientist,38169,No,11-09-2018,No,4,4,4,4,07-11-2022,2,4,3,2,0,4,4,3
E6C8-D659,Male,31,Some Travel,Sales,11,3,Marketing,Sales Executive,155386,No,26-09-2020,No,2,1,2,1,07-11-2022,5,2,2,1,0,2,5,4
BFF3-AADC,Female,31,No Travel ,Human Resources,25,2,Marketing ,Recruiter,55682,No,25-01-2012,No,10,0,2,0,08-11-2022,5,5,3,2,2,4,4,4
8EBD-B3E8,Male,25,Some Travel,Technology,14,2,Computer Science,Software Engineer,40079,Yes,12-11-2018,No,4,3,4,1,10-05-2015,4,3,2,2,0,4,4,4
AB4A-E71A,Male,43,Some Travel,Sales,3,3,Marketing,Manager,429939,Yes,05-09-2013,No,9,3,3,7,08-11-2022,1,2,3,3,1,3,4,3
D871-1F74,Female,32,Frequent Traveller,Technology,40,5,Computer Science,Data Scientist,60759,No,22-06-2014,No,8,0,6,3,08-11-2022,3,4,3,3,0,1,5,5
8291-DE04,Non-Binary,23,Frequent Traveller,Technology,26,2,Information Systems,Data Scientist,31342,No,22-03-2019,No,3,0,3,0,08-11-2022,3,5,5,3,0,3,3,3
97F7-5710,Female,25,Frequent Traveller,Technology,4,5,Information Systems,Engineering Manager,199034,Yes,30-12-2018,No,4,4,4,4,08-11-2022,3,5,4,2,1,2,4,4
4FC2-A40D,Female,32,No Travel ,Technology,12,3,Computer Science,Engineering Manager,316725,No,02-02-2012,No,10,6,10,2,09-11-2022,5,4,2,1,3,3,3,2
8640-414A,Female,29,Some Travel,Technology,32,3,Computer Science,Engineering Manager,390142,No,27-10-2020,No,2,1,2,2,09-11-2022,3,1,4,3,1,2,5,5
3E4A-F28F,Female,20,Some Travel,Technology,45,2,Information Systems,Senior Software Engineer,41877,No,02-11-2022,Yes,0,0,0,0,10-11-2022,5,2,4,1,1,4,4,4
F578-F0C8,Female,21,Some Travel,Technology,6,5,Business Studies,Software Engineer,25149,No,03-11-2020,Yes,1,1,1,1,10-11-2022,4,2,3,1,0,1,3,2
2A04-49D1,Non-Binary,41,Some Travel,Technology,11,5,Information Systems,Engineering Manager,372980,No,22-08-2013,No,9,1,2,3,10-11-2022,4,4,5,3,1,3,5,5
F9E1-87E9,Female,33,No Travel ,Sales,41,2,Economics,Sales Executive,193190,Yes,22-04-2014,No,8,0,3,4,11-11-2022,4,5,5,1,1,4,3,2
E28D-424B,Non-Binary,22,Some Travel,Sales,5,1,Economics,Sales Executive,64689,No,19-01-2020,Yes,1,1,1,1,11-05-2015,3,2,2,3,2,2,4,3
EA3A-E005,Male,24,Some Travel,Technology,30,3,Business Studies,Software Engineer,26363,No,24-07-2016,No,6,6,6,2,11-11-2022,4,4,3,1,0,1,5,5
A696-1216,Female,36,Some Travel,Sales,37,3,Marketing ,Sales Executive,192475,No,20-07-2014,No,8,2,2,0,12-11-2022,5,2,5,2,2,3,5,4
2A9F-6BD2,Male,29,Some Travel,Sales,39,1,Marketing,Sales Executive,183768,Yes,25-02-2019,No,3,3,3,0,12-11-2022,4,2,4,2,1,2,4,4
9728-1A5B,Male,48,Some Travel,Sales,33,2,Marketing ,Sales Executive,191771,No,17-05-2012,No,10,0,10,4,13-11-2022,5,5,3,2,1,5,4,3
C4F0-F933,Male,37,Some Travel,Technology,22,3,Computer Science,Senior Software Engineer,193287,Yes,01-03-2021,No,1,0,1,0,13-11-2022,5,5,4,3,1,3,4,3
4565-62DE,Male,37,Some Travel,Technology,29,3,Computer Science,Machine Learning Engineer,155506,No,18-03-2014,No,8,8,8,8,14-11-2022,3,2,3,1,2,3,3,2
1D32-9620,Male,23,Some Travel,Human Resources,39,2,Human Resources,HR Executive,55805,No,29-10-2017,No,5,3,3,1,14-11-2022,3,1,4,3,0,3,3,3
FB6A-3F11,Female,22,Frequent Traveller,Technology,21,1,Information Systems,Data Scientist,34193,No,29-04-2018,No,4,2,4,3,14-11-2022,2,3,2,1,2,3,5,4
0E85-1FC5,Female,31,Some Travel,Technology,21,3,Computer Science,Senior Software Engineer,127182,No,08-03-2020,No,2,0,0,1,14-11-2022,5,5,2,2,1,4,5,4
9758-DE2F,Female,28,Some Travel,Technology,15,4,Other,Sales Executive,319619,Yes,26-01-2021,No,1,1,1,0,14-11-2022,3,5,4,1,3,5,4,4
A848-F98B,Male,25,Some Travel,Technology,37,2,Computer Science,Data Scientist,38038,No,26-01-2018,Yes,2,1,1,1,12-05-2015,5,4,4,3,3,5,5,5
D061-5CAD,Male,22,No Travel ,Technology,25,4,Business Studies,Software Engineer,31386,No,13-05-2019,No,3,2,2,1,15-11-2022,3,3,2,3,1,3,3,2
C395-8C36,Male,33,Some Travel,Human Resources,3,1,Technical Degree,Recruiter,53616,Yes,19-01-2012,No,10,2,3,7,16-11-2022,3,2,4,2,0,2,5,5
B063-A2B5,Male,41,Some Travel,Sales,11,1,Marketing,Sales Executive,81654,No,28-11-2014,No,8,3,4,7,16-11-2022,1,3,1,2,1,3,4,4
5EE9-CFCF,Female,48,Frequent Traveller,Technology,15,4,Computer Science,Engineering Manager,309371,Yes,18-05-2020,No,2,1,1,1,16-11-2022,4,2,3,2,3,3,3,3
C25C-C434,Female,35,Frequent Traveller,Technology,39,4,Computer Science,Software Engineer,71257,No,01-05-2012,No,10,1,6,10,17-11-2022,1,4,3,2,3,2,3,2
4DA0-81D7,Male,28,Some Travel,Human Resources,34,2,Marketing ,HR Executive,94534,No,11-05-2013,No,9,3,3,1,17-11-2022,3,5,2,2,1,4,3,3
7DD6-128C,Female,32,No Travel ,Sales,2,4,Marketing,Sales Executive,114246,No,26-07-2014,No,8,3,6,5,17-11-2022,2,2,3,1,0,2,4,4
BD33-DB2F,Male,24,Some Travel,Technology,17,5,Computer Science,Machine Learning Engineer,63747,No,09-01-2020,No,2,1,1,0,17-11-2022,4,2,1,3,2,3,3,3
8292-6635,Male,26,Some Travel,Sales,14,4,Marketing ,Sales Executive,127450,No,11-07-2015,No,7,0,0,1,18-11-2022,5,4,5,2,0,3,4,3
8328-A764,Male,24,Some Travel,Technology,17,4,Other,Software Engineer,30720,No,09-09-2017,No,5,4,5,4,18-11-2022,3,5,3,3,0,4,5,4
1C87-44CB,Female,28,Frequent Traveller,Technology,9,3,Computer Science,Software Engineer,48930,Yes,14-03-2012,Yes,7,4,6,2,13-05-2015,5,4,2,3,0,3,3,2
A4E5-CE62,Female,23,Some Travel,Technology,1,1,Information Systems,Machine Learning Engineer,62324,No,14-08-2019,No,3,1,3,3,18-11-2022,3,3,4,3,1,5,5,4
085C-7FC2,Male,47,No Travel ,Sales,17,4,Other,Sales Executive,176158,No,13-04-2012,No,10,9,10,2,19-11-2022,5,4,2,3,1,4,5,4
8078-6154,Female,26,Some Travel,Sales,29,1,Marketing,Manager,172070,No,09-04-2017,No,5,4,4,3,19-11-2022,3,4,2,3,1,3,3,2
CC88-AE14,Female,25,Some Travel,Technology,27,2,Computer Science,Machine Learning Engineer,84770,Yes,20-12-2016,No,6,0,5,0,19-11-2022,4,2,4,3,1,5,3,2
9756-3EAB,Female,22,Some Travel,Technology,21,3,Computer Science,Software Engineer,27097,No,28-04-2019,No,3,3,3,1,19-11-2022,4,3,4,3,0,4,4,4
7FFD-C810,Female,32,Some Travel,Technology,22,2,Other,Data Scientist,75821,No,30-01-2012,No,10,1,5,1,20-11-2022,4,3,2,1,2,4,4,4
9360-3A68,Female,27,No Travel ,Technology,12,3,Information Systems,Data Scientist,41524,No,12-11-2015,No,7,6,6,6,20-11-2022,3,3,3,3,1,4,5,5
3D9E-FB05,Male,25,Some Travel,Sales,2,4,Economics,Sales Executive,75555,No,08-11-2016,No,6,5,6,4,20-11-2022,4,4,3,3,0,3,4,4
C219-6C2E,Male,34,Some Travel,Sales,30,2,Marketing,Sales Executive,133468,No,05-01-2012,No,10,3,7,9,21-11-2022,4,2,4,3,0,2,5,5
757F-78FE,Male,25,No Travel ,Technology,32,4,Information Systems,Machine Learning Engineer,52614,No,08-05-2016,No,6,4,5,1,21-11-2022,3,2,2,3,0,4,3,2
CC8A-0B1F,Female,28,Some Travel,Technology,23,2,Business Studies,Data Scientist,65328,No,27-06-2014,Yes,5,4,4,0,02-03-2013,4,3,4,2,0,2,5,5
41FE-D257,Male,23,Frequent Traveller,Sales,31,3,Technical Degree,Sales Representative,23505,No,12-07-2017,Yes,1,0,0,0,13-05-2015,5,3,2,1,1,2,5,4
A862-3880,Male,22,Some Travel,Technology,10,3,Computer Science,Senior Software Engineer,66552,Yes,30-12-2018,No,4,1,2,0,21-11-2022,2,3,1,2,1,1,4,3
36A3-F0A5,Male,23,Frequent Traveller,Technology,40,3,Computer Science,Senior Software Engineer,79724,No,23-09-2020,No,2,0,2,0,21-11-2022,4,5,5,3,0,5,4,3
CC1D-5D73,Female,40,No Travel ,Sales,9,3,Marketing ,Manager,254535,No,25-04-2020,No,2,2,2,1,21-11-2022,3,4,4,1,2,1,3,3
1749-81A2,Female,48,Some Travel,Technology,17,3,Information Systems,Software Engineer,65860,No,01-02-2012,No,10,6,7,1,22-11-2022,3,3,2,3,1,4,3,2
C22D-CE5F,Female,42,Frequent Traveller,Sales,37,3,Marketing ,Sales Executive,189256,No,10-07-2014,No,8,1,2,2,23-11-2022,3,3,2,2,3,2,5,5
E523-D168,Male,27,Some Travel,Sales,42,2,Technical Degree,Sales Executive,68638,Yes,10-03-2015,No,7,7,7,0,23-11-2022,4,3,3,3,1,4,5,4
138C-2AEA,Female,22,No Travel ,Sales,16,1,Marketing ,Sales Representative,27053,No,10-04-2020,No,2,0,2,2,23-11-2022,5,4,3,2,0,5,3,2
218E-AB6F,Male,42,Some Travel,Technology,28,3,Computer Science,Engineering Manager,380905,No,06-02-2021,No,1,0,1,1,23-11-2022,5,5,5,3,3,4,4,3
5B11-3DB3,Female,24,Some Travel,Sales,43,4,Economics,Sales Executive,144335,No,11-10-2018,Yes,0,0,0,0,24-11-2022,4,2,2,3,0,2,3,2
6A2B-42DB,Female,21,Frequent Traveller,Technology,41,2,Information Systems,Software Engineer,23612,Yes,28-09-2022,Yes,0,0,0,0,24-11-2022,1,3,1,3,1,1,3,2
42CC-040A,Female,29,Some Travel,Human Resources,29,2,Technical Degree,Recruiter,49606,No,05-01-2012,Yes,6,1,1,6,14-05-2015,5,2,5,2,1,3,3,2
F838-C681,Male,32,Some Travel,Technology,22,4,Business Studies,Software Engineer,72688,No,06-05-2013,No,9,3,3,8,24-11-2022,4,3,2,2,1,4,3,2
6413-42F1,Female,27,Some Travel,Human Resources,24,2,Other,HR Executive,55206,No,13-07-2016,No,6,1,3,4,24-11-2022,4,2,5,2,1,2,5,5
3994-472A,Male,29,Some Travel,Technology,33,3,Computer Science,Software Engineer,153909,No,23-04-2012,No,10,10,10,2,25-11-2022,4,2,5,2,0,5,3,3
DE9A-5E67,Female,33,Some Travel,Technology,3,4,Computer Science,Engineering Manager,307688,No,12-10-2020,No,2,2,2,0,25-11-2022,4,2,4,3,2,4,3,2
12B5-11CC,Female,30,Some Travel,Technology,8,3,Information Systems,Software Engineer,70771,No,08-03-2012,No,10,9,9,2,26-11-2022,4,4,5,3,0,4,5,5
4969-9A35,Non-Binary,39,Frequent Traveller,Technology,8,4,Information Systems,Software Engineer,137427,Yes,04-03-2012,No,10,9,10,8,27-11-2022,1,4,2,3,2,4,4,4
2BEA-43B2,Male,48,Some Travel,Technology,44,1,Computer Science,Software Engineer,103198,No,03-04-2013,No,9,7,9,2,27-11-2022,5,3,5,1,0,2,4,4
6A67-EC2C,Female,23,Some Travel,Sales,21,4,Marketing,Sales Executive,37626,No,04-02-2017,No,5,4,4,2,27-11-2022,4,3,3,3,1,4,4,4
5B38-57D2,Male,20,Frequent Traveller,Technology,28,3,Information Systems,Software Engineer,29835,Yes,05-07-2020,No,2,0,0,0,27-11-2022,5,3,5,1,1,5,5,4
C54B-DBC5,Female,33,Frequent Traveller,Sales,33,5,Marketing,Sales Executive,115114,No,12-11-2013,No,9,9,9,6,28-11-2022,5,3,5,3,0,3,4,3
C9FF-3A25,Male,28,No Travel ,Technology,17,2,Information Systems,Software Engineer,54324,Yes,10-09-2015,Yes,3,3,3,1,14-05-2015,4,2,5,2,2,5,3,2
B312-7192,Female,39,No Travel ,Sales,12,2,Marketing ,Sales Executive,89351,No,11-11-2014,No,8,2,2,0,28-11-2022,3,3,4,2,1,4,5,4
296A-A685,Female,27,No Travel ,Technology,34,2,Business Studies,Data Scientist,30783,No,03-02-2015,No,7,7,7,2,29-11-2022,4,1,3,2,0,4,4,4
9FE1-0345,Male,28,Some Travel,Technology,6,1,Information Systems,Data Scientist,87175,No,21-04-2012,No,10,6,10,7,30-11-2022,4,1,4,3,3,3,5,4
F265-79B0,Female,37,Frequent Traveller,Technology,14,4,Computer Science,Machine Learning Engineer,99936,No,01-05-2012,No,10,9,10,6,30-11-2022,5,5,2,2,0,4,4,4
D676-2084,Male,21,Some Travel,Human Resources,41,2,Economics,Recruiter,20583,No,20-06-2020,No,2,0,1,0,30-11-2022,3,4,2,1,0,5,4,3
4886-62DF,Female,48,Some Travel,Technology,45,3,Other,Senior Software Engineer,207456,No,18-10-2013,No,9,2,6,4,01-12-2022,3,2,3,3,1,3,3,3
6987-6124,Male,25,Frequent Traveller,Technology,21,4,Information Systems,Engineering Manager,182961,No,15-11-2016,No,6,3,5,1,01-12-2022,4,3,2,3,1,5,5,5
BD70-7DAE,Male,22,Frequent Traveller,Technology,2,3,Business Studies,Software Engineer,37014,Yes,23-10-2020,Yes,1,0,1,0,02-12-2022,5,3,4,1,1,3,5,4
DDAC-D5FD,Male,22,Frequent Traveller,Technology,4,3,Information Systems,Data Scientist,21854,No,18-06-2021,Yes,0,0,0,0,02-12-2022,4,5,2,3,1,5,3,2
ACB2-6640,Female,24,Some Travel,Sales,16,4,Marketing ,Sales Executive,75250,No,29-06-2018,No,4,0,0,0,02-12-2022,1,2,4,3,1,2,5,5
BE93-0736,Male,35,No Travel ,Technology,17,2,Computer Science,Senior Software Engineer,117151,No,26-03-2012,No,10,3,7,6,14-05-2015,5,5,2,2,1,5,4,3
3D71-8DC2,Male,38,Some Travel,Sales,20,4,Marketing ,Sales Executive,147098,No,11-01-2012,No,10,5,8,2,04-12-2022,3,3,2,3,1,3,5,5
A923-9EF6,Female,41,Frequent Traveller,Technology,7,1,Business Studies,Machine Learning Engineer,107008,No,05-02-2012,No,10,9,10,9,04-12-2022,3,2,2,1,1,5,4,4
DFA9-990E,Male,43,No Travel ,Sales,34,4,Marketing ,Sales Executive,108315,No,17-01-2012,No,10,9,10,10,04-12-2022,5,3,5,2,3,2,4,4
D39D-4015,Female,30,Frequent Traveller,Technology,28,3,Information Systems,Software Engineer,46388,No,16-01-2014,No,8,6,6,3,04-12-2022,4,2,4,3,0,3,3,3
4A39-E8E6,Male,35,Some Travel,Technology,26,3,Information Systems,Engineering Manager,311475,No,15-04-2014,No,8,0,0,2,04-12-2022,1,1,3,2,1,2,4,3
C6EC-FEB5,Female,38,Some Travel,Sales,1,1,Economics,Sales Executive,151141,No,19-01-2012,No,10,3,6,9,06-12-2022,3,3,4,1,0,2,4,4
1B4A-5D80,Female,26,Some Travel,Technology,37,4,Information Systems,Analytics Manager,107863,Yes,03-01-2016,No,6,3,6,0,06-12-2022,4,5,4,3,2,2,3,3
598D-E3B4,Male,19,No Travel ,Technology,9,3,Information Systems,Software Engineer,29798,Yes,19-03-2022,Yes,0,0,0,0,07-12-2022,5,3,4,1,1,2,4,4
B98B-4689,Non-Binary,22,Frequent Traveller,Sales,28,4,Marketing ,Sales Executive,39845,No,13-01-2019,Yes,1,0,0,0,07-12-2022,1,3,3,2,1,1,3,3
DBF0-2EA3,Female,27,Frequent Traveller,Technology,1,4,Computer Science,Senior Software Engineer,56302,Yes,04-08-2016,No,6,3,5,4,07-12-2022,1,1,2,3,0,2,5,5
1F0F-458C,Female,29,Some Travel,Technology,3,3,Business Studies,Data Scientist,60388,Yes,11-04-2013,Yes,5,1,3,1,15-05-2015,5,5,3,2,1,2,4,3
63BF-A86A,Female,39,Frequent Traveller,Human Resources,16,3,Human Resources,HR Executive,201564,Yes,12-10-2022,Yes,0,0,0,0,08-12-2022,5,4,5,2,1,3,3,2
58C8-63FA,Male,38,Some Travel,Technology,40,4,Computer Science,Senior Software Engineer,126505,No,15-04-2012,No,10,1,5,8,08-12-2022,4,4,2,2,1,3,5,4
9112-D01B,Female,50,Some Travel,Sales,23,3,Marketing ,Manager,266449,Yes,27-05-2020,No,2,1,2,2,08-12-2022,5,2,2,3,1,5,5,4
8A18-9075,Female,31,Frequent Traveller,Technology,25,5,Information Systems,Analytics Manager,362540,No,03-03-2021,No,1,0,0,0,09-12-2022,2,4,2,1,0,4,4,3
CF8D-7379,Prefer Not To Say,43,Some Travel,Technology,14,4,Information Systems,Engineering Manager,365504,Yes,04-11-2013,No,9,6,7,8,10-12-2022,3,5,5,2,1,3,4,4
8892-77D8,Male,35,Some Travel,Technology,29,3,Information Systems,Engineering Manager,519361,Yes,04-05-2019,No,3,2,3,1,10-12-2022,4,4,2,3,0,2,3,3
C62F-44EF,Female,39,Frequent Traveller,Human Resources,25,3,Economics,HR Business Partner,349233,No,06-04-2019,No,3,0,2,0,10-12-2022,5,2,4,1,2,4,4,3
08AC-30AB,Male,51,Some Travel,Technology,30,3,Computer Science,Analytics Manager,232658,No,17-01-2021,No,1,1,1,1,10-12-2022,5,3,3,1,0,5,3,2
533B-938D,Male,28,Some Travel,Sales,43,4,Marketing ,Sales Executive,157549,No,20-10-2015,No,7,0,0,3,11-12-2022,3,3,4,2,0,1,5,4
BEE2-8052,Female,26,Some Travel,Technology,45,3,Computer Science,Software Engineer,74096,No,19-09-2017,No,5,0,5,4,11-12-2022,5,3,4,2,2,5,4,3
FFCF-0BD5,Prefer Not To Say,23,Some Travel,Human Resources,42,1,Marketing ,Recruiter,30683,No,25-06-2017,No,5,5,5,5,16-05-2015,5,3,3,1,1,2,3,3
E6D9-ADEE,Female,20,No Travel ,Technology,45,2,Computer Science,Software Engineer,28262,No,29-08-2020,Yes,1,0,0,0,12-12-2022,3,2,4,1,0,3,5,4
E5C1-B122,Female,36,No Travel ,Sales,33,4,Marketing,Sales Executive,116057,No,19-03-2012,No,10,2,10,2,12-12-2022,3,4,5,3,2,2,5,5
7F5B-92AD,Male,27,Some Travel,Technology,43,4,Computer Science,Senior Software Engineer,105702,No,30-03-2019,No,3,3,3,1,12-12-2022,3,4,1,2,3,3,4,4
D1C6-25BE,Male,19,Some Travel,Technology,26,3,Information Systems,Software Engineer,43961,No,19-02-2021,No,1,0,1,1,12-12-2022,3,2,4,1,0,2,4,4
9862-8904,Female,23,Some Travel,Technology,33,2,Information Systems,Machine Learning Engineer,77798,No,12-07-2019,No,3,2,3,0,13-12-2022,4,1,2,3,0,4,4,4
C768-BBF8,Female,30,Some Travel,Technology,19,3,Computer Science,Senior Software Engineer,125751,No,11-03-2021,No,1,0,1,1,13-12-2022,2,1,2,2,0,4,5,5
08FC-817E,Female,26,Some Travel,Technology,43,4,Computer Science,Software Engineer,30217,No,04-09-2015,No,7,2,4,0,14-12-2022,3,4,2,3,0,3,3,2
E55E-9436,Male,41,No Travel ,Sales,34,3,Marketing ,Sales Executive,326896,Yes,03-02-2020,Yes,2,1,1,1,15-12-2022,4,3,3,3,3,5,5,4
9CC0-FF43,Female,25,Some Travel,Technology,32,3,Information Systems,Software Engineer,35586,No,17-02-2017,No,5,4,5,0,15-12-2022,4,1,1,3,3,3,5,5
3A36-DA50,Female,24,Some Travel,Technology,26,3,Information Systems,Senior Software Engineer,80374,No,14-10-2017,No,5,4,4,4,15-12-2022,5,4,3,1,1,2,3,2
0A05-3943,Female,26,Some Travel,Technology,20,3,Business Studies,Software Engineer,33273,Yes,20-01-2015,Yes,2,1,1,0,17-05-2015,3,5,5,3,2,4,3,3
CAD7-01BE,Male,47,Some Travel,Sales,26,4,Marketing,Sales Executive,244765,Yes,04-07-2018,No,4,2,3,1,15-12-2022,5,3,3,1,3,2,3,3
DF94-FD29,Male,22,Frequent Traveller,Sales,4,4,Marketing,Sales Executive,75816,No,24-12-2020,Yes,1,0,0,0,16-12-2022,2,4,1,3,2,4,4,3
9E8E-F2FF,Female,24,No Travel ,Sales,10,4,Marketing,Sales Executive,65432,No,15-06-2019,No,3,1,2,0,16-12-2022,2,1,1,3,2,1,4,4
9C71-34AE,Non-Binary,40,Some Travel,Technology,44,2,Computer Science,Software Engineer,69119,No,15-02-2012,No,10,8,10,5,17-12-2022,4,2,2,3,1,2,3,3
8E5B-CBBF,Male,25,Some Travel,Sales,12,4,Marketing,Sales Executive,67814,No,28-03-2015,No,7,6,7,1,17-12-2022,4,3,2,2,0,2,4,4
C0B9-E4C1,Female,25,Some Travel,Technology,40,2,Computer Science,Machine Learning Engineer,80779,Yes,04-10-2017,No,5,1,4,5,17-12-2022,1,4,3,3,1,4,3,2
AF5D-A8C8,Male,24,Some Travel,Sales,27,4,Marketing ,Sales Executive,86102,Yes,04-05-2021,Yes,0,0,0,0,18-12-2022,4,1,4,1,0,3,3,3
DCFE-F601,Male,48,Some Travel,Technology,36,3,Information Systems,Senior Software Engineer,180561,No,01-06-2013,No,9,1,8,7,18-12-2022,5,4,4,1,1,5,5,4
776A-CDBC,Female,26,Some Travel,Sales,4,2,Economics,Sales Executive,82147,No,05-12-2016,No,6,2,4,3,18-12-2022,3,1,4,1,1,3,3,2
D471-4BFF,Male,24,Frequent Traveller,Sales,9,3,Marketing ,Sales Executive,45410,No,04-02-2019,No,3,3,3,1,18-12-2022,1,4,3,3,1,4,5,5
9F65-F612,Female,28,Some Travel,Technology,33,3,Computer Science,Data Scientist,54536,No,23-04-2012,Yes,3,3,3,2,17-05-2015,3,4,3,1,0,2,3,3
0CED-EE28,Female,48,Some Travel,Technology,25,1,Computer Science,Data Scientist,47464,No,06-03-2012,No,10,4,8,10,19-12-2022,5,3,3,2,1,4,5,4
5C61-8F3A,Female,34,Some Travel,Technology,5,1,Information Systems,Data Scientist,127432,Yes,06-02-2012,No,10,8,9,9,19-12-2022,3,3,2,2,2,3,3,2
13E5-8466,Female,47,Some Travel,Sales,14,4,Marketing ,Manager,410970,No,06-12-2014,No,8,2,5,8,19-12-2022,2,3,4,1,1,2,4,4
10CE-8403,Female,27,Some Travel,Technology,31,4,Computer Science,Senior Software Engineer,120225,No,08-11-2015,No,7,2,5,4,20-12-2022,4,4,5,2,3,2,4,4
A2FB-2D5D,Female,43,Some Travel,Technology,11,5,Information Systems,Analytics Manager,482510,No,17-03-2012,No,10,9,9,1,21-12-2022,4,4,1,1,0,2,4,3
F93D-CB5A,Female,40,Some Travel,Technology,26,3,Information Systems,Senior Software Engineer,120858,No,29-04-2012,No,10,9,9,8,21-12-2022,3,2,4,1,2,3,5,4
0697-ADC3,Male,38,No Travel ,Technology,4,3,Information Systems,Software Engineer,45942,Yes,30-01-2014,No,8,4,5,8,21-12-2022,4,5,2,1,0,4,5,5
A896-CDE2,Female,25,Some Travel,Technology,16,5,Information Systems,Software Engineer,28317,Yes,13-05-2015,No,7,4,6,5,21-12-2022,4,4,4,3,1,4,3,3
5E53-1897,Male,23,Some Travel,Technology,6,4,Other,Software Engineer,87483,Yes,06-03-2017,No,5,1,2,0,22-12-2022,5,3,2,2,0,3,4,3
0B49-32CD,Female,20,Some Travel,Technology,30,2,Information Systems,Data Scientist,41179,No,04-11-2020,No,2,0,0,0,22-12-2022,3,4,4,1,0,3,3,3
64D6-0D5F,Non-Binary,37,Some Travel,Technology,28,3,Information Systems,Analytics Manager,368494,Yes,14-05-2012,No,10,8,9,6,17-05-2015,5,2,2,3,0,3,4,3
AE9F-5268,Male,22,Some Travel,Technology,6,3,Computer Science,Software Engineer,43072,Yes,09-07-2020,No,2,1,2,1,22-12-2022,3,5,2,3,1,5,5,5
E681-7B57,Male,18,Frequent Traveller,Technology,26,2,Information Systems,Data Scientist,31532,No,22-05-2022,Yes,0,0,0,0,23-12-2022,3,5,2,3,1,5,5,4
637B-DBAD,Male,44,Some Travel,Technology,31,2,Computer Science,Software Engineer,81297,Yes,14-12-2013,No,9,1,8,9,23-12-2022,4,4,5,3,0,5,3,3
D836-B375,Female,44,Some Travel,Technology,21,2,Computer Science,Software Engineer,91563,No,06-11-2013,No,9,9,9,8,23-12-2022,5,4,4,3,0,2,5,5
63E9-F74A,Male,25,Frequent Traveller,Technology,11,1,Business Studies,Machine Learning Engineer,67708,No,02-11-2015,No,7,7,7,0,23-12-2022,5,4,4,3,1,4,3,3
B492-D447,Male,28,Some Travel,Sales,3,2,Marketing ,Sales Executive,128719,No,21-07-2015,No,7,1,3,6,23-12-2022,5,4,4,2,0,2,5,5
1BAE-4DA1,Female,25,No Travel ,Technology,27,4,Business Studies,Software Engineer,28288,No,01-03-2017,No,5,5,5,0,23-12-2022,4,4,2,3,2,3,3,3
61CC-2C1D,Male,25,Some Travel,Technology,2,3,Computer Science,Engineering Manager,217544,No,25-04-2016,No,6,5,6,6,23-12-2022,3,5,2,1,3,3,4,3
7054-B62C,Male,33,Frequent Traveller,Technology,32,1,Computer Science,Machine Learning Engineer,188180,No,27-04-2019,No,3,1,3,3,23-12-2022,2,3,1,3,1,2,3,2
6C42-A719,Female,22,Some Travel,Technology,37,3,Computer Science,Data Scientist,30442,Yes,11-03-2020,Yes,0,0,0,0,24-12-2022,4,3,3,3,0,4,3,2
4D59-B831,Female,25,Some Travel,Human Resources,14,1,Human Resources,Recruiter,22150,No,25-06-2018,Yes,2,0,1,1,20-05-2015,3,4,4,1,1,2,5,5
A9EB-9E41,Female,30,Some Travel,Technology,30,1,Computer Science,Machine Learning Engineer,228438,No,30-04-2012,No,10,6,9,10,24-12-2022,3,5,4,2,1,5,4,3
1FAC-768D,Male,24,Frequent Traveller,Technology,44,4,Computer Science,Software Engineer,61230,No,17-08-2019,No,3,2,3,3,24-12-2022,4,1,2,2,1,3,3,3
4CA1-F139,Male,24,Frequent Traveller,Technology,34,2,Computer Science,Software Engineer,28484,Yes,01-05-2019,Yes,1,1,1,1,25-12-2022,3,3,4,3,0,3,3,3
7696-E50D,Female,21,Some Travel,Technology,1,4,Information Systems,Software Engineer,34133,Yes,30-05-2020,No,2,2,2,1,25-12-2022,2,4,3,1,1,2,5,5
DCA7-D382,Male,22,Some Travel,Technology,8,1,Information Systems,Data Scientist,54371,No,06-08-2018,No,4,4,4,2,26-12-2022,3,5,4,3,1,3,4,4
FADE-8191,Non-Binary,28,Some Travel,Technology,42,4,Computer Science,Data Scientist,85987,No,20-07-2020,No,2,0,1,0,26-12-2022,5,2,2,2,2,5,5,4
1609-65E1,Female,33,Frequent Traveller,Technology,34,2,Computer Science,Machine Learning Engineer,91407,No,17-04-2013,No,9,9,9,4,27-12-2022,5,2,3,2,2,3,4,3
4D7E-BDA4,Male,34,Some Travel,Sales,19,3,Marketing ,Sales Representative,46740,No,06-03-2014,No,8,1,6,1,27-12-2022,3,2,4,3,0,5,3,3
2857-A950,Male,24,Some Travel,Sales,13,2,Economics,Sales Executive,64852,No,05-03-2017,No,5,1,5,2,27-12-2022,4,4,3,2,0,4,5,5
CA1B-0302,Female,22,Some Travel,Human Resources,11,3,Marketing ,Recruiter,26880,No,10-12-2020,No,2,2,2,1,27-12-2022,3,3,2,2,0,3,5,5
EACC-D1F6,Male,25,Some Travel,Technology,20,3,Computer Science,Data Scientist,27673,Yes,05-05-2017,Yes,3,2,3,1,03-03-2013,3,2,4,2,1,3,5,5
5060-A677,Male,26,Frequent Traveller,Technology,45,3,Information Systems,Machine Learning Engineer,108865,No,21-01-2016,Yes,1,0,0,1,20-05-2015,5,4,4,2,0,4,4,3
03EF-5904,Male,31,Some Travel,Technology,45,3,Other,Machine Learning Engineer,195261,No,09-09-2013,No,9,3,4,5,28-12-2022,4,5,5,3,2,2,4,4
B3A4-91F0,Male,23,Frequent Traveller,Technology,12,3,Computer Science,Senior Software Engineer,68820,No,05-08-2020,No,2,2,2,1,28-12-2022,4,3,2,3,2,2,5,4
74F2-5C55,Male,47,Some Travel,Technology,40,2,Computer Science,Data Scientist,108798,No,12-04-2012,No,10,0,4,7,29-12-2022,4,2,4,2,3,5,3,3
ACA9-5DC2,Female,46,Frequent Traveller,Sales,14,1,Economics,Sales Executive,205159,No,07-03-2012,No,10,1,9,6,29-12-2022,2,3,1,3,0,4,5,4
211E-BC82,Female,28,Frequent Traveller,Technology,6,1,Information Systems,Software Engineer,47148,No,09-11-2013,No,9,3,8,8,29-12-2022,3,3,3,2,3,1,4,3
E47D-E3C5,Male,26,Some Travel,Technology,14,1,Computer Science,Software Engineer,33180,Yes,10-11-2015,No,7,5,7,3,29-12-2022,4,4,4,3,2,3,5,4
097B-A688,Male,23,Some Travel,Technology,33,2,Information Systems,Data Scientist,26198,Yes,04-04-2017,No,5,4,4,0,29-12-2022,4,3,4,2,0,1,5,5
1A2D-52EC,Female,25,Some Travel,Technology,9,3,Information Systems,Software Engineer,39636,Yes,21-07-2016,No,6,0,5,1,29-12-2022,2,3,1,2,1,1,4,4
6CC9-81FC,Male,25,No Travel ,Technology,43,3,Computer Science,Data Scientist,33086,No,15-03-2018,No,4,4,4,2,29-12-2022,3,2,5,3,0,2,4,3
AAD7-8DDC,Male,50,No Travel ,Technology,11,1,Computer Science,Engineering Manager,337946,No,15-08-2020,No,2,1,2,1,31-12-2022,4,5,2,1,2,2,4,4
A2D0-E2D2,Female,26,Some Travel,Technology,25,3,Information Systems,Software Engineer,22089,Yes,15-12-2014,Yes,1,0,0,0,20-05-2015,5,2,2,3,1,4,3,3
BE54-8537,Female,26,Frequent Traveller,Technology,14,3,Computer Science,Software Engineer,36794,No,18-11-2015,Yes,5,3,4,3,20-05-2015,5,4,4,2,1,3,5,4
9169-FC4B,Male,28,Some Travel,Human Resources,18,2,Economics,HR Executive,179561,No,09-05-2012,Yes,1,0,0,1,21-05-2015,4,4,2,3,2,4,3,2
00B0-F199,Male,23,Some Travel,Sales,35,1,Marketing ,Sales Executive,97824,Yes,16-03-2020,Yes,1,0,1,0,22-05-2015,5,2,3,2,0,3,5,4
1705-0DE5,Female,38,Some Travel,Technology,10,3,Business Studies,Engineering Manager,303360,No,16-10-2021,Yes,0,0,0,0,23-05-2015,4,2,4,1,2,4,3,2
8766-F1E7,Male,25,Some Travel,Technology,18,4,Information Systems,Machine Learning Engineer,130434,Yes,26-09-2016,Yes,0,0,0,0,24-05-2015,4,3,2,3,2,3,3,2
45F9-3A37,Male,21,Some Travel,Technology,34,4,Information Systems,Software Engineer,61758,No,22-11-2022,Yes,0,0,0,0,24-05-2015,5,3,4,2,2,5,3,3
BD1B-53A3,Male,43,Some Travel,Sales,27,3,Marketing,Sales Executive,128885,Yes,17-01-2012,No,10,1,10,2,24-05-2015,5,4,3,2,1,4,5,4
06DE-E772,Male,34,Frequent Traveller,Sales,45,3,Marketing ,Sales Executive,341971,No,02-09-2020,Yes,1,0,0,0,25-05-2015,3,4,5,1,1,2,3,2
C57E-6E4F,Male,24,No Travel ,Technology,35,3,Computer Science,Data Scientist,32502,Yes,06-02-2018,Yes,1,1,1,0,04-03-2013,3,3,3,1,0,5,5,5
D91C-815B,Female,22,Frequent Traveller,Sales,26,2,Economics,Sales Representative,42250,Yes,23-05-2018,Yes,4,1,3,2,27-05-2015,4,3,4,2,0,5,5,4
29C2-1A3F,Female,30,Some Travel,Technology,32,3,Information Systems,Senior Software Engineer,158656,No,25-12-2019,Yes,2,1,1,2,27-05-2015,3,2,5,3,0,2,3,3
462E-03DF,Female,45,Some Travel,Technology,20,1,Computer Science,Software Engineer,90264,Yes,19-03-2012,No,10,2,4,4,27-05-2015,4,5,5,1,2,4,4,4
2F98-E645,Female,29,Frequent Traveller,Technology,17,3,Computer Science,Data Scientist,105554,Yes,25-02-2014,Yes,5,2,5,2,28-05-2015,5,4,4,1,1,5,4,3
F469-0427,Female,19,Frequent Traveller,Human Resources,31,4,Marketing ,Recruiter,36832,Yes,20-02-2022,Yes,0,0,0,0,28-05-2015,4,4,2,3,1,4,3,2
CACA-0D62,Female,32,Some Travel,Technology,33,3,Information Systems,Data Scientist,121881,No,09-02-2014,No,8,7,8,8,29-05-2015,4,5,5,3,1,5,4,4
C08F-94F9,Male,26,Some Travel,Technology,32,3,Information Systems,Software Engineer,40100,Yes,30-07-2015,Yes,0,0,0,0,30-05-2015,5,5,3,2,3,2,4,3
DEBE-1622,Male,28,Frequent Traveller,Technology,22,5,Computer Science,Machine Learning Engineer,205433,No,02-04-2012,Yes,4,1,2,1,30-05-2015,4,2,2,2,1,2,4,4
9C27-3F5C,Female,24,Some Travel,Technology,20,1,Computer Science,Software Engineer,32930,Yes,24-09-2019,No,3,3,3,0,30-05-2015,3,5,2,2,2,5,5,5
6313-8E62,Male,23,Frequent Traveller,Sales,41,1,Marketing ,Sales Representative,26508,Yes,01-05-2020,Yes,1,0,0,0,01-06-2015,5,4,3,2,0,4,3,3
CC2F-670E,Male,29,Frequent Traveller,Technology,26,3,Computer Science,Data Scientist,78541,Yes,23-02-2013,Yes,6,5,5,2,04-03-2013,3,5,2,2,0,3,5,5
B3AF-7E58,Female,45,Some Travel,Human Resources,34,2,Human Resources,Recruiter,54132,Yes,20-01-2012,No,10,10,10,10,02-06-2015,4,3,4,3,1,5,3,3
06E8-4FD4,Female,20,Some Travel,Sales,32,2,Marketing,Sales Representative,38532,Yes,03-12-2022,Yes,0,0,0,0,05-06-2015,4,3,5,3,0,2,5,5
9D7B-9B37,Female,28,Some Travel,Sales,8,3,Marketing,Sales Executive,194964,Yes,04-05-2012,No,10,2,2,8,06-06-2015,4,5,5,1,2,4,4,3
DDBF-9C79,Female,26,Some Travel,Sales,10,4,Marketing,Sales Executive,93246,Yes,25-06-2021,Yes,1,0,0,0,07-06-2015,5,4,5,2,1,2,4,4
B785-D8F8,Male,32,Some Travel,Technology,36,2,Computer Science,Software Engineer,78672,No,29-04-2012,No,10,6,9,5,10-06-2015,5,5,4,2,1,4,4,4
D584-4E31,Female,35,Some Travel,Human Resources,22,1,Economics,Recruiter,67264,No,22-02-2012,No,10,8,8,2,10-06-2015,4,5,4,2,3,5,5,5
8A40-C85A,Female,44,Some Travel,Technology,28,3,Information Systems,Software Engineer,53325,Yes,28-02-2012,No,10,4,8,4,11-06-2015,3,3,5,1,0,2,5,5
3F0C-41A7,Male,24,Some Travel,Sales,27,4,Marketing ,Sales Executive,79828,No,27-01-2016,No,6,2,3,0,13-06-2015,3,3,2,1,0,2,5,5
DFDC-286C,Female,22,Some Travel,Technology,13,4,Information Systems,Machine Learning Engineer,64364,No,09-12-2021,Yes,0,0,0,0,14-06-2015,3,2,5,3,0,5,5,5
3E42-57C8,Male,23,Some Travel,Sales,12,3,Marketing,Sales Executive,84985,No,01-05-2020,Yes,1,0,0,0,15-06-2015,3,2,3,2,1,2,5,5
FD0B-7B0A,Female,27,Some Travel,Sales,21,1,Marketing,Sales Representative,22648,Yes,12-01-2016,Yes,1,0,0,0,04-03-2013,5,3,2,2,1,2,5,5
E9B9-3944,Male,42,Some Travel,Technology,5,1,Computer Science,Data Scientist,47461,No,05-05-2012,No,10,4,7,5,15-06-2015,5,2,5,1,2,4,4,4
AB5F-244C,Male,36,Some Travel,Technology,7,4,Computer Science,Data Scientist,73643,No,14-04-2012,No,10,0,7,9,17-06-2015,4,4,2,1,0,5,3,2
1E61-70EC,Male,46,Some Travel,Technology,11,4,Information Systems,Software Engineer,56608,Yes,31-03-2012,No,10,3,5,9,18-06-2015,4,4,3,3,0,2,3,2
00A3-2445,Male,30,Some Travel,Technology,6,2,Computer Science,Machine Learning Engineer,126238,No,08-03-2012,No,10,3,6,6,20-06-2015,3,3,4,3,1,2,3,3
F4D2-F6F2,Female,47,Some Travel,Technology,8,3,Computer Science,Engineering Manager,287710,No,05-01-2014,No,8,8,8,5,20-06-2015,4,3,5,1,1,2,4,3
BDC5-51CF,Female,25,Frequent Traveller,Sales,3,4,Other,Sales Executive,56163,Yes,26-11-2018,Yes,0,0,0,0,22-06-2015,4,4,3,3,1,5,5,4
5468-EEE1,Male,28,No Travel ,Technology,44,2,Computer Science,Senior Software Engineer,218406,No,17-02-2012,No,10,10,10,10,22-06-2015,3,3,2,1,1,4,3,3
2E72-4BF1,Male,44,Some Travel,Sales,21,3,Marketing,Manager,426142,No,07-02-2012,No,10,4,5,4,23-06-2015,3,2,2,1,1,4,3,2
3EB2-9111,Male,48,Some Travel,Technology,26,4,Information Systems,Data Scientist,35749,No,17-05-2012,No,10,7,7,8,24-06-2015,4,5,3,2,1,3,4,3
8822-B9C5,Female,41,Some Travel,Technology,9,3,Computer Science,Machine Learning Engineer,197592,Yes,24-03-2012,No,10,5,10,0,24-06-2015,4,3,4,3,3,5,3,3
1054-9C3B,Female,30,Some Travel,Technology,1,4,Other,Data Scientist,40285,Yes,21-03-2013,Yes,1,1,1,0,06-03-2013,4,3,2,3,1,2,5,5
9AAD-D3C1,Female,45,Some Travel,Sales,43,2,Other,Sales Executive,106610,Yes,03-05-2012,No,10,0,7,5,25-06-2015,4,2,3,1,1,4,3,3
4CCA-B1E6,Male,43,Some Travel,Sales,39,2,Marketing,Sales Executive,176705,No,05-05-2012,No,10,5,7,7,27-06-2015,3,4,2,3,1,2,4,3
E8F5-C47D,Female,30,Some Travel,Human Resources,19,3,Human Resources,HR Executive,97153,No,25-03-2012,No,10,5,6,9,27-06-2015,3,3,5,3,1,5,5,5
450D-13A9,Female,26,Some Travel,Sales,29,3,Economics,Sales Representative,28024,No,30-11-2015,No,7,0,7,5,27-06-2015,5,5,2,1,2,5,5,5
C0C7-A3EF,Male,48,No Travel ,Sales,9,5,Economics,Sales Executive,125587,No,12-02-2012,No,10,10,10,4,29-06-2015,4,3,3,1,1,2,4,3
C385-CDBE,Female,36,Some Travel,Technology,41,3,Computer Science,Machine Learning Engineer,218940,Yes,14-05-2012,No,10,6,8,5,29-06-2015,5,4,4,3,0,3,5,5
4C88-27A1,Female,21,Some Travel,Technology,38,1,Information Systems,Senior Software Engineer,63049,Yes,01-03-2021,Yes,0,0,0,0,02-07-2015,4,5,2,3,1,3,4,3
5731-90E6,Non-Binary,35,No Travel ,Technology,27,3,Computer Science,Analytics Manager,542695,No,02-03-2012,No,10,5,5,1,02-07-2015,5,3,5,3,0,5,4,4
9723-FED9,Female,24,Some Travel,Technology,4,3,Business Studies,Data Scientist,41555,No,16-08-2018,No,4,4,4,2,02-07-2015,5,5,4,1,3,4,3,2
F9B6-C80B,Female,43,Some Travel,Technology,10,3,Computer Science,Software Engineer,43211,No,12-05-2012,No,10,2,6,9,04-07-2015,3,2,3,2,1,3,3,2
155B-42BE,Female,25,Some Travel,Sales,38,2,Marketing ,Sales Executive,57018,No,21-02-2015,Yes,1,0,0,0,06-03-2013,4,5,5,2,2,2,3,3
2F85-AF81,Non-Binary,42,Some Travel,Technology,12,4,Business Studies,Senior Software Engineer,167089,No,24-05-2012,No,10,7,9,8,06-07-2015,4,2,3,3,2,2,5,5
427A-8C69,Male,32,Some Travel,Technology,15,3,Other,Analytics Manager,393294,No,04-02-2012,No,10,2,2,2,07-07-2015,3,4,3,3,1,2,5,5
8B79-18F1,Female,20,Some Travel,Technology,39,4,Information Systems,Software Engineer,37436,Yes,14-03-2021,Yes,0,0,0,0,09-07-2015,5,3,5,2,1,3,4,4
0FC8-561B,Male,29,Frequent Traveller,Technology,14,3,Computer Science,Senior Software Engineer,93591,No,22-02-2012,No,10,4,10,3,10-07-2015,3,3,2,3,0,4,5,5
7B98-EA6F,Male,44,Some Travel,Technology,23,3,Information Systems,Data Scientist,108623,No,13-05-2012,No,10,3,3,8,10-07-2015,3,3,5,1,2,5,3,2
9A87-71F6,Non-Binary,40,Frequent Traveller,Technology,7,3,Computer Science,Software Engineer,95808,No,21-12-2014,No,8,8,8,2,10-07-2015,4,5,4,3,0,3,3,2
E268-61EB,Female,21,Some Travel,Technology,39,4,Computer Science,Software Engineer,54130,Yes,06-02-2019,Yes,2,1,1,2,11-07-2015,4,2,3,3,0,4,3,3
132B-F2B2,Female,35,Some Travel,Technology,36,4,Computer Science,Software Engineer,59086,Yes,04-03-2012,No,10,2,8,4,11-07-2015,4,4,5,2,2,2,3,2
6345-2F33,Non-Binary,46,Some Travel,Technology,36,2,Computer Science,Machine Learning Engineer,102964,No,17-03-2012,No,10,10,10,2,12-07-2015,3,3,2,1,2,4,5,4
246E-3383,Male,26,Some Travel,Sales,16,2,Marketing,Sales Executive,113512,No,25-12-2015,No,7,3,7,6,16-07-2015,5,3,3,2,3,4,3,3
8567-5B27,Female,28,Frequent Traveller,Sales,32,1,Technical Degree,Sales Representative,53439,Yes,27-04-2012,Yes,3,0,0,1,07-03-2013,3,5,5,1,1,5,4,4
D906-B674,Female,42,No Travel ,Technology,45,3,Information Systems,Engineering Manager,259284,No,09-01-2012,No,10,2,6,6,18-07-2015,3,5,2,3,2,3,4,4
D8FC-E2F7,Female,22,Some Travel,Sales,10,3,Economics,Sales Representative,36980,Yes,01-12-2021,Yes,0,0,0,0,19-07-2015,5,5,5,1,0,2,3,3
F0C3-4859,Non-Binary,21,Some Travel,Technology,37,3,Information Systems,Software Engineer,41476,Yes,03-03-2020,Yes,0,0,0,0,19-07-2015,3,3,5,3,1,2,5,5
F4A3-2126,Male,24,Some Travel,Sales,16,2,Marketing,Sales Representative,29128,Yes,31-07-2019,Yes,0,0,0,0,19-07-2015,5,4,4,3,0,3,3,2
F83C-CA1D,Male,21,Some Travel,Technology,16,1,Information Systems,Software Engineer,22515,Yes,05-12-2019,Yes,1,0,0,0,20-07-2015,3,2,3,3,0,4,5,4
C0BE-FED0,Male,40,Some Travel,Sales,35,2,Marketing,Sales Representative,63455,Yes,26-01-2012,No,10,4,8,7,20-07-2015,5,4,4,3,1,4,4,3
9DB2-76B3,Male,41,Some Travel,Sales,17,3,Economics,Sales Executive,116966,No,04-03-2012,No,10,4,10,7,26-07-2015,3,4,2,3,0,3,5,4
D565-284D,Female,47,Frequent Traveller,Sales,21,3,Economics,Sales Executive,65626,No,27-01-2012,No,10,2,5,1,26-07-2015,3,4,5,1,1,5,5,4
7AA0-5766,Female,22,Frequent Traveller,Technology,28,4,Computer Science,Data Scientist,63571,No,28-12-2021,Yes,0,0,0,0,28-07-2015,3,5,2,2,2,4,3,3
F3A3-10CE,Male,40,Some Travel,Sales,37,4,Marketing,Sales Executive,226512,Yes,08-10-2020,Yes,2,1,1,1,29-07-2015,5,4,5,3,0,2,4,3
D970-9F5E,Female,29,Some Travel,Technology,36,3,Computer Science,Data Scientist,46813,No,29-05-2014,Yes,6,1,1,1,07-03-2013,4,3,4,2,0,2,3,3
D69C-8F84,Female,40,Some Travel,Technology,26,3,Information Systems,Data Scientist,59899,No,06-02-2014,No,8,2,3,6,29-07-2015,3,5,4,3,2,3,5,5
CBCB-9C9D,Male,38,Some Travel,Sales,23,4,Marketing,Sales Executive,157718,Yes,04-01-2012,No,10,6,10,0,31-07-2015,4,3,4,3,2,4,5,5
27CD-A6BF,Male,27,Some Travel,Technology,44,3,Computer Science,Software Engineer,45276,Yes,12-12-2015,No,7,6,6,2,01-08-2015,5,4,3,2,1,2,4,3
66BC-7AC0,Male,22,Frequent Traveller,Sales,33,3,Marketing,Sales Representative,33657,No,23-07-2018,Yes,3,0,2,0,05-08-2015,3,4,4,2,0,2,5,5
55D6-1423,Male,43,No Travel ,Technology,15,2,Other,Machine Learning Engineer,76826,No,14-04-2012,No,10,9,9,7,05-08-2015,3,3,4,3,2,3,3,3
ED73-F078,Female,45,Frequent Traveller,Technology,19,1,Computer Science,Software Engineer,136521,No,18-01-2012,No,10,3,6,1,05-08-2015,5,5,3,2,0,5,4,4
5839-7AE2,Male,25,Some Travel,Technology,24,2,Business Studies,Senior Software Engineer,175342,Yes,04-09-2018,No,4,3,4,3,08-08-2015,5,5,3,1,1,3,3,3
2B08-7D3D,Male,45,Some Travel,Sales,19,4,Marketing ,Sales Representative,47326,No,29-02-2012,No,10,10,10,10,11-08-2015,3,4,5,2,1,2,4,4
040C-EDED,Male,22,Frequent Traveller,Technology,45,2,Computer Science,Software Engineer,26782,Yes,08-11-2019,Yes,3,0,2,0,14-08-2015,5,3,4,1,1,3,4,4
AFA8-5058,Male,20,Some Travel,Human Resources,8,4,Human Resources,Recruiter,26186,Yes,06-03-2020,Yes,2,0,0,0,15-08-2015,5,2,3,2,3,2,3,3
7EE7-2C43,Female,29,Some Travel,Technology,9,4,Computer Science,Data Scientist,48321,Yes,26-10-2013,Yes,7,2,3,2,08-03-2013,3,3,5,3,2,4,3,3
6112-8476,Female,43,Some Travel,Technology,18,1,Computer Science,Software Engineer,49882,No,02-02-2014,No,8,3,8,2,16-08-2015,3,3,2,3,0,4,3,2
2A89-93B6,Female,24,Some Travel,Technology,13,4,Computer Science,Data Scientist,30117,No,21-08-2018,Yes,3,1,1,2,17-08-2015,5,4,4,2,0,2,3,3
37EE-004B,Female,22,Some Travel,Technology,29,3,Information Systems,Data Scientist,28790,No,09-01-2019,Yes,3,1,1,2,18-08-2015,4,2,3,3,0,5,5,4
52DD-757F,Female,48,No Travel ,Technology,40,2,Information Systems,Machine Learning Engineer,92884,No,30-05-2012,No,10,5,9,2,18-08-2015,4,3,5,3,1,3,4,3
B76C-D9CE,Female,22,Some Travel,Human Resources,7,2,Economics,Recruiter,29322,Yes,31-01-2021,Yes,1,0,0,0,19-08-2015,3,5,2,2,3,5,3,3
F877-3BF9,Non-Binary,21,Frequent Traveller,Technology,29,4,Information Systems,Software Engineer,61345,No,07-08-2020,Yes,1,0,0,0,22-08-2015,3,3,4,1,0,4,5,4
2962-039F,Female,47,Some Travel,Technology,5,5,Information Systems,Data Scientist,133616,Yes,06-04-2012,No,10,9,9,0,22-08-2015,4,2,5,1,2,4,5,5
D186-CBF5,Female,19,Some Travel,Sales,21,3,Marketing,Sales Representative,33454,Yes,19-05-2022,Yes,0,0,0,0,26-08-2015,4,4,5,1,1,4,3,3
5605-237E,Female,26,Some Travel,Technology,7,3,Computer Science,Data Scientist,34047,Yes,03-12-2015,No,7,4,4,2,26-08-2015,3,3,3,2,2,2,4,4
4FD5-CC71,Female,22,Some Travel,Technology,31,4,Information Systems,Software Engineer,75738,Yes,23-02-2019,Yes,3,1,2,0,28-08-2015,4,3,4,1,0,3,4,3
D954-6402,Male,25,Some Travel,Sales,14,3,Marketing ,Sales Executive,123307,Yes,23-12-2015,Yes,7,2,3,1,08-03-2013,3,5,5,2,0,3,5,4
2DD1-FD7F,Male,22,Some Travel,Technology,3,3,Computer Science,Data Scientist,34753,Yes,18-07-2018,Yes,1,0,0,0,03-09-2015,5,5,2,3,2,4,4,4
39A2-9B0A,Female,19,Frequent Traveller,Sales,35,4,Marketing ,Sales Representative,24959,No,25-10-2022,Yes,0,0,0,0,05-09-2015,3,3,4,3,3,5,4,4
D014-7DB2,Female,20,Some Travel,Sales,16,3,Marketing ,Sales Representative,35754,No,24-08-2020,Yes,0,0,0,0,09-09-2015,3,2,3,3,2,5,4,4
4404-DE5A,Female,32,Some Travel,Technology,39,1,Computer Science,Software Engineer,68256,No,10-05-2012,No,10,7,9,6,13-09-2015,4,3,2,1,3,4,5,5
6135-885F,Female,18,Frequent Traveller,Technology,8,3,Computer Science,Software Engineer,31894,Yes,31-08-2022,Yes,0,0,0,0,15-09-2015,5,2,4,3,3,5,4,4
3F19-FC5A,Male,35,Some Travel,Sales,29,5,Marketing,Sales Executive,182764,Yes,10-03-2012,No,10,7,9,9,17-09-2015,3,2,5,3,0,3,5,5
3476-CA56,Female,24,Some Travel,Sales,16,3,Economics,Sales Representative,25102,No,05-06-2019,Yes,1,0,0,0,22-09-2015,3,5,5,2,0,2,5,5
07F5-A45D,Male,24,Frequent Traveller,Sales,23,2,Economics,Sales Representative,38448,Yes,09-08-2018,Yes,4,3,3,2,23-09-2015,4,2,3,3,1,2,4,4
E7D3-03C9,Male,42,Some Travel,Sales,26,4,Marketing,Sales Executive,91179,No,30-05-2012,No,10,7,9,0,25-09-2015,4,3,3,3,0,3,4,4
7F61-2397,Non-Binary,41,No Travel ,Technology,26,4,Computer Science,Analytics Manager,283081,Yes,03-09-2018,Yes,4,1,3,2,27-09-2015,3,2,5,1,2,5,5,5
73CF-4956,Female,32,Some Travel,Technology,42,4,Computer Science,Data Scientist,102022,No,12-01-2012,No,10,4,5,8,08-03-2013,4,4,5,1,1,4,5,5
EB81-3E51,Female,41,Some Travel,Technology,18,4,Information Systems,Senior Software Engineer,268964,No,01-07-2019,Yes,3,1,1,0,27-09-2015,3,5,5,2,0,3,5,5
469A-8121,Male,30,Some Travel,Technology,36,4,Information Systems,Engineering Manager,328415,No,20-01-2012,No,10,1,10,1,28-09-2015,3,2,2,3,0,2,5,5
1CB3-F7D7,Female,21,No Travel ,Sales,6,4,Other,Sales Executive,43259,No,03-11-2022,Yes,0,0,0,0,29-09-2015,4,3,3,2,0,4,4,4
9085-1FE8,Female,35,Some Travel,Technology,32,2,Business Studies,Data Scientist,119917,Yes,15-05-2012,No,10,5,7,4,29-09-2015,4,4,2,2,3,3,3,3
130F-32AB,Female,20,Some Travel,Technology,6,1,Computer Science,Software Engineer,30714,Yes,05-06-2020,Yes,2,0,1,1,02-10-2015,4,5,3,1,0,4,5,5
B34E-95FF,Male,25,Some Travel,Sales,33,5,Marketing,Sales Executive,87347,Yes,09-11-2019,Yes,2,1,1,0,02-10-2015,4,2,3,1,1,4,4,4
87D2-8B67,Female,45,Some Travel,Technology,34,2,Information Systems,Machine Learning Engineer,152278,Yes,18-04-2012,No,10,8,8,2,02-10-2015,4,5,4,2,0,4,4,3
277A-A6FA,Female,35,Some Travel,Technology,8,4,Information Systems,Machine Learning Engineer,272175,No,12-01-2012,No,10,7,8,2,04-10-2015,4,3,5,2,1,4,3,2
022A-0219,Female,32,Frequent Traveller,Technology,14,3,Business Studies,Software Engineer,86639,No,21-05-2012,No,10,3,9,5,09-10-2015,3,4,5,2,2,4,5,5
817D-28CE,Female,22,Frequent Traveller,Technology,30,3,Computer Science,Data Scientist,40614,Yes,29-07-2020,Yes,0,0,0,0,10-10-2015,3,4,2,2,2,4,5,5
4B6E-3C21,Female,32,Some Travel,Sales,29,4,Economics,Sales Executive,68043,No,25-09-2013,Yes,8,0,1,6,10-03-2013,3,5,4,3,0,3,3,3
EC6A-DD76,Female,20,Frequent Traveller,Technology,31,3,Information Systems,Data Scientist,37361,No,13-09-2021,Yes,0,0,0,0,10-10-2015,4,5,3,2,1,2,3,3
FAC0-942B,Male,32,Some Travel,Technology,30,4,Computer Science,Software Engineer,48377,Yes,21-12-2014,No,8,5,5,6,15-10-2015,4,2,2,3,0,2,5,5
45FF-ACE6,Female,28,Some Travel,Sales,13,3,Marketing ,Sales Executive,207479,No,19-07-2020,Yes,1,0,0,0,18-10-2015,5,4,3,3,0,5,4,4
AA19-95BD,Male,33,Some Travel,Sales,43,4,Marketing,Sales Executive,165988,Yes,08-05-2021,Yes,1,0,0,0,18-10-2015,4,5,3,3,0,5,4,4
7269-88EC,Female,28,Frequent Traveller,Technology,31,1,Other,Senior Software Engineer,176282,Yes,23-04-2019,Yes,2,0,1,0,19-10-2015,5,2,3,1,2,2,4,3
21CB-EF3E,Female,36,Some Travel,Technology,4,3,Information Systems,Senior Software Engineer,208338,No,07-04-2012,No,10,10,10,1,23-10-2015,5,4,4,1,2,3,3,2
7378-5351,Female,35,Some Travel,Technology,43,1,Business Studies,Engineering Manager,243863,Yes,04-02-2014,No,8,1,6,6,26-10-2015,4,2,5,2,1,3,4,4
9C7D-E1B1,Male,22,Some Travel,Technology,26,3,Information Systems,Machine Learning Engineer,62509,No,23-10-2019,Yes,1,0,0,0,27-10-2015,4,4,3,2,1,5,5,5
D199-1896,Female,42,Some Travel,Sales,39,3,Economics,Sales Executive,206277,No,02-05-2012,No,10,6,10,1,27-10-2015,4,4,4,1,1,2,5,5
8C57-8F84,Male,20,Frequent Traveller,Technology,45,2,Information Systems,Software Engineer,22773,Yes,14-04-2021,Yes,1,0,0,0,29-10-2015,5,5,3,1,0,2,4,4
4A0E-9958,Male,26,Some Travel,Technology,6,4,Information Systems,Machine Learning Engineer,89771,Yes,04-10-2016,Yes,1,0,0,0,12-03-2013,3,2,3,2,0,2,5,4
9E22-6287,Non-Binary,48,Some Travel,Technology,37,3,Computer Science,Machine Learning Engineer,145337,No,21-01-2012,No,10,10,10,0,30-10-2015,5,5,3,3,1,4,3,3
3012-1A41,Female,30,Some Travel,Sales,27,5,Marketing,Sales Executive,102059,No,03-01-2012,No,10,4,9,7,31-10-2015,5,5,2,2,1,5,4,4
6280-B47F,Male,25,Frequent Traveller,Technology,39,4,Computer Science,Software Engineer,26545,Yes,21-06-2022,Yes,0,0,0,0,01-11-2015,3,4,5,3,1,2,4,4
EBBD-37D4,Non-Binary,35,Some Travel,Sales,26,4,Marketing,Sales Executive,98435,No,23-04-2012,No,10,7,9,9,03-11-2015,4,4,5,1,1,4,3,2
86E9-319B,Male,24,No Travel ,Technology,21,3,Information Systems,Software Engineer,26451,No,23-09-2019,No,3,1,1,3,03-11-2015,4,5,3,3,0,5,4,4
7FA1-BC64,Male,19,Some Travel,Technology,7,3,Information Systems,Software Engineer,30896,Yes,17-03-2021,Yes,1,0,0,0,04-11-2015,5,2,2,2,3,3,4,3
EC6E-7F42,Male,42,Frequent Traveller,Technology,28,3,Computer Science,Senior Software Engineer,264513,No,08-07-2020,Yes,1,0,0,1,06-11-2015,4,4,5,1,3,4,3,2
67ED-A630,Male,29,Some Travel,Sales,38,4,Marketing,Sales Executive,102061,No,17-01-2013,No,9,5,9,5,07-11-2015,3,3,5,3,1,2,5,4
FD95-9EEB,Male,30,Some Travel,Technology,19,4,Business Studies,Data Scientist,96187,Yes,19-11-2020,Yes,0,0,0,0,08-11-2015,3,2,4,3,3,2,4,4
AFDF-3DA8,Male,41,Some Travel,Sales,35,1,Marketing,Manager,314961,No,23-05-2021,Yes,0,0,0,0,09-11-2015,5,3,2,1,2,5,4,3
2551-DD9B,Female,33,Some Travel,Technology,40,4,Computer Science,Senior Software Engineer,181244,No,15-01-2014,No,8,4,8,8,14-03-2013,3,3,3,2,0,2,4,4
BFF3-AADC,Female,31,No Travel ,Human Resources,25,2,Marketing ,Recruiter,55682,No,25-01-2012,No,10,0,2,0,10-11-2015,3,4,2,1,1,3,5,4
4FC2-A40D,Female,32,No Travel ,Technology,12,3,Computer Science,Engineering Manager,316725,No,02-02-2012,No,10,6,10,2,11-11-2015,4,5,3,1,2,4,4,3
3E4A-F28F,Female,20,Some Travel,Technology,45,2,Information Systems,Senior Software Engineer,41877,No,02-11-2022,Yes,0,0,0,0,12-11-2015,4,4,5,3,0,3,4,3
F578-F0C8,Female,21,Some Travel,Technology,6,5,Business Studies,Software Engineer,25149,No,03-11-2020,Yes,1,1,1,1,12-11-2015,5,3,2,1,2,3,4,3
9728-1A5B,Male,48,Some Travel,Sales,33,2,Marketing ,Sales Executive,191771,No,17-05-2012,No,10,0,10,4,15-11-2015,5,4,3,3,1,4,5,4
C395-8C36,Male,33,Some Travel,Human Resources,3,1,Technical Degree,Recruiter,53616,Yes,19-01-2012,No,10,2,3,7,18-11-2015,5,3,2,1,1,2,5,5
C25C-C434,Female,35,Frequent Traveller,Technology,39,4,Computer Science,Software Engineer,71257,No,01-05-2012,No,10,1,6,10,19-11-2015,5,5,4,3,0,5,3,2
0145-DBFC,Female,34,No Travel ,Technology,8,4,Information Systems,Data Scientist,104268,No,10-02-2014,No,8,7,7,7,20-11-2015,5,4,3,3,1,4,5,4
085C-7FC2,Male,47,No Travel ,Sales,17,4,Other,Sales Executive,176158,No,13-04-2012,No,10,9,10,2,21-11-2015,5,4,5,3,1,5,3,2
7FFD-C810,Female,32,Some Travel,Technology,22,2,Other,Data Scientist,75821,No,30-01-2012,No,10,1,5,1,22-11-2015,5,5,4,1,1,4,5,5
4500-37EB,Male,30,Frequent Traveller,Sales,40,2,Marketing,Sales Representative,44632,No,26-03-2013,Yes,1,0,0,0,17-03-2013,3,4,5,3,2,2,5,5
C219-6C2E,Male,34,Some Travel,Sales,30,2,Marketing,Sales Executive,133468,No,05-01-2012,No,10,3,7,9,23-11-2015,4,3,3,1,3,4,3,2
1749-81A2,Female,48,Some Travel,Technology,17,3,Information Systems,Software Engineer,65860,No,01-02-2012,No,10,6,7,1,24-11-2015,3,2,3,2,2,3,5,4
5B11-3DB3,Female,24,Some Travel,Sales,43,4,Economics,Sales Executive,144335,No,11-10-2018,Yes,0,0,0,0,26-11-2015,3,2,3,2,2,2,5,4
6A2B-42DB,Female,21,Frequent Traveller,Technology,41,2,Information Systems,Software Engineer,23612,Yes,28-09-2022,Yes,0,0,0,0,26-11-2015,3,5,3,2,0,3,5,5
3994-472A,Male,29,Some Travel,Technology,33,3,Computer Science,Software Engineer,153909,No,23-04-2012,No,10,10,10,2,27-11-2015,4,2,4,1,1,3,4,4
12B5-11CC,Female,30,Some Travel,Technology,8,3,Information Systems,Software Engineer,70771,No,08-03-2012,No,10,9,9,2,28-11-2015,5,4,4,2,3,4,4,3
4969-9A35,Non-Binary,39,Frequent Traveller,Technology,8,4,Information Systems,Software Engineer,137427,Yes,04-03-2012,No,10,9,10,8,29-11-2015,3,3,5,2,1,2,4,4
9FE1-0345,Male,28,Some Travel,Technology,6,1,Information Systems,Data Scientist,87175,No,21-04-2012,No,10,6,10,7,02-12-2015,5,5,3,2,2,3,4,3
F265-79B0,Female,37,Frequent Traveller,Technology,14,4,Computer Science,Machine Learning Engineer,99936,No,01-05-2012,No,10,9,10,6,02-12-2015,4,5,4,2,2,4,4,3
BD70-7DAE,Male,22,Frequent Traveller,Technology,2,3,Business Studies,Software Engineer,37014,Yes,23-10-2020,Yes,1,0,1,0,04-12-2015,4,5,3,2,1,4,3,2
528C-3E0D,Male,30,Some Travel,Technology,4,1,Information Systems,Data Scientist,42045,Yes,15-10-2013,Yes,6,0,3,3,17-03-2013,4,2,5,1,0,3,3,2
DDAC-D5FD,Male,22,Frequent Traveller,Technology,4,3,Information Systems,Data Scientist,21854,No,18-06-2021,Yes,0,0,0,0,04-12-2015,4,4,3,3,2,2,5,5
3D71-8DC2,Male,38,Some Travel,Sales,20,4,Marketing ,Sales Executive,147098,No,11-01-2012,No,10,5,8,2,06-12-2015,4,4,4,1,1,3,3,3
A923-9EF6,Female,41,Frequent Traveller,Technology,7,1,Business Studies,Machine Learning Engineer,107008,No,05-02-2012,No,10,9,10,9,06-12-2015,4,5,3,1,2,2,3,3
DFA9-990E,Male,43,No Travel ,Sales,34,4,Marketing ,Sales Executive,108315,No,17-01-2012,No,10,9,10,10,06-12-2015,5,5,5,3,2,3,5,4
C6EC-FEB5,Female,38,Some Travel,Sales,1,1,Economics,Sales Executive,151141,No,19-01-2012,No,10,3,6,9,08-12-2015,3,2,5,2,0,4,5,4
598D-E3B4,Male,19,No Travel ,Technology,9,3,Information Systems,Software Engineer,29798,Yes,19-03-2022,Yes,0,0,0,0,09-12-2015,5,2,3,3,0,2,4,4
B98B-4689,Non-Binary,22,Frequent Traveller,Sales,28,4,Marketing ,Sales Executive,39845,No,13-01-2019,Yes,1,0,0,0,09-12-2015,4,5,3,3,1,2,5,5
63BF-A86A,Female,39,Frequent Traveller,Human Resources,16,3,Human Resources,HR Executive,201564,Yes,12-10-2022,Yes,0,0,0,0,10-12-2015,3,5,5,2,2,4,3,2
58C8-63FA,Male,38,Some Travel,Technology,40,4,Computer Science,Senior Software Engineer,126505,No,15-04-2012,No,10,1,5,8,10-12-2015,4,2,4,3,0,5,4,3
E6D9-ADEE,Female,20,No Travel ,Technology,45,2,Computer Science,Software Engineer,28262,No,29-08-2020,Yes,1,0,0,0,14-12-2015,5,4,3,2,1,2,4,3
9727-BC84,Male,31,Some Travel,Sales,15,3,Marketing,Sales Executive,187930,No,07-04-2012,Yes,3,2,2,0,19-03-2013,3,5,3,3,2,5,3,2
E5C1-B122,Female,36,No Travel ,Sales,33,4,Marketing,Sales Executive,116057,No,19-03-2012,No,10,2,10,2,14-12-2015,5,2,2,3,1,3,4,4
39FC-7149,Female,27,Some Travel,Technology,1,3,Computer Science,Software Engineer,31450,No,10-01-2015,No,7,3,5,7,14-12-2015,3,4,3,2,3,2,4,4
A2AE-FD61,Male,32,Some Travel,Technology,30,1,Information Systems,Data Scientist,89960,No,18-05-2021,No,1,0,1,1,15-12-2015,3,5,3,1,3,2,4,4
E55E-9436,Male,41,No Travel ,Sales,34,3,Marketing ,Sales Executive,326896,Yes,03-02-2020,Yes,2,1,1,1,17-12-2015,3,5,2,1,1,5,4,4
DF94-FD29,Male,22,Frequent Traveller,Sales,4,4,Marketing,Sales Executive,75816,No,24-12-2020,Yes,1,0,0,0,18-12-2015,3,2,2,3,0,3,4,4
9C71-34AE,Non-Binary,40,Some Travel,Technology,44,2,Computer Science,Software Engineer,69119,No,15-02-2012,No,10,8,10,5,19-12-2015,4,3,5,1,1,2,4,3
AF5D-A8C8,Male,24,Some Travel,Sales,27,4,Marketing ,Sales Executive,86102,Yes,04-05-2021,Yes,0,0,0,0,20-12-2015,3,4,5,1,0,5,5,5
0CED-EE28,Female,48,Some Travel,Technology,25,1,Computer Science,Data Scientist,47464,No,06-03-2012,No,10,4,8,10,21-12-2015,3,5,3,3,0,2,4,3
5C61-8F3A,Female,34,Some Travel,Technology,5,1,Information Systems,Data Scientist,127432,Yes,06-02-2012,No,10,8,9,9,21-12-2015,4,2,5,1,3,4,4,4
A2FB-2D5D,Female,43,Some Travel,Technology,11,5,Information Systems,Analytics Manager,482510,No,17-03-2012,No,10,9,9,1,23-12-2015,3,2,4,3,1,2,4,4
DA8E-9496,Male,27,Some Travel,Technology,22,2,Computer Science,Data Scientist,56449,Yes,04-10-2016,Yes,3,1,1,2,19-03-2013,5,2,5,2,0,5,3,2
F93D-CB5A,Female,40,Some Travel,Technology,26,3,Information Systems,Senior Software Engineer,120858,No,29-04-2012,No,10,9,9,8,23-12-2015,4,3,5,3,1,3,5,4
E681-7B57,Male,18,Frequent Traveller,Technology,26,2,Information Systems,Data Scientist,31532,No,22-05-2022,Yes,0,0,0,0,25-12-2015,4,3,5,2,1,4,3,2
6C42-A719,Female,22,Some Travel,Technology,37,3,Computer Science,Data Scientist,30442,Yes,11-03-2020,Yes,0,0,0,0,26-12-2015,5,2,4,1,3,4,3,3
A9EB-9E41,Female,30,Some Travel,Technology,30,1,Computer Science,Machine Learning Engineer,228438,No,30-04-2012,No,10,6,9,10,26-12-2015,3,3,2,3,0,5,4,4
4CA1-F139,Male,24,Frequent Traveller,Technology,34,2,Computer Science,Software Engineer,28484,Yes,01-05-2019,Yes,1,1,1,1,27-12-2015,3,3,3,2,0,2,3,3
63B0-1036,Female,25,Some Travel,Technology,12,3,Business Studies,Software Engineer,52957,No,10-07-2017,No,5,3,5,4,28-12-2015,5,2,4,1,1,4,5,5
74F2-5C55,Male,47,Some Travel,Technology,40,2,Computer Science,Data Scientist,108798,No,12-04-2012,No,10,0,4,7,31-12-2015,4,5,5,1,0,4,3,2
ACA9-5DC2,Female,46,Frequent Traveller,Sales,14,1,Economics,Sales Executive,205159,No,07-03-2012,No,10,1,9,6,31-12-2015,3,5,4,2,0,3,3,2
40BE-EEAF,Male,24,Frequent Traveller,Technology,45,3,Computer Science,Data Scientist,85422,Yes,28-03-2021,Yes,1,0,0,0,01-01-2016,5,5,2,2,0,3,5,5
79F3-8AA5,Female,47,Some Travel,Human Resources,21,3,Marketing ,HR Executive,98608,No,14-02-2012,No,10,5,10,4,01-01-2016,5,4,5,2,1,3,5,4
DEC5-9319,Male,23,Some Travel,Technology,5,3,Information Systems,Software Engineer,63709,No,14-04-2017,Yes,1,0,0,0,19-03-2013,3,4,3,3,2,2,4,3
79F7-78EC,Non-Binary,27,Some Travel,Sales,37,4,Marketing ,Sales Executive,141998,Yes,14-12-2013,Yes,5,5,5,1,02-01-2016,3,4,5,1,0,5,3,3
B61E-0F26,Male,28,Frequent Traveller,Technology,3,3,Business Studies,Software Engineer,58993,Yes,07-11-2014,Yes,7,2,7,1,03-01-2016,5,3,4,2,1,5,3,2
F5E3-48BB,Female,25,Frequent Traveller,Human Resources,3,3,Human Resources,Recruiter,23547,No,13-01-2015,Yes,3,0,2,1,03-01-2016,3,2,2,2,1,4,3,3
C2DD-9D37,Male,42,Some Travel,Sales,16,4,Marketing ,Sales Executive,106277,No,19-03-2012,No,10,0,5,5,03-01-2016,5,3,2,3,0,2,4,3
0678-748A,Male,25,Some Travel,Sales,4,2,Economics,Sales Executive,57698,Yes,11-05-2015,Yes,6,5,6,2,04-01-2016,5,3,4,2,1,3,5,4
541F-3E19,Female,27,Some Travel,Technology,30,1,Information Systems,Data Scientist,49374,Yes,02-04-2014,Yes,1,0,0,1,04-01-2016,5,2,5,2,0,2,3,2
F93E-BDEF,Male,43,Some Travel,Technology,17,4,Information Systems,Machine Learning Engineer,130848,Yes,09-02-2014,No,8,8,8,8,04-01-2016,3,2,4,2,1,3,3,3
C0A1-EB7D,Female,36,Some Travel,Technology,32,3,Computer Science,Senior Software Engineer,111294,No,02-03-2012,No,10,8,8,10,05-01-2016,4,4,4,2,2,4,4,4
1359-BEE3,Female,41,No Travel ,Technology,22,3,Computer Science,Data Scientist,52581,No,09-12-2013,No,9,8,8,7,06-01-2016,4,4,2,1,1,4,3,3
D5DA-363A,Male,33,Some Travel,Sales,41,2,Marketing,Sales Executive,71201,No,24-01-2012,No,10,8,10,4,07-01-2016,5,5,2,2,1,2,3,2
E1B4-9AA1,Female,46,Some Travel,Sales,36,3,Marketing ,Sales Executive,96188,Yes,26-04-2012,Yes,9,8,9,5,23-03-2013,4,5,3,3,2,5,4,3
9E7A-1F70,Female,29,Some Travel,Sales,4,2,Marketing ,Sales Executive,129356,No,02-05-2012,Yes,5,1,1,2,08-01-2016,4,2,5,1,0,3,3,2
05ED-92F1,Non-Binary,27,Frequent Traveller,Sales,41,3,Marketing,Sales Representative,28984,Yes,10-10-2016,Yes,3,1,1,0,10-01-2016,4,4,3,2,0,2,5,4
F72D-261D,Male,28,Frequent Traveller,Technology,5,3,Information Systems,Data Scientist,76133,Yes,06-01-2014,Yes,1,0,1,0,10-01-2016,4,5,2,3,1,3,5,4
38EB-ADBD,Male,48,Some Travel,Technology,20,3,Information Systems,Software Engineer,56546,No,01-11-2013,No,9,4,6,3,10-01-2016,4,5,4,1,0,4,3,3
774E-685D,Male,30,Some Travel,Sales,42,4,Marketing,Sales Executive,148862,Yes,03-11-2013,Yes,2,0,1,1,11-01-2016,5,3,4,3,0,5,5,5
9937-CDF7,Male,28,Some Travel,Sales,19,2,Marketing,Sales Representative,56122,Yes,31-03-2013,Yes,7,5,5,0,11-01-2016,4,3,4,2,1,3,4,4
CD59-7F94,Non-Binary,30,Some Travel,Sales,37,4,Economics,Sales Executive,341039,No,16-02-2014,No,8,2,4,1,11-01-2016,3,3,4,1,1,5,4,4
8CC3-0C6A,Female,24,Frequent Traveller,Sales,9,1,Marketing ,Sales Executive,125759,No,21-11-2018,No,4,3,3,0,11-01-2016,3,2,3,2,1,5,3,2
7839-CA12,Female,23,Some Travel,Sales,16,3,Marketing,Sales Representative,23794,No,25-03-2017,Yes,1,0,0,0,12-01-2016,4,5,3,1,1,3,5,4
EB66-D679,Male,20,Some Travel,Sales,8,3,Marketing ,Sales Representative,27060,Yes,04-01-2022,Yes,0,0,0,0,12-01-2016,5,3,2,2,1,4,3,2
3CD6-5587,Female,31,Some Travel,Technology,20,2,Computer Science,Software Engineer,59697,Yes,02-02-2012,Yes,7,5,6,0,24-03-2013,4,2,3,1,2,5,4,3
763B-DE6E,Prefer Not To Say,23,Some Travel,Technology,32,4,Computer Science,Software Engineer,23041,Yes,30-06-2017,No,5,1,5,3,13-01-2016,4,2,4,1,3,3,3,2
12F7-BCBB,Female,48,Frequent Traveller,Sales,2,1,Technical Degree,Sales Representative,37124,No,06-12-2013,Yes,9,8,8,7,14-01-2016,5,4,5,3,1,5,4,3
D045-B6CA,Female,26,Some Travel,Technology,34,4,Information Systems,Software Engineer,71198,No,07-11-2017,Yes,5,0,0,1,14-01-2016,3,2,4,2,0,5,3,2
FF14-A43E,Male,47,Some Travel,Technology,41,1,Computer Science,Data Scientist,40786,No,01-02-2012,No,10,3,5,5,15-01-2016,3,5,4,1,3,5,4,4
02DA-7A72,Male,29,Frequent Traveller,Sales,42,3,Technical Degree,Sales Representative,78726,No,25-04-2012,Yes,6,0,1,1,16-01-2016,3,2,4,1,1,5,4,4
28EA-A010,Female,26,Some Travel,Sales,2,2,Marketing,Sales Executive,149390,Yes,15-08-2016,Yes,3,1,1,2,16-01-2016,3,3,4,3,0,2,4,3
CBB3-0D7E,Male,26,Some Travel,Sales,44,1,Technical Degree,Sales Representative,40638,Yes,11-01-2014,Yes,2,0,0,1,16-01-2016,5,2,3,3,2,3,4,3
C330-DAF4,Female,34,Some Travel,Sales,16,2,Economics,Sales Executive,100710,Yes,20-05-2012,No,10,10,10,2,16-01-2016,3,4,5,2,1,5,5,5
B48C-47D0,Male,28,Frequent Traveller,Sales,28,3,Marketing ,Sales Representative,43939,No,29-07-2013,Yes,6,1,4,3,17-01-2016,3,5,2,1,1,2,3,2
6DEB-F440,Non-Binary,21,Some Travel,Technology,41,3,Computer Science,Data Scientist,29793,Yes,22-06-2019,Yes,3,0,0,2,17-01-2016,3,5,2,3,0,3,4,4
BAFA-86DF,Male,26,No Travel ,Technology,15,4,Business Studies,Software Engineer,35373,Yes,02-08-2017,Yes,4,3,3,0,24-03-2013,5,5,2,1,3,4,4,4
32AE-C02F,Male,24,No Travel ,Sales,8,3,Marketing,Sales Executive,82405,Yes,19-06-2016,Yes,5,1,4,1,18-01-2016,3,2,3,1,1,3,4,4
8A6B-AD5C,Female,24,Some Travel,Technology,30,3,Information Systems,Data Scientist,61883,No,02-08-2016,Yes,1,1,1,0,18-01-2016,4,5,2,2,0,3,5,4
8D34-EBDF,Male,29,Some Travel,Human Resources,14,4,Technical Degree,Recruiter,46703,No,31-07-2014,Yes,0,0,0,0,18-01-2016,4,5,4,3,2,2,5,4
8BAB-B4A6,Male,38,Some Travel,Sales,35,3,Marketing ,Manager,340229,Yes,13-01-2012,No,10,7,9,3,18-01-2016,5,5,2,2,2,4,3,2
6FE1-C8A8,Male,29,Some Travel,Sales,35,2,Economics,Sales Executive,140962,Yes,13-06-2013,Yes,4,0,2,4,19-01-2016,3,4,3,2,1,5,5,4
EB8F-204D,Male,26,Some Travel,Technology,5,3,Other,Data Scientist,49045,No,13-01-2016,Yes,1,0,0,0,19-01-2016,4,4,5,1,1,5,5,5
606E-A262,Male,28,Some Travel,Technology,27,1,Information Systems,Analytics Manager,277344,Yes,02-07-2013,Yes,3,1,1,1,20-01-2016,5,5,2,3,0,3,3,2
CEE1-DA0F,Female,23,Some Travel,Technology,23,3,Computer Science,Software Engineer,40438,Yes,20-11-2018,No,4,0,0,2,20-01-2016,5,5,2,2,0,2,4,3
05B0-755F,Male,44,Some Travel,Technology,29,3,Computer Science,Data Scientist,57890,No,24-05-2013,No,9,8,8,8,21-01-2016,3,4,2,2,1,4,4,3
45D2-369E,Male,30,Some Travel,Technology,7,1,Information Systems,Data Scientist,70182,No,07-06-2013,No,9,8,9,8,22-01-2016,3,5,3,3,3,3,5,5
5160-53BD,Non-Binary,29,Some Travel,Technology,24,3,Computer Science,Software Engineer,41307,No,19-08-2014,Yes,0,0,0,0,25-03-2013,4,2,3,2,1,2,3,2
7F1C-20B8,Female,39,Some Travel,Technology,10,2,Information Systems,Data Scientist,65796,No,02-07-2013,No,9,9,9,5,22-01-2016,5,5,4,2,1,4,3,2
D4D5-27FB,Male,29,Some Travel,Technology,36,1,Information Systems,Data Scientist,86428,No,20-11-2014,Yes,6,5,5,5,23-01-2016,4,2,5,3,1,5,5,5
9C71-61AE,Male,18,Some Travel,Technology,32,1,Computer Science,Machine Learning Engineer,50660,Yes,17-04-2022,Yes,0,0,0,0,23-01-2016,4,5,5,2,0,2,5,4
8AAD-FAFB,Female,24,Some Travel,Sales,3,3,Marketing,Sales Executive,130774,Yes,15-08-2016,Yes,4,3,3,4,24-01-2016,4,4,2,2,0,5,5,5
20BA-5868,Non-Binary,19,Some Travel,Sales,29,1,Marketing,Sales Representative,29673,No,27-03-2021,Yes,0,0,0,0,24-01-2016,3,2,3,3,0,5,4,4
45D7-5C8A,Male,26,Some Travel,Sales,45,3,Technical Degree,Sales Representative,20650,No,10-05-2014,Yes,2,0,0,1,25-01-2016,5,5,5,2,0,3,3,2
AB03-8820,Male,43,Some Travel,Sales,3,1,Economics,Manager,313198,No,28-03-2013,No,9,5,9,2,25-01-2016,3,5,2,1,1,5,3,3
B4E1-4A3E,Female,28,Some Travel,Technology,12,2,Computer Science,Data Scientist,115895,No,31-03-2014,Yes,4,1,3,2,26-01-2016,3,4,5,1,2,2,4,3
618D-7685,Female,30,Some Travel,Technology,26,3,Information Systems,Data Scientist,96170,No,15-04-2013,No,9,4,9,1,27-01-2016,4,2,2,3,1,2,5,4
6125-FEC8,Non-Binary,27,No Travel ,Technology,36,4,Business Studies,Software Engineer,50046,No,20-12-2015,No,7,1,6,2,27-01-2016,5,3,2,1,0,5,5,4
81FF-8D6C,Female,24,Some Travel,Sales,13,3,Economics,Sales Representative,24095,No,28-04-2018,Yes,2,2,2,1,25-03-2013,4,3,5,1,1,3,5,4
5A0B-7F31,Male,26,Some Travel,Sales,24,3,Marketing,Sales Executive,85982,No,13-03-2015,Yes,5,1,1,0,29-01-2016,3,2,5,1,2,3,3,2
E4F4-11B9,Female,29,Some Travel,Sales,19,2,Marketing ,Sales Executive,122811,Yes,27-02-2012,Yes,2,1,1,1,29-01-2016,3,5,3,2,0,3,4,4
B303-8962,Female,39,Some Travel,Sales,15,3,Marketing ,Sales Executive,136970,No,28-07-2013,No,9,4,8,2,29-01-2016,3,2,3,3,2,4,5,4
98EE-8547,Male,31,Some Travel,Technology,44,3,Information Systems,Analytics Manager,531629,Yes,06-01-2020,Yes,1,0,1,1,30-01-2016,3,3,5,3,0,4,5,4
041A-31B0,Female,34,Some Travel,Technology,41,3,Computer Science,Software Engineer,50386,No,20-05-2012,No,10,8,9,10,30-01-2016,3,4,2,1,3,2,5,5
7279-6591,Male,41,Some Travel,Sales,25,3,Marketing ,Sales Executive,231843,Yes,01-06-2017,Yes,1,1,1,0,31-01-2016,3,4,4,1,0,2,3,3
EEFC-DEC7,Male,44,Some Travel,Technology,4,4,Other,Data Scientist,85523,Yes,18-08-2014,Yes,8,0,4,1,31-01-2016,4,3,2,1,2,2,4,4
1180-BEC9,Male,43,Some Travel,Technology,17,3,Computer Science,Software Engineer,50946,Yes,15-03-2014,Yes,8,6,7,3,01-02-2016,4,2,4,2,0,5,5,5
EE04-1533,Female,47,Frequent Traveller,Sales,19,3,Technical Degree,Sales Representative,46684,No,12-01-2013,No,9,4,9,3,01-02-2016,5,4,3,1,1,4,4,3
B50B-5A18,Female,40,Frequent Traveller,Technology,27,4,Computer Science,Software Engineer,42333,No,19-02-2012,No,10,4,5,5,02-02-2016,3,4,5,2,1,4,4,3
84E7-02D4,Male,26,Some Travel,Technology,41,5,Business Studies,Machine Learning Engineer,161600,No,07-12-2017,Yes,5,0,2,0,26-03-2013,4,3,5,1,0,3,5,4
8CF6-3079,Female,27,Some Travel,Technology,1,4,Computer Science,Data Scientist,40050,Yes,16-07-2013,Yes,1,0,0,0,03-02-2016,3,4,5,2,1,5,3,3
D7EE-56FC,Female,39,Frequent Traveller,Sales,17,2,Technical Degree,Sales Executive,107863,Yes,19-01-2012,Yes,8,8,8,5,03-02-2016,4,3,2,2,0,3,5,5
1F12-DDDA,Male,32,No Travel ,Technology,12,4,Information Systems,Software Engineer,111294,No,19-07-2013,No,9,2,9,4,03-02-2016,5,2,2,1,0,2,5,4
62A3-DEA7,Male,25,Some Travel,Technology,8,1,Information Systems,Software Engineer,30931,Yes,13-08-2015,Yes,1,0,0,1,04-02-2016,5,3,3,3,0,4,4,3
586E-5C14,Male,40,Some Travel,Technology,9,1,Computer Science,Software Engineer,58551,No,27-02-2012,No,10,6,7,3,04-02-2016,5,2,2,1,1,4,3,2
8EE9-E86D,Male,46,Some Travel,Human Resources,45,3,Human Resources,Recruiter,48740,Yes,20-05-2012,Yes,10,8,9,6,05-02-2016,4,4,4,2,2,5,5,5
F3CD-9B5B,Male,29,Some Travel,Sales,12,2,Marketing ,Sales Representative,97794,No,30-05-2013,Yes,2,0,1,0,05-02-2016,5,5,4,3,1,2,5,4
AD0D-E79F,Male,22,Some Travel,Sales,16,2,Marketing,Sales Executive,53220,Yes,28-11-2021,Yes,0,0,0,0,05-02-2016,5,2,4,3,0,2,4,4
D8B3-30D2,Female,22,Some Travel,Technology,40,1,Business Studies,Data Scientist,53080,Yes,24-12-2019,Yes,2,0,1,0,05-02-2016,5,4,4,2,1,3,4,3
151D-1FF2,Female,34,Frequent Traveller,Sales,15,2,Marketing ,Sales Executive,173246,Yes,20-02-2012,Yes,9,4,7,7,06-02-2016,5,4,3,1,0,3,3,2
6176-3BEE,Male,29,Some Travel,Sales,20,3,Marketing ,Sales Executive,149688,Yes,04-02-2013,Yes,2,2,2,2,28-03-2013,5,4,3,2,1,2,3,2
5476-CA0D,Female,31,Frequent Traveller,Technology,4,2,Information Systems,Data Scientist,69747,No,12-01-2012,Yes,6,5,5,1,06-02-2016,3,4,4,2,1,2,5,4
D696-9D82,Male,38,Some Travel,Technology,39,3,Computer Science,Data Scientist,65416,No,25-03-2012,No,10,5,10,7,06-02-2016,3,5,3,3,1,5,3,2
C96F-0F3B,Female,41,Some Travel,Sales,16,1,Marketing ,Sales Representative,48147,No,01-03-2012,No,10,8,10,5,09-02-2016,3,2,5,2,0,4,5,4
EE39-C8F2,Female,47,Some Travel,Technology,17,2,Computer Science,Software Engineer,46514,No,12-02-2012,No,10,9,9,2,09-02-2016,5,5,5,2,2,5,5,4
9DFE-1FD5,Male,42,Some Travel,Human Resources,4,3,Human Resources,HR Manager,463051,No,01-03-2012,No,10,0,10,7,10-02-2016,5,5,2,1,0,5,5,4
0D1B-DEC2,Non-Binary,24,Some Travel,Technology,23,3,Computer Science,Data Scientist,100586,No,23-04-2017,Yes,4,4,4,4,11-02-2016,4,4,5,2,2,4,3,3
B407-ABCA,Male,26,Some Travel,Sales,2,4,Economics,Sales Executive,60087,Yes,08-11-2016,Yes,4,0,0,3,11-02-2016,3,3,4,3,0,3,5,4
5818-560C,Female,30,Some Travel,Technology,26,1,Computer Science,Senior Software Engineer,159438,No,22-05-2013,No,9,4,4,7,11-02-2016,5,2,5,2,1,2,4,3
DB6C-3B2F,Female,19,Some Travel,Technology,43,3,Information Systems,Data Scientist,49006,No,18-07-2022,Yes,0,0,0,0,12-02-2016,4,5,3,2,0,3,4,3
8ED3-4377,Male,30,Some Travel,Technology,33,3,Computer Science,Software Engineer,78743,No,09-04-2013,No,9,2,7,4,12-02-2016,4,5,2,3,1,2,4,4
03C5-51AD,Female,25,Some Travel,Technology,1,2,Computer Science,Data Scientist,32354,Yes,06-12-2015,Yes,7,4,6,2,31-03-2013,4,2,2,1,1,4,3,3
279C-7342,Non-Binary,29,Frequent Traveller,Sales,31,4,Marketing,Sales Executive,100925,Yes,08-08-2013,Yes,3,1,1,1,13-02-2016,3,5,2,1,2,4,3,2
83FD-F920,Male,25,Some Travel,Technology,41,1,Computer Science,Data Scientist,28137,Yes,10-01-2016,Yes,4,3,3,1,13-02-2016,5,3,2,1,1,2,4,4
626A-9377,Female,27,No Travel ,Technology,19,2,Business Studies,Senior Software Engineer,89785,No,19-12-2015,Yes,0,0,0,0,14-02-2016,4,2,4,2,0,5,4,3
0DBC-596E,Non-Binary,44,Some Travel,Technology,14,2,Computer Science,Data Scientist,92634,Yes,06-04-2013,No,9,8,9,9,15-02-2016,4,5,5,1,1,3,3,2
5A04-0EB4,Female,27,Frequent Traveller,Sales,43,3,Marketing,Sales Representative,24583,Yes,16-08-2014,Yes,7,0,1,6,16-02-2016,5,3,3,3,2,2,4,4
111D-E5EF,Non-Binary,37,Some Travel,Technology,3,3,Computer Science,Software Engineer,48395,No,15-01-2012,No,10,2,2,4,16-02-2016,5,3,5,2,1,3,3,3
97F4-0B14,Male,33,Some Travel,Technology,4,4,Other,Senior Software Engineer,97126,No,15-01-2012,No,10,8,10,2,16-02-2016,3,2,5,3,3,5,3,2
5021-95FC,Male,29,Some Travel,Sales,44,3,Marketing,Manager,377203,Yes,16-07-2013,Yes,5,4,4,0,18-02-2016,3,3,5,3,2,4,3,2
B97B-73D7,Female,29,Frequent Traveller,Sales,18,3,Marketing,Sales Executive,177402,No,10-07-2014,Yes,6,3,5,3,18-02-2016,4,4,4,2,0,5,4,3
D351-C7E4,Female,42,Some Travel,Technology,9,2,Information Systems,Data Scientist,73577,No,23-01-2013,No,9,9,9,6,18-02-2016,3,3,2,2,1,3,4,3
8FD9-AA59,Non-Binary,26,Frequent Traveller,Sales,14,4,Marketing ,Sales Executive,71349,No,20-06-2014,Yes,7,2,2,1,01-04-2013,4,2,4,1,1,2,3,2
3C7D-86ED,Female,40,Some Travel,Sales,3,2,Other,Sales Executive,104426,No,11-01-2012,No,10,3,4,6,19-02-2016,5,2,2,3,2,4,4,4
2219-56CA,Non-Binary,28,Some Travel,Sales,38,3,Marketing,Sales Executive,185380,No,21-09-2015,Yes,5,2,5,3,21-02-2016,4,2,4,2,1,2,5,4
8FB2-4CE0,Male,27,Some Travel,Technology,14,4,Computer Science,Data Scientist,37545,No,06-12-2016,Yes,2,1,1,1,21-02-2016,4,5,2,2,2,4,5,5
D6BA-10A1,Non-Binary,21,Some Travel,Technology,37,3,Information Systems,Data Scientist,43030,No,10-06-2021,No,1,0,1,1,21-02-2016,3,5,2,1,1,4,5,5
5237-1B85,Female,28,Some Travel,Technology,9,4,Computer Science,Software Engineer,43578,Yes,27-04-2012,Yes,5,3,5,5,22-02-2016,4,5,3,3,0,4,5,5
F968-671C,Male,27,Frequent Traveller,Sales,16,3,Technical Degree,Sales Executive,50559,No,14-04-2015,Yes,6,0,5,5,22-02-2016,5,4,3,1,0,4,3,3
F997-FE6C,Female,40,Some Travel,Technology,17,1,Information Systems,Software Engineer,41601,No,08-03-2013,No,9,8,9,8,22-02-2016,4,4,2,1,1,2,4,4
5B08-EF96,Female,36,No Travel ,Technology,28,4,Other,Data Scientist,77136,No,28-05-2012,No,10,10,10,10,23-02-2016,4,2,2,1,2,3,4,3
E348-E12B,Male,36,No Travel ,Technology,36,2,Information Systems,Software Engineer,61298,Yes,19-01-2012,No,10,3,9,3,23-02-2016,5,5,3,2,0,2,5,4
8ACE-C5CE,Female,43,Some Travel,Sales,38,2,Marketing,Sales Executive,121510,No,18-08-2013,No,9,8,8,5,23-02-2016,3,3,5,2,0,4,5,5
1A6D-AF5D,Male,25,Some Travel,Technology,9,3,Information Systems,Engineering Manager,243908,No,15-05-2017,No,5,4,4,1,02-04-2013,5,5,2,2,0,5,5,5
C900-9EF9,Non-Binary,30,Some Travel,Sales,11,1,Marketing,Sales Executive,127014,No,26-12-2014,No,8,4,8,0,23-02-2016,4,3,4,3,0,4,5,5
63DA-AA21,Female,43,Some Travel,Technology,35,3,Computer Science,Engineering Manager,436813,No,07-03-2012,No,10,8,9,7,24-02-2016,3,2,3,3,3,4,5,5
3120-B11F,Male,28,Frequent Traveller,Technology,7,4,Business Studies,Senior Software Engineer,140538,No,21-01-2015,No,7,3,5,0,25-02-2016,4,4,4,1,0,3,4,4
C016-FA12,Female,25,Some Travel,Sales,22,1,Marketing,Sales Representative,32894,No,14-05-2018,Yes,2,2,2,1,26-02-2016,4,4,4,2,1,4,4,3
3560-C117,Female,28,Frequent Traveller,Technology,4,3,Computer Science,Data Scientist,65659,Yes,09-05-2012,Yes,2,0,0,0,27-02-2016,4,3,4,3,3,3,3,3
1914-B934,Female,22,Frequent Traveller,Sales,19,3,Marketing ,Sales Representative,22122,Yes,26-10-2018,Yes,3,2,2,1,27-02-2016,5,4,4,1,1,4,3,3
596B-33F4,Male,26,Some Travel,Technology,2,3,Computer Science,Data Scientist,30207,Yes,01-09-2016,Yes,5,1,3,0,28-02-2016,3,4,5,1,1,5,5,5
E7A6-33A3,Female,38,Some Travel,Technology,39,4,Information Systems,Data Scientist,83590,No,23-02-2012,No,10,2,3,9,28-02-2016,3,5,4,3,0,3,3,3
00D4-DD53,Female,30,Frequent Traveller,Technology,44,1,Computer Science,Software Engineer,68508,Yes,28-01-2012,Yes,5,4,4,4,29-02-2016,5,4,5,1,1,5,4,4
7749-B277,Male,24,Some Travel,Human Resources,1,5,Human Resources,HR Executive,44634,No,25-04-2017,Yes,4,3,3,2,29-02-2016,4,4,3,3,0,4,4,3
B6EC-313E,Male,26,Frequent Traveller,Human Resources,17,3,Human Resources,Recruiter,30502,No,09-08-2014,Yes,0,0,0,0,04-04-2013,3,5,5,3,0,5,4,3
7823-0217,Non-Binary,25,Frequent Traveller,Sales,43,4,Marketing,Sales Executive,81889,Yes,02-11-2018,Yes,0,0,0,0,29-02-2016,3,2,4,2,1,3,5,5
6E7B-D50D,Female,38,Some Travel,Technology,12,1,Other,Senior Software Engineer,253077,No,15-06-2013,No,9,3,3,8,29-02-2016,4,2,2,3,2,3,3,2
17AD-99F5,Female,26,Some Travel,Technology,37,3,Computer Science,Software Engineer,26296,Yes,01-08-2014,Yes,5,2,2,2,01-03-2016,3,4,4,1,2,5,4,3
CC8A-0B1F,Female,28,Some Travel,Technology,23,2,Business Studies,Data Scientist,65328,No,27-06-2014,Yes,5,4,4,0,01-03-2016,5,4,5,2,1,4,4,3
DE22-FB63,Female,22,Some Travel,Technology,2,1,Information Systems,Software Engineer,24422,No,11-02-2019,Yes,1,0,0,1,01-03-2016,5,2,4,3,1,5,5,4
A366-C17A,Male,42,Some Travel,Technology,34,4,Business Studies,Machine Learning Engineer,126463,No,04-04-2012,No,10,0,1,8,01-03-2016,3,4,4,3,2,3,3,3
EACC-D1F6,Male,25,Some Travel,Technology,20,3,Computer Science,Data Scientist,27673,Yes,05-05-2017,Yes,3,2,3,1,02-03-2016,3,2,4,1,1,3,5,5
21B3-8491,Male,42,Some Travel,Technology,37,4,Computer Science,Analytics Manager,244114,No,28-05-2013,No,9,6,7,0,02-03-2016,4,4,2,2,2,5,4,3
C57E-6E4F,Male,24,No Travel ,Technology,35,3,Computer Science,Data Scientist,32502,Yes,06-02-2018,Yes,1,1,1,0,03-03-2016,4,3,5,3,2,4,5,5
CC2F-670E,Male,29,Frequent Traveller,Technology,26,3,Computer Science,Data Scientist,78541,Yes,23-02-2013,Yes,6,5,5,2,03-03-2016,3,2,5,1,1,3,4,3
0D8F-C0F3,Female,29,Some Travel,Technology,44,3,Business Studies,Data Scientist,67578,No,10-06-2013,Yes,1,0,0,0,06-04-2013,5,5,3,1,1,4,4,3
FD0B-7B0A,Female,27,Some Travel,Sales,21,1,Marketing,Sales Representative,22648,Yes,12-01-2016,Yes,1,0,0,0,03-03-2016,3,4,3,2,2,5,4,3
0322-D46B,Male,32,Some Travel,Sales,39,4,Marketing ,Sales Executive,105748,No,28-03-2012,No,10,0,1,8,03-03-2016,5,5,2,1,3,2,4,3
06B9-B79D,Female,21,Some Travel,Sales,36,3,Marketing,Sales Executive,76057,No,12-12-2020,Yes,1,0,0,0,04-03-2016,5,4,4,2,1,2,5,4
1054-9C3B,Female,30,Some Travel,Technology,1,4,Other,Data Scientist,40285,Yes,21-03-2013,Yes,1,1,1,0,05-03-2016,4,2,5,2,3,4,5,5
155B-42BE,Female,25,Some Travel,Sales,38,2,Marketing ,Sales Executive,57018,No,21-02-2015,Yes,1,0,0,0,05-03-2016,4,5,3,3,2,4,5,5
5222-EBE1,Male,30,Some Travel,Technology,14,4,Computer Science,Machine Learning Engineer,194823,No,01-04-2012,No,10,4,9,8,05-03-2016,4,5,3,2,2,3,3,3
B1EC-849B,Female,28,Some Travel,Sales,1,4,Marketing ,Sales Executive,87039,No,13-05-2012,No,10,3,5,4,05-03-2016,3,3,4,2,0,5,4,4
8567-5B27,Female,28,Frequent Traveller,Sales,32,1,Technical Degree,Sales Representative,53439,Yes,27-04-2012,Yes,3,0,0,1,06-03-2016,5,3,4,2,0,2,3,2
D970-9F5E,Female,29,Some Travel,Technology,36,3,Computer Science,Data Scientist,46813,No,29-05-2014,Yes,6,1,1,1,06-03-2016,4,3,4,1,0,4,4,4
EAB1-2EB2,Female,21,Some Travel,Technology,8,3,Business Studies,Data Scientist,36534,No,24-05-2019,Yes,0,0,0,0,06-03-2016,3,2,5,1,1,5,3,3
076F-8AA3,Male,39,Some Travel,Technology,5,2,Computer Science,Data Scientist,58685,No,08-03-2012,Yes,9,6,6,2,07-04-2013,4,2,3,2,1,3,3,3
7EE7-2C43,Female,29,Some Travel,Technology,9,4,Computer Science,Data Scientist,48321,Yes,26-10-2013,Yes,7,2,3,2,07-03-2016,5,3,2,3,0,2,3,3
D954-6402,Male,25,Some Travel,Sales,14,3,Marketing ,Sales Executive,123307,Yes,23-12-2015,Yes,7,2,3,1,07-03-2016,3,3,5,1,1,2,5,5
73CF-4956,Female,32,Some Travel,Technology,42,4,Computer Science,Data Scientist,102022,No,12-01-2012,No,10,4,5,8,07-03-2016,5,4,5,2,1,5,3,3
E3B6-49F8,Male,20,Some Travel,Technology,23,3,Business Studies,Software Engineer,33632,No,28-09-2022,Yes,0,0,0,0,07-03-2016,3,5,5,3,3,3,3,2
4B6E-3C21,Female,32,Some Travel,Sales,29,4,Economics,Sales Executive,68043,No,25-09-2013,Yes,8,0,1,6,09-03-2016,3,4,3,1,1,2,3,2
40A9-8EB0,Female,39,Some Travel,Technology,31,3,Information Systems,Software Engineer,90017,Yes,07-02-2012,No,10,7,7,3,09-03-2016,4,4,3,1,3,2,3,3
0C23-26DD,Female,35,Some Travel,Sales,23,3,Economics,Sales Representative,81389,No,11-03-2013,No,9,3,7,5,09-03-2016,4,5,3,3,1,5,4,4
B005-602F,Female,19,Some Travel,Technology,11,4,Computer Science,Software Engineer,27760,Yes,06-11-2022,Yes,0,0,0,0,10-03-2016,5,3,2,2,3,4,5,4
4A0E-9958,Male,26,Some Travel,Technology,6,4,Information Systems,Machine Learning Engineer,89771,Yes,04-10-2016,Yes,1,0,0,0,11-03-2016,4,4,2,1,1,2,3,2
CFE3-312D,Male,21,Frequent Traveller,Sales,36,4,Other,Sales Executive,46452,Yes,08-11-2020,Yes,1,1,1,0,11-03-2016,5,4,3,3,0,5,5,5
2FC6-7ED5,Female,44,Frequent Traveller,Technology,29,1,Computer Science,Machine Learning Engineer,303779,No,24-08-2018,No,4,0,0,0,07-04-2013,4,2,4,3,1,4,5,4
A590-DF69,Female,28,Some Travel,Technology,24,3,Computer Science,Software Engineer,71553,No,30-12-2015,No,7,6,6,0,12-03-2016,5,5,4,2,2,5,4,3
68FB-06A7,Female,43,Frequent Traveller,Sales,1,3,Marketing,Sales Executive,180996,No,10-04-2012,No,10,8,10,9,13-03-2016,5,3,5,3,0,4,3,3
2551-DD9B,Female,33,Some Travel,Technology,40,4,Computer Science,Senior Software Engineer,181244,No,15-01-2014,No,8,4,8,8,13-03-2016,4,4,4,3,3,2,4,4
56A5-271B,Non-Binary,33,Some Travel,Technology,15,4,Other,Senior Software Engineer,108095,Yes,10-10-2013,No,9,8,9,9,13-03-2016,4,2,2,1,1,4,4,3
B3FE-D332,Female,30,Some Travel,Technology,42,5,Computer Science,Software Engineer,93181,No,15-03-2013,No,9,8,9,4,13-03-2016,4,4,3,1,1,3,4,3
4F28-CFAF,Female,25,Some Travel,Sales,11,3,Marketing,Sales Executive,53930,Yes,13-09-2018,Yes,3,2,3,1,14-03-2016,5,3,3,3,1,5,5,4
7C80-94E0,Female,33,Some Travel,Technology,36,3,Computer Science,Machine Learning Engineer,88726,No,01-01-2013,No,9,8,8,6,14-03-2016,3,5,4,2,1,3,4,4
8233-2483,Female,35,Some Travel,Human Resources,7,3,Marketing ,Recruiter,47995,Yes,12-03-2012,No,10,5,6,3,14-03-2016,3,4,2,3,1,2,3,2
8A5B-3D6E,Female,24,Some Travel,Sales,25,1,Marketing,Sales Executive,105383,Yes,14-01-2016,No,6,6,6,5,15-03-2016,5,2,5,2,2,4,3,3
4500-37EB,Male,30,Frequent Traveller,Sales,40,2,Marketing,Sales Representative,44632,No,26-03-2013,Yes,1,0,0,0,16-03-2016,4,5,5,3,1,2,3,3
3BAB-C57E,Male,19,Some Travel,Technology,28,3,Information Systems,Data Scientist,26062,Yes,30-06-2021,No,1,1,1,1,,,,,,,,,
BC20-368E,Male,39,Some Travel,Sales,37,3,Marketing,Manager,265712,Yes,06-07-2021,No,1,0,0,1,,,,,,,,,
F3AE-DEF2,Male,20,Frequent Traveller,Technology,39,3,Information Systems,Machine Learning Engineer,42308,No,07-07-2021,No,1,1,1,0,,,,,,,,,
F5B1-A266,Female,22,Some Travel,Technology,34,1,Computer Science,Software Engineer,36677,No,09-07-2021,No,1,0,1,1,,,,,,,,,
2EB9-9D31,Female,27,No Travel ,Human Resources,4,3,Human Resources,HR Executive,78265,No,10-07-2021,No,1,1,1,1,,,,,,,,,
556B-374A,Male,30,Some Travel,Sales,43,3,Technical Degree,Sales Executive,135160,No,10-07-2021,No,1,1,1,0,,,,,,,,,
0B9A-B6DE,Male,19,Some Travel,Technology,4,3,Computer Science,Machine Learning Engineer,60077,No,11-07-2021,No,1,1,1,0,,,,,,,,,
D6F0-006B,Female,22,Some Travel,Technology,38,4,Computer Science,Data Scientist,31161,Yes,19-07-2021,No,1,0,0,0,,,,,,,,,
3412-9077,Male,21,Some Travel,Technology,43,4,Computer Science,Data Scientist,38749,No,21-07-2021,No,1,0,0,0,,,,,,,,,
6EB1-8442,Female,30,Frequent Traveller,Technology,32,4,Other,Senior Software Engineer,145589,Yes,30-07-2021,No,1,1,1,1,,,,,,,,,
954A-3829,Female,20,Frequent Traveller,Technology,23,3,Information Systems,Software Engineer,31801,Yes,02-08-2021,No,1,1,1,0,,,,,,,,,
4F1D-6F75,Female,19,Some Travel,Technology,33,3,Other,Senior Software Engineer,49005,No,04-08-2021,No,1,0,1,0,,,,,,,,,
2BE9-93DB,Male,19,Some Travel,Sales,5,1,Marketing ,Sales Executive,53387,No,09-08-2021,No,1,0,1,1,,,,,,,,,
ED6C-4287,Female,27,Some Travel,Technology,39,3,Computer Science,Senior Software Engineer,88122,No,11-08-2021,No,1,0,1,1,,,,,,,,,
6A3B-A838,Non-Binary,19,Some Travel,Technology,16,4,Information Systems,Data Scientist,41092,No,20-08-2021,No,1,1,1,0,,,,,,,,,
D4FD-785B,Female,19,Some Travel,Technology,7,4,Computer Science,Machine Learning Engineer,64882,Yes,23-08-2021,No,1,0,0,0,,,,,,,,,
BAA6-30C4,Female,32,Some Travel,Sales,43,3,Marketing ,Manager,202322,No,30-08-2021,No,1,0,1,0,,,,,,,,,
A81C-AB62,Male,21,No Travel ,Technology,19,2,Computer Science,Senior Software Engineer,36012,Yes,05-09-2021,No,1,1,1,1,,,,,,,,,
001A-8F88,Male,22,Some Travel,Technology,40,4,Information Systems,Software Engineer,27763,No,05-09-2021,No,1,0,1,0,,,,,,,,,
86F7-CA91,Female,21,Some Travel,Sales,36,4,Marketing ,Sales Executive,37035,No,11-09-2021,No,1,1,1,1,,,,,,,,,
F346-3882,Male,35,Some Travel,Sales,31,2,Marketing,Sales Executive,200802,No,26-09-2021,No,1,0,1,0,,,,,,,,,
BBEF-AC35,Female,21,Some Travel,Sales,10,3,Economics,Sales Executive,60769,No,27-09-2021,No,1,1,1,1,,,,,,,,,
AF04-23EA,Male,32,Some Travel,Technology,39,3,Business Studies,Analytics Manager,253019,No,28-09-2021,No,1,0,0,0,,,,,,,,,
1A9A-17A3,Female,22,No Travel ,Sales,7,4,Marketing ,Sales Executive,46546,No,29-09-2021,No,1,0,1,1,,,,,,,,,
E164-4C29,Female,21,No Travel ,Sales,15,4,Marketing ,Sales Executive,76482,No,30-09-2021,No,1,1,1,0,,,,,,,,,
C9F5-9B2C,Male,22,Frequent Traveller,Sales,11,3,Economics,Sales Representative,34432,No,30-09-2021,No,1,0,0,1,,,,,,,,,
F852-C94D,Male,21,Some Travel,Sales,43,3,Marketing ,Sales Executive,47553,No,01-10-2021,No,1,1,1,0,,,,,,,,,
AD81-458F,Male,43,Some Travel,Technology,17,3,Business Studies,Machine Learning Engineer,254834,No,05-10-2021,No,1,1,1,1,,,,,,,,,
DD00-92BB,Non-Binary,19,Some Travel,Sales,22,4,Marketing ,Sales Executive,46813,No,09-10-2021,No,1,0,0,1,,,,,,,,,
3DBF-E552,Male,49,No Travel ,Human Resources,22,4,Human Resources,HR Manager,509261,No,12-10-2021,No,1,1,1,0,,,,,,,,,
C14B-814C,Female,50,Frequent Traveller,Sales,26,4,Economics,Sales Executive,214707,No,16-10-2021,No,1,1,1,1,,,,,,,,,
0BEE-FC20,Female,49,Some Travel,Sales,43,4,Marketing ,Manager,413946,No,19-10-2021,No,1,1,1,1,,,,,,,,,
7815-7CAF,Male,21,Some Travel,Technology,40,4,Information Systems,Software Engineer,65642,No,22-10-2021,No,1,1,1,0,,,,,,,,,
9404-5428,Male,20,Some Travel,Technology,14,3,Information Systems,Software Engineer,35355,Yes,29-10-2021,No,1,0,1,1,,,,,,,,,
5F99-4E0B,Non-Binary,21,Some Travel,Human Resources,33,2,Economics,HR Executive,70809,Yes,07-11-2021,No,1,0,0,1,,,,,,,,,
B70F-B17D,Male,37,Some Travel,Technology,11,4,Information Systems,Senior Software Engineer,211375,No,09-11-2021,No,1,1,1,0,,,,,,,,,
8CF5-DC74,Female,21,Some Travel,Sales,41,2,Economics,Sales Executive,38066,No,13-11-2021,No,1,0,0,0,,,,,,,,,
11F9-3526,Female,30,Some Travel,Technology,12,2,Computer Science,Senior Software Engineer,264407,No,14-11-2021,No,1,1,1,0,,,,,,,,,
054A-0B94,Male,20,No Travel ,Technology,11,3,Computer Science,Data Scientist,26702,No,14-11-2021,No,1,1,1,0,,,,,,,,,
3F9D-8094,Male,19,Frequent Traveller,Sales,13,2,Economics,Sales Executive,65960,No,16-11-2021,No,1,0,1,0,,,,,,,,,
F33A-9C7F,Female,42,Some Travel,Technology,38,4,Computer Science,Analytics Manager,392379,No,17-11-2021,No,1,1,1,1,,,,,,,,,
F991-17F5,Female,28,Some Travel,Technology,43,4,Information Systems,Software Engineer,89527,Yes,21-11-2021,No,1,1,1,1,,,,,,,,,
5F95-70A3,Female,22,Some Travel,Technology,19,2,Information Systems,Software Engineer,60515,No,21-11-2021,No,1,1,1,1,,,,,,,,,
3CCD-CF5F,Female,31,Some Travel,Sales,13,5,Marketing,Sales Executive,183057,No,23-11-2021,No,1,1,1,1,,,,,,,,,
D5BA-1C8B,Male,21,Some Travel,Technology,34,4,Computer Science,Machine Learning Engineer,50502,Yes,23-11-2021,No,1,1,1,0,,,,,,,,,
1C86-C072,Female,38,Some Travel,Technology,27,4,Other,Engineering Manager,301332,No,25-11-2021,No,1,1,1,1,,,,,,,,,
6064-D1F0,Female,21,Some Travel,Technology,6,3,Information Systems,Software Engineer,65743,Yes,27-11-2021,No,1,0,1,0,,,,,,,,,
0375-2F04,Female,19,No Travel ,Sales,38,4,Technical Degree,Sales Executive,51673,No,30-11-2021,No,1,0,1,0,,,,,,,,,
5C56-DA86,Male,22,No Travel ,Technology,6,2,Information Systems,Machine Learning Engineer,68302,Yes,08-12-2021,No,1,1,1,0,,,,,,,,,
7985-EB3D,Male,19,Some Travel,Technology,2,2,Information Systems,Data Scientist,52260,No,09-12-2021,No,1,1,1,0,,,,,,,,,
0C54-705D,Female,50,Some Travel,Sales,37,2,Marketing,Manager,291477,No,10-12-2021,No,1,0,0,1,,,,,,,,,
E529-A8FA,Male,22,Some Travel,Technology,11,4,Information Systems,Software Engineer,22382,No,12-12-2021,No,1,0,1,1,,,,,,,,,
4DE2-9EB3,Non-Binary,22,No Travel ,Technology,7,3,Information Systems,Software Engineer,27782,No,13-12-2021,No,1,1,1,1,,,,,,,,,
37DA-C03F,Female,19,No Travel ,Technology,8,2,Computer Science,Software Engineer,54502,No,22-12-2021,No,1,0,1,1,,,,,,,,,
A663-B3DF,Female,41,Frequent Traveller,Sales,4,4,Economics,Sales Executive,175032,No,22-12-2021,No,1,0,0,0,,,,,,,,,
F9D2-5579,Female,21,Frequent Traveller,Technology,17,2,Information Systems,Senior Software Engineer,49516,No,25-12-2021,No,1,1,1,0,,,,,,,,,
0C5B-2EF4,Male,20,Some Travel,Technology,35,3,Information Systems,Software Engineer,28506,No,26-12-2021,No,1,0,1,1,,,,,,,,,
C509-6E46,Female,19,Some Travel,Technology,10,4,Computer Science,Senior Software Engineer,51802,Yes,27-12-2021,No,1,1,1,0,,,,,,,,,
8E8F-DDC8,Male,19,Some Travel,Sales,4,4,Marketing,Sales Executive,38726,Yes,28-12-2021,No,1,0,0,1,,,,,,,,,
03D5-622D,Female,21,No Travel ,Sales,43,1,Marketing,Sales Executive,54355,Yes,31-12-2021,No,1,0,1,1,,,,,,,,,
C28E-0CC3,Male,19,Some Travel,Technology,6,3,Computer Science,Software Engineer,41539,No,04-01-2022,No,0,0,0,0,,,,,,,,,
BEBB-3E92,Male,24,Frequent Traveller,Human Resources,17,5,Human Resources,HR Executive,93008,Yes,04-01-2022,No,0,0,0,0,,,,,,,,,
E911-EAF3,Female,24,Some Travel,Technology,25,1,Information Systems,Data Scientist,26973,No,10-01-2022,No,0,0,0,0,,,,,,,,,
0602-02AB,Female,35,Some Travel,Sales,36,2,Marketing,Manager,487746,No,12-01-2022,No,0,0,0,0,,,,,,,,,
860E-0FA9,Female,18,Frequent Traveller,Technology,34,4,Information Systems,Software Engineer,54085,Yes,13-01-2022,No,0,0,0,0,,,,,,,,,
A5CD-8AB8,Female,18,Some Travel,Technology,32,4,Information Systems,Software Engineer,24906,No,25-01-2022,No,0,0,0,0,,,,,,,,,
4268-9EAD,Male,24,Some Travel,Technology,9,3,Information Systems,Machine Learning Engineer,108352,Yes,26-01-2022,No,0,0,0,0,,,,,,,,,
B324-A703,Female,19,Some Travel,Technology,14,3,Computer Science,Software Engineer,36554,No,31-01-2022,No,0,0,0,0,,,,,,,,,
A12D-DAF8,Female,18,Some Travel,Sales,43,4,Economics,Sales Executive,41708,No,06-02-2022,No,0,0,0,0,,,,,,,,,
135D-DF79,Male,18,Frequent Traveller,Sales,41,4,Marketing,Sales Executive,72639,No,07-02-2022,No,0,0,0,0,,,,,,,,,
078A-E0F5,Male,18,Some Travel,Sales,18,4,Marketing,Sales Executive,52198,No,11-02-2022,No,0,0,0,0,,,,,,,,,
401F-CC71,Male,31,Some Travel,Sales,36,3,Marketing,Sales Executive,139882,No,11-02-2022,No,0,0,0,0,,,,,,,,,
141B-D354,Prefer Not To Say,21,Some Travel,Technology,43,3,Computer Science,Software Engineer,33306,No,14-02-2022,No,0,0,0,0,,,,,,,,,
2EC6-E2E0,Female,36,Frequent Traveller,Technology,29,3,Information Systems,Software Engineer,144071,No,15-02-2022,No,0,0,0,0,,,,,,,,,
9F17-01F4,Male,21,Some Travel,Technology,30,3,Computer Science,Software Engineer,38906,No,15-02-2022,No,0,0,0,0,,,,,,,,,
93FF-A33D,Male,23,Some Travel,Technology,28,3,Information Systems,Machine Learning Engineer,83064,No,15-02-2022,No,0,0,0,0,,,,,,,,,
FD1A-92C2,Female,35,Some Travel,Sales,21,4,Marketing,Sales Executive,225565,No,16-02-2022,No,0,0,0,0,,,,,,,,,
A687-74F8,Male,19,Some Travel,Technology,7,4,Business Studies,Software Engineer,29266,No,16-02-2022,No,0,0,0,0,,,,,,,,,
ECDA-E9F0,Male,21,No Travel ,Technology,20,1,Business Studies,Machine Learning Engineer,55170,No,18-02-2022,No,0,0,0,0,,,,,,,,,
22C9-83A6,Non-Binary,20,Frequent Traveller,Technology,16,3,Information Systems,Software Engineer,38717,No,19-02-2022,No,0,0,0,0,,,,,,,,,
3051-927B,Female,39,Some Travel,Human Resources,28,3,Human Resources,HR Business Partner,443218,No,21-02-2022,No,0,0,0,0,,,,,,,,,
1EA5-85A8,Male,21,Some Travel,Technology,18,2,Information Systems,Machine Learning Engineer,71821,No,21-02-2022,No,0,0,0,0,,,,,,,,,
E861-52CB,Male,26,Some Travel,Technology,37,3,Information Systems,Analytics Manager,192073,No,21-02-2022,No,0,0,0,0,,,,,,,,,
91C3-F892,Male,21,Some Travel,Technology,24,2,Information Systems,Data Scientist,34024,No,24-02-2022,No,0,0,0,0,,,,,,,,,
B6B9-E5BE,Male,21,No Travel ,Technology,20,3,Information Systems,Data Scientist,21454,No,27-02-2022,No,0,0,0,0,,,,,,,,,
5C28-D944,Male,18,Some Travel,Technology,21,3,Computer Science,Software Engineer,42946,No,02-03-2022,No,0,0,0,0,,,,,,,,,
3A0A-B70A,Male,18,No Travel ,Technology,4,3,Information Systems,Software Engineer,32191,No,07-03-2022,No,0,0,0,0,,,,,,,,,
812D-7475,Male,20,Some Travel,Technology,29,1,Computer Science,Data Scientist,20526,No,08-03-2022,No,0,0,0,0,,,,,,,,,
38D7-6BB9,Male,49,Frequent Traveller,Technology,43,3,Computer Science,Analytics Manager,368010,No,13-03-2022,No,0,0,0,0,,,,,,,,,
28CA-379D,Female,19,Some Travel,Sales,9,3,Marketing,Sales Representative,21506,No,14-03-2022,No,0,0,0,0,,,,,,,,,
7A23-F185,Male,21,No Travel ,Sales,22,3,Marketing ,Sales Executive,62828,Yes,14-03-2022,No,0,0,0,0,,,,,,,,,
64C2-2806,Male,18,Some Travel,Technology,35,5,Other,Data Scientist,36353,No,20-03-2022,No,0,0,0,0,,,,,,,,,
6BC3-7371,Female,18,No Travel ,Sales,34,3,Marketing,Sales Executive,49100,No,21-03-2022,No,0,0,0,0,,,,,,,,,
46E1-5086,Non-Binary,18,Some Travel,Sales,4,4,Marketing ,Sales Executive,74515,Yes,23-03-2022,No,0,0,0,0,,,,,,,,,
4626-5168,Male,18,Some Travel,Sales,37,4,Marketing ,Sales Representative,32480,No,25-03-2022,No,0,0,0,0,,,,,,,,,
AA6C-B0D6,Male,25,Some Travel,Sales,15,1,Marketing,Sales Executive,118961,No,07-04-2022,No,0,0,0,0,,,,,,,,,
EFF6-9543,Male,21,Some Travel,Technology,36,2,Computer Science,Software Engineer,36431,No,10-04-2022,No,0,0,0,0,,,,,,,,,
56D1-790E,Male,39,Frequent Traveller,Technology,29,3,Other,Engineering Manager,273739,Yes,12-04-2022,No,0,0,0,0,,,,,,,,,
1480-131D,Female,21,Frequent Traveller,Sales,9,3,Marketing,Sales Representative,35770,No,14-04-2022,No,0,0,0,0,,,,,,,,,
8700-828F,Male,21,Some Travel,Technology,42,3,Computer Science,Software Engineer,34257,No,16-04-2022,No,0,0,0,0,,,,,,,,,
B77D-2FBD,Female,24,Some Travel,Sales,11,3,Technical Degree,Sales Executive,58923,No,19-04-2022,No,0,0,0,0,,,,,,,,,
5A8A-1547,Non-Binary,19,Frequent Traveller,Technology,15,4,Business Studies,Software Engineer,77905,No,19-04-2022,No,0,0,0,0,,,,,,,,,
A409-0113,Male,27,Some Travel,Human Resources,4,3,Marketing ,HR Business Partner,219195,Yes,20-04-2022,No,0,0,0,0,,,,,,,,,
543B-0EE5,Male,20,Some Travel,Technology,39,3,Other,Software Engineer,20418,No,24-04-2022,No,0,0,0,0,,,,,,,,,
4795-4D3F,Male,20,Some Travel,Technology,18,4,Computer Science,Data Scientist,28544,Yes,27-04-2022,No,0,0,0,0,,,,,,,,,
BE54-B2AF,Female,20,Frequent Traveller,Technology,45,1,Computer Science,Machine Learning Engineer,46714,No,28-04-2022,No,0,0,0,0,,,,,,,,,
2114-EC1F,Male,32,Some Travel,Sales,21,4,Marketing,Sales Executive,106476,No,01-05-2022,No,0,0,0,0,,,,,,,,,
CA98-86ED,Female,34,Frequent Traveller,Technology,1,1,Information Systems,Machine Learning Engineer,178472,Yes,07-05-2022,No,0,0,0,0,,,,,,,,,
5DBA-93C9,Prefer Not To Say,21,Some Travel,Technology,26,4,Computer Science,Data Scientist,21202,No,11-05-2022,No,0,0,0,0,,,,,,,,,
CAA0-3971,Male,22,Some Travel,Sales,31,1,Marketing ,Sales Executive,51582,No,13-05-2022,No,0,0,0,0,,,,,,,,,
32F1-6903,Female,18,Frequent Traveller,Technology,10,3,Computer Science,Software Engineer,26960,No,17-05-2022,No,0,0,0,0,,,,,,,,,
14CF-051D,Male,19,Some Travel,Human Resources,18,4,Economics,Recruiter,20778,No,24-05-2022,No,0,0,0,0,,,,,,,,,
6576-8773,Male,33,Frequent Traveller,Technology,24,4,Computer Science,Machine Learning Engineer,283171,No,24-05-2022,No,0,0,0,0,,,,,,,,,
ECD4-3FF7,Male,19,Some Travel,Technology,15,3,Computer Science,Data Scientist,58408,Yes,31-05-2022,No,0,0,0,0,,,,,,,,,
B727-FCF9,Female,27,Some Travel,Technology,36,3,Information Systems,Engineering Manager,227477,No,07-06-2022,No,0,0,0,0,,,,,,,,,
26A0-5791,Male,21,Some Travel,Sales,19,4,Marketing ,Sales Representative,22696,Yes,08-06-2022,No,0,0,0,0,,,,,,,,,
CF4C-5525,Female,20,Some Travel,Technology,10,5,Computer Science,Software Engineer,32077,No,09-06-2022,No,0,0,0,0,,,,,,,,,
F749-A0E8,Female,19,Some Travel,Technology,26,4,Information Systems,Software Engineer,66119,No,12-06-2022,No,0,0,0,0,,,,,,,,,
422B-53AC,Non-Binary,29,Some Travel,Sales,29,2,Marketing ,Sales Executive,134537,Yes,16-06-2022,No,0,0,0,0,,,,,,,,,
AAD3-BCC1,Prefer Not To Say,18,Some Travel,Sales,9,3,Economics,Sales Executive,74515,No,19-06-2022,No,0,0,0,0,,,,,,,,,
F245-F338,Female,18,Frequent Traveller,Sales,26,3,Economics,Sales Executive,62054,No,21-06-2022,No,0,0,0,0,,,,,,,,,
921D-AE10,Female,46,No Travel ,Sales,24,4,Economics,Sales Executive,236103,No,21-06-2022,No,0,0,0,0,,,,,,,,,
E368-3CF3,Male,18,Some Travel,Sales,9,4,Marketing ,Sales Representative,61582,No,24-06-2022,No,0,0,0,0,,,,,,,,,
7B84-8387,Male,20,Some Travel,Technology,4,4,Information Systems,Data Scientist,34954,No,24-06-2022,No,0,0,0,0,,,,,,,,,
D380-A175,Male,18,Frequent Traveller,Sales,21,4,Marketing,Sales Representative,22889,No,25-06-2022,No,0,0,0,0,,,,,,,,,
078D-B654,Male,24,Some Travel,Technology,1,4,Computer Science,Senior Software Engineer,113262,No,30-06-2022,No,0,0,0,0,,,,,,,,,
F1A4-58F5,Male,19,Some Travel,Technology,21,1,Computer Science,Senior Software Engineer,71551,Yes,01-07-2022,No,0,0,0,0,,,,,,,,,
D6AB-ED90,Female,20,No Travel ,Technology,12,3,Information Systems,Software Engineer,29329,No,03-07-2022,No,0,0,0,0,,,,,,,,,
0D92-C1D0,Female,26,Some Travel,Technology,43,3,Other,Machine Learning Engineer,125232,No,07-07-2022,No,0,0,0,0,,,,,,,,,
A3AE-B510,Male,31,Some Travel,Technology,28,4,Information Systems,Engineering Manager,353335,Yes,07-07-2022,No,0,0,0,0,,,,,,,,,
C1BA-AB7C,Male,27,Some Travel,Technology,19,4,Business Studies,Engineering Manager,118176,No,14-07-2022,No,0,0,0,0,,,,,,,,,
FBAF-649F,Female,19,Some Travel,Technology,33,3,Information Systems,Machine Learning Engineer,53571,Yes,16-07-2022,No,0,0,0,0,,,,,,,,,
F45B-1442,Male,29,Some Travel,Human Resources,41,3,Human Resources,HR Executive,142773,Yes,16-07-2022,No,0,0,0,0,,,,,,,,,
DC50-0336,Female,31,No Travel ,Technology,38,2,Information Systems,Machine Learning Engineer,272255,No,20-07-2022,No,0,0,0,0,,,,,,,,,
D051-2C2D,Non-Binary,20,Some Travel,Sales,43,5,Marketing,Sales Executive,39145,No,25-07-2022,No,0,0,0,0,,,,,,,,,
FC2A-4F21,Male,32,Some Travel,Sales,14,3,Economics,Sales Executive,173656,No,26-07-2022,No,0,0,0,0,,,,,,,,,
4044-F6D4,Male,40,Some Travel,Technology,33,3,Business Studies,Senior Software Engineer,271683,Yes,26-07-2022,No,0,0,0,0,,,,,,,,,
D8E6-5593,Non-Binary,19,Some Travel,Sales,38,4,Marketing ,Sales Representative,51132,Yes,09-08-2022,No,0,0,0,0,,,,,,,,,
116F-33F1,Male,19,Frequent Traveller,Sales,43,1,Marketing ,Sales Executive,65010,No,15-08-2022,No,0,0,0,0,,,,,,,,,
D210-D451,Male,21,Some Travel,Technology,43,3,Computer Science,Machine Learning Engineer,59158,Yes,20-08-2022,No,0,0,0,0,,,,,,,,,
7ED6-BEC8,Female,20,Frequent Traveller,Technology,2,1,Information Systems,Software Engineer,38009,No,24-08-2022,No,0,0,0,0,,,,,,,,,
C4F7-E118,Female,21,Frequent Traveller,Technology,27,3,Information Systems,Data Scientist,72355,No,24-08-2022,No,0,0,0,0,,,,,,,,,
1268-3038,Female,21,Some Travel,Technology,22,3,Information Systems,Data Scientist,32456,No,24-08-2022,No,0,0,0,0,,,,,,,,,
6725-A678,Male,19,Some Travel,Sales,43,2,Marketing ,Sales Executive,61811,No,26-08-2022,No,0,0,0,0,,,,,,,,,
5154-0F13,Male,19,Frequent Traveller,Sales,44,3,Marketing,Sales Executive,37645,No,27-08-2022,No,0,0,0,0,,,,,,,,,
E496-0D9E,Male,26,Some Travel,Sales,11,4,Marketing ,Sales Executive,63478,No,31-08-2022,No,0,0,0,0,,,,,,,,,
DC3D-9231,Female,18,Some Travel,Technology,20,4,Computer Science,Machine Learning Engineer,44770,No,02-09-2022,No,0,0,0,0,,,,,,,,,
CE47-9991,Male,40,Some Travel,Sales,36,4,Marketing,Sales Executive,194967,No,03-09-2022,No,0,0,0,0,,,,,,,,,
B140-AF36,Female,18,Some Travel,Human Resources,22,3,Marketing ,Recruiter,31024,No,04-09-2022,No,0,0,0,0,,,,,,,,,
B684-6C98,Male,31,Some Travel,Sales,19,2,Marketing,Sales Executive,96806,Yes,04-09-2022,No,0,0,0,0,,,,,,,,,
30CC-0FDE,Female,19,Some Travel,Sales,15,1,Marketing,Sales Representative,44782,No,06-09-2022,No,0,0,0,0,,,,,,,,,
5E73-CE19,Female,29,Some Travel,Technology,3,2,Other,Software Engineer,314181,Yes,13-09-2022,No,0,0,0,0,,,,,,,,,
E442-5985,Male,32,No Travel ,Technology,5,4,Computer Science,Data Scientist,124429,No,13-09-2022,No,0,0,0,0,,,,,,,,,
6614-06D8,Male,20,Frequent Traveller,Sales,25,4,Marketing,Sales Representative,29872,No,16-09-2022,No,0,0,0,0,,,,,,,,,
372C-E204,Female,35,Some Travel,Technology,44,4,Computer Science,Data Scientist,455643,Yes,21-09-2022,No,0,0,0,0,,,,,,,,,
A4FE-424E,Male,34,Frequent Traveller,Technology,38,5,Information Systems,Senior Software Engineer,311310,Yes,21-09-2022,No,0,0,0,0,,,,,,,,,
5021-423E,Male,18,Frequent Traveller,Technology,25,4,Information Systems,Data Scientist,72639,No,28-09-2022,No,0,0,0,0,,,,,,,,,
04D3-B8D3,Female,24,Frequent Traveller,Technology,23,4,Computer Science,Senior Software Engineer,158437,No,03-10-2022,No,0,0,0,0,,,,,,,,,
964B-0E97,Female,32,Some Travel,Technology,8,3,Information Systems,Senior Software Engineer,111619,No,06-10-2022,No,0,0,0,0,,,,,,,,,
2BF6-ACD3,Female,19,Some Travel,Technology,15,3,Information Systems,Software Engineer,47707,No,07-10-2022,No,0,0,0,0,,,,,,,,,
6163-2BE8,Female,32,Some Travel,Sales,14,3,Marketing ,Sales Executive,181293,No,08-10-2022,No,0,0,0,0,,,,,,,,,
5982-CF7A,Non-Binary,21,Some Travel,Technology,2,4,Computer Science,Machine Learning Engineer,69344,No,08-10-2022,No,0,0,0,0,,,,,,,,,
6051-1F41,Female,32,Some Travel,Sales,31,4,Marketing ,Sales Executive,161538,Yes,10-10-2022,No,0,0,0,0,,,,,,,,,
6D1C-BAF1,Male,19,Some Travel,Technology,29,4,Other,Senior Software Engineer,54824,Yes,12-10-2022,No,0,0,0,0,,,,,,,,,
CE3C-15A7,Female,18,Some Travel,Technology,15,4,Information Systems,Data Scientist,58262,No,14-10-2022,No,0,0,0,0,,,,,,,,,
4A5B-6102,Male,19,Some Travel,Technology,23,3,Computer Science,Senior Software Engineer,67873,Yes,15-10-2022,No,0,0,0,0,,,,,,,,,
018B-DF1E,Female,19,Some Travel,Sales,1,1,Economics,Sales Representative,24499,Yes,17-10-2022,No,0,0,0,0,,,,,,,,,
611A-F218,Female,20,Some Travel,Technology,32,2,Information Systems,Data Scientist,24504,No,19-10-2022,No,0,0,0,0,,,,,,,,,
9C97-B634,Female,19,Some Travel,Human Resources,20,2,Economics,Recruiter,21026,No,24-10-2022,No,0,0,0,0,,,,,,,,,
C472-DAAD,Non-Binary,18,Frequent Traveller,Sales,38,1,Economics,Sales Executive,59962,Yes,29-10-2022,No,0,0,0,0,,,,,,,,,
F062-0B8F,Female,29,Some Travel,Technology,25,2,Information Systems,Analytics Manager,374977,No,03-11-2022,No,0,0,0,0,,,,,,,,,
A08B-F4B1,Male,33,Frequent Traveller,Technology,29,3,Computer Science,Machine Learning Engineer,240197,No,08-11-2022,No,0,0,0,0,,,,,,,,,
8695-09EC,Female,33,Frequent Traveller,Technology,5,2,Computer Science,Machine Learning Engineer,249325,No,09-11-2022,No,0,0,0,0,,,,,,,,,
7563-AFCC,Non-Binary,23,Some Travel,Technology,30,4,Information Systems,Machine Learning Engineer,96942,No,11-11-2022,No,0,0,0,0,,,,,,,,,
FF42-EA28,Female,18,Some Travel,Technology,14,1,Computer Science,Data Scientist,28246,No,13-11-2022,No,0,0,0,0,,,,,,,,,
23B5-93C9,Prefer Not To Say,31,Frequent Traveller,Technology,12,2,Computer Science,Software Engineer,103429,No,20-11-2022,No,0,0,0,0,,,,,,,,,
9160-043F,Female,29,Some Travel,Technology,30,4,Business Studies,Machine Learning Engineer,220896,No,22-11-2022,No,0,0,0,0,,,,,,,,,
542E-321D,Male,30,No Travel ,Technology,25,3,Information Systems,Machine Learning Engineer,248259,No,24-11-2022,No,0,0,0,0,,,,,,,,,
06B1-2653,Male,19,Frequent Traveller,Technology,26,3,Information Systems,Software Engineer,27474,No,08-12-2022,No,0,0,0,0,,,,,,,,,
CB16-C876,Female,19,Some Travel,Technology,2,3,Computer Science,Data Scientist,26973,No,11-12-2022,No,0,0,0,0,,,,,,,,,
8A34-59DF,Non-Binary,19,Some Travel,Technology,5,2,Computer Science,Software Engineer,35372,No,14-12-2022,No,0,0,0,0,,,,,,,,,
85B2-41F5,Prefer Not To Say,19,Some Travel,Technology,35,3,Information Systems,Data Scientist,39722,No,15-12-2022,No,0,0,0,0,,,,,,,,,
324B-F4DF,Female,20,No Travel ,Technology,13,4,Business Studies,Software Engineer,42097,No,18-12-2022,No,0,0,0,0,,,,,,,,,
8B55-CBEC,Male,40,Some Travel,Technology,30,3,Information Systems,Senior Software Engineer,291663,No,18-12-2022,No,0,0,0,0,,,,,,,,,
CABE-0B62,Female,23,Some Travel,Sales,43,5,Marketing ,Sales Executive,121414,No,21-12-2022,No,0,0,0,0,,,,,,,,,
467E-977A,Male,20,Some Travel,Technology,28,2,Computer Science,Software Engineer,38508,No,26-12-2022,No,0,0,0,0,,,,,,,,,
6FB9-A624,Non-Binary,27,Some Travel,Technology,8,3,Business Studies,Senior Software Engineer,92995,No,30-12-2022,No,0,0,0,0,,,,,,,,,
EBF4-5928,Male,21,Some Travel,Sales,4,4,Marketing,Sales Executive,63375,No,30-12-2022,No,0,0,0,0,,,,,,,,,
60E6-B1D9,Male,21,Some Travel,Technology,7,3,Information Systems,Data Scientist,46521,No,30-12-2022,No,0,0,0,0,,,,,,,,,
84D4-D4C3,Female,20,No Travel ,Technology,28,2,Computer Science,Data Scientist,38258,No,31-12-2022,No,0,0,0,0,,,,,,,,,
